batch_key,source_id,year,rank,category,distinction,source_url,venue_name,city_label,country_label,venue_category,venue_status,price_symbol_raw,note
michelin-2026-france,michelin,2026,,Three Stars,,https://guide.michelin.com/en/bretagne/saint-mloir-des-ondes/restaurant/le-coquillage,Le Coquillage,Saint-Méloir-des-Ondes,France,restaurant,,,
michelin-2026-france,michelin,2026,,Three Stars,,https://guide.michelin.com/en/pays-de-la-loire/l-herbaudire/restaurant/la-marine3780,La Marine,L'Herbaudière,France,restaurant,,,
michelin-2026-france,michelin,2026,,Three Stars,,https://guide.michelin.com/en/nouvelle-aquitaine/la-rochelle/restaurant/christopher-coutanceau,Christopher Coutanceau,La Rochelle,France,restaurant,,,
michelin-2026-france,michelin,2026,,Three Stars,,https://guide.michelin.com/en/ile-de-france/paris/restaurant/le-pre-catelan,Le Pré Catelan,Paris,France,restaurant,,,
michelin-2026-france,michelin,2026,,Three Stars,,https://guide.michelin.com/en/ile-de-france/paris/restaurant/le-cinq6102,Le Cinq,Paris,France,restaurant,,,
michelin-2026-france,michelin,2026,,Three Stars,,https://guide.michelin.com/en/ile-de-france/paris/restaurant/pierre-gagnaire6112,Pierre Gagnaire,Paris,France,restaurant,,,
michelin-2026-france,michelin,2026,,Three Stars,,https://guide.michelin.com/en/ile-de-france/paris/restaurant/epicure,Épicure,Paris,France,restaurant,,,
michelin-2026-france,michelin,2026,,Three Stars,,https://guide.michelin.com/en/ile-de-france/paris/restaurant/le-gabriel476630,Le Gabriel - La Réserve Paris,Paris,France,restaurant,,,
michelin-2026-france,michelin,2026,,Three Stars,,https://guide.michelin.com/en/ile-de-france/paris/restaurant/arpege,Arpège,Paris,France,restaurant,,,
michelin-2026-france,michelin,2026,,Three Stars,,https://guide.michelin.com/en/ile-de-france/paris/restaurant/alleno-paris-au-pavillon-ledoyen,Alléno Paris au Pavillon Ledoyen,Paris,France,restaurant,,,
michelin-2026-france,michelin,2026,,Three Stars,,https://guide.michelin.com/en/ile-de-france/paris/restaurant/kei,Kei,Paris,France,restaurant,,,
michelin-2026-france,michelin,2026,,Three Stars,,https://guide.michelin.com/en/ile-de-france/paris/restaurant/plenitude-cheval-blanc-paris,Plénitude - Cheval Blanc Paris,Paris,France,restaurant,,,
michelin-2026-france,michelin,2026,,Three Stars,,https://guide.michelin.com/en/nouvelle-aquitaine/eugnie-les-bains/restaurant/les-pres-d-eugenie-michel-guerard,Les Prés d'Eugénie - Michel Guérard,Eugénie-les-Bains,France,restaurant,,,
michelin-2026-france,michelin,2026,,Three Stars,,https://guide.michelin.com/en/grand-est/reims/restaurant/assiette-champenoise,Assiette Champenoise,Reims,France,restaurant,,,
michelin-2026-france,michelin,2026,,Three Stars,,https://guide.michelin.com/en/auvergne-rhone-alpes/ouches/restaurant/troisgros-le-bois-sans-feuilles,Troisgros - Le Bois sans Feuilles,Ouches,France,restaurant,,,
michelin-2026-france,michelin,2026,,Three Stars,,https://guide.michelin.com/en/bourgogne-franche-comte/chagny/restaurant/maison-lameloise,Maison Lameloise,Chagny,France,restaurant,,,
michelin-2026-france,michelin,2026,,Three Stars,,https://guide.michelin.com/en/occitanie/fontjoncouse/restaurant/auberge-du-vieux-puits,Auberge du Vieux Puits,Fontjoncouse,France,restaurant,,,
michelin-2026-france,michelin,2026,,Three Stars,,https://guide.michelin.com/en/auvergne-rhone-alpes/saint-bonnet-le-froid/restaurant/restaurant-marcon,Restaurant Marcon,Saint-Bonnet-le-Froid,France,restaurant,,,
michelin-2026-france,michelin,2026,,Three Stars,,https://guide.michelin.com/en/auvergne-rhone-alpes/valence/restaurant/pic,Pic,Valence,France,restaurant,,,
michelin-2026-france,michelin,2026,,Three Stars,,https://guide.michelin.com/en/auvergne-rhone-alpes/jongieux/restaurant/les-morainieres,Les Morainières,Jongieux,France,restaurant,,,
michelin-2026-france,michelin,2026,,Three Stars,,https://guide.michelin.com/en/auvergne-rhone-alpes/annecy/restaurant/le-clos-des-sens,Le Clos des Sens,Annecy,France,restaurant,,,
michelin-2026-france,michelin,2026,,Three Stars,,https://guide.michelin.com/en/provence-alpes-cote-dazur/les-baux-de-provence/restaurant/l-oustau-de-baumaniere,L'Oustau de Baumanière,Les Baux-de-Provence,France,restaurant,,,
michelin-2026-france,michelin,2026,,Three Stars,,https://guide.michelin.com/en/auvergne-rhone-alpes/megve/restaurant/flocons-de-sel,Flocons de Sel,Megève,France,restaurant,,,
michelin-2026-france,michelin,2026,,Three Stars,,https://guide.michelin.com/en/auvergne-rhone-alpes/courchevel/restaurant/le-1947,Le 1947 à Cheval Blanc,Courchevel,France,restaurant,,,
michelin-2026-france,michelin,2026,,Three Stars,,https://guide.michelin.com/en/provence-alpes-cote-dazur/marseille/restaurant/le-petit-nice,Le Petit Nice,Marseille,France,restaurant,,,
michelin-2026-france,michelin,2026,,Three Stars,,https://guide.michelin.com/en/provence-alpes-cote-dazur/marseille/restaurant/am-par-alexandre-mazzia,AM par Alexandre Mazzia,Marseille,France,restaurant,,,
michelin-2026-france,michelin,2026,,Three Stars,,https://guide.michelin.com/en/provence-alpes-cote-dazur/cassis/restaurant/la-villa-madie,La Villa Madie,Cassis,France,restaurant,,,
michelin-2026-france,michelin,2026,,Three Stars,,https://guide.michelin.com/en/provence-alpes-cote-dazur/le-castellet/restaurant/la-table-du-castellet,La Table du Castellet,Le Castellet,France,restaurant,,,
michelin-2026-france,michelin,2026,,Three Stars,,https://guide.michelin.com/en/provence-alpes-cote-dazur/saint-tropez/restaurant/la-vague-d-or-cheval-blanc-st-tropez,La Vague d'Or - Cheval Blanc St-Tropez,Saint-Tropez,France,restaurant,,,
michelin-2026-france,michelin,2026,,Three Stars,,https://guide.michelin.com/en/provence-alpes-cote-dazur/menton/restaurant/mirazur,Mirazur,Menton,France,restaurant,,,
michelin-2026-france,michelin,2026,,Two Stars,,https://guide.michelin.com/en/bretagne/plomodiern/restaurant/l-auberge-des-glazicks,L'Auberge des Glazicks,Plomodiern,France,restaurant,,,
michelin-2026-france,michelin,2026,,Two Stars,,https://guide.michelin.com/en/bretagne/saint-grgoire/restaurant/maison-ronan-kervarrec,Maison Ronan Kervarrec,Saint-Grégoire,France,restaurant,,,
michelin-2026-france,michelin,2026,,Two Stars,,https://guide.michelin.com/en/pays-de-la-loire/la-plaine-sur-mer/restaurant/anne-de-bretagne,Anne de Bretagne,La Plaine-sur-Mer,France,restaurant,,,
michelin-2026-france,michelin,2026,,Two Stars,,https://guide.michelin.com/en/hauts-de-france/la-madelaine-sous-montreuil/restaurant/la-grenouillere,La Grenouillère,La Madelaine-sous-Montreuil,France,restaurant,,,
michelin-2026-france,michelin,2026,,Two Stars,,https://guide.michelin.com/en/nouvelle-aquitaine/pyla-sur-mer/restaurant/le-skiff-club,Le Skiff Club,Pyla-sur-Mer,France,restaurant,,,
michelin-2026-france,michelin,2026,,Two Stars,,https://guide.michelin.com/en/nouvelle-aquitaine/ciboure/restaurant/ekaitza,Ekaitza,Ciboure,France,restaurant,,,
michelin-2026-france,michelin,2026,,Two Stars,,https://guide.michelin.com/en/hauts-de-france/busnes/restaurant/la-table-de-christophe-dufossé,La Table de Christophe Dufossé,Busnes,France,restaurant,,,
michelin-2026-france,michelin,2026,,Two Stars,,https://guide.michelin.com/en/nouvelle-aquitaine/bordeaux/restaurant/maison-nouvelle,Maison Nouvelle,Bordeaux,France,restaurant,,,
michelin-2026-france,michelin,2026,,Two Stars,,https://guide.michelin.com/en/nouvelle-aquitaine/bordeaux/restaurant/le-pressoir-d-argent-gordon-ramsay,Le Pressoir d'Argent - Gordon Ramsay,Bordeaux,France,restaurant,,,
michelin-2026-france,michelin,2026,,Two Stars,,https://guide.michelin.com/en/nouvelle-aquitaine/martillac/restaurant/la-grand-vigne,La Grand'Vigne - Les Sources de Caudalie,Martillac,France,restaurant,,,
michelin-2026-france,michelin,2026,,Two Stars,,https://guide.michelin.com/en/hauts-de-france/marcq-en-barul/restaurant/rozo-1202595,Rozó,Marcq-en-Barœul,France,restaurant,,,
michelin-2026-france,michelin,2026,,Two Stars,,https://guide.michelin.com/en/centre-val-de-loire/blois/restaurant/christophe-hay-fleur-de-loire,Christophe Hay - Fleur de Loire,Blois,France,restaurant,,,
michelin-2026-france,michelin,2026,,Two Stars,,https://guide.michelin.com/en/nouvelle-aquitaine/bommes/restaurant/lalique,Lalique,Bommes,France,restaurant,,,
michelin-2026-france,michelin,2026,,Two Stars,,https://guide.michelin.com/en/nouvelle-aquitaine/saint-milion/restaurant/la-table-de-pavie,La Table de Pavie,Saint-Emilion,France,restaurant,,,
michelin-2026-france,michelin,2026,,Two Stars,,https://guide.michelin.com/en/ile-de-france/ville-d-avray/restaurant/le-corot,Le Corot,Ville-d'Avray,France,restaurant,,,
michelin-2026-france,michelin,2026,,Two Stars,,https://guide.michelin.com/en/ile-de-france/paris/restaurant/l-oiseau-blanc,L'Oiseau Blanc,Paris,France,restaurant,,,
michelin-2026-france,michelin,2026,,Two Stars,,https://guide.michelin.com/en/ile-de-france/paris/restaurant/maison-rostang,Maison Rostang,Paris,France,restaurant,,,
michelin-2026-france,michelin,2026,,Two Stars,,https://guide.michelin.com/en/ile-de-france/paris/restaurant/le-taillevent,Le Taillevent,Paris,France,restaurant,,,
michelin-2026-france,michelin,2026,,Two Stars,,https://guide.michelin.com/en/ile-de-france/paris/restaurant/blanc-1211547,Blanc,Paris,France,restaurant,,,
michelin-2026-france,michelin,2026,,Two Stars,,https://guide.michelin.com/en/ile-de-france/paris/restaurant/l-orangerie505878,L'Orangerie,Paris,France,restaurant,,,
michelin-2026-france,michelin,2026,,Two Stars,,https://guide.michelin.com/en/ile-de-france/paris/restaurant/le-jules-verne,Le Jules Verne,Paris,France,restaurant,,,
michelin-2026-france,michelin,2026,,Two Stars,,https://guide.michelin.com/en/ile-de-france/paris/restaurant/le-meurice-alain-ducasse,Restaurant Le Meurice Alain Ducasse,Paris,France,restaurant,,,
michelin-2026-france,michelin,2026,,Two Stars,,https://guide.michelin.com/en/ile-de-france/paris/restaurant/la-scene,La Scène,Paris,France,restaurant,,,
michelin-2026-france,michelin,2026,,Two Stars,,https://guide.michelin.com/en/ile-de-france/paris/restaurant/le-grand-restaurant-jean-francois-piege,Le Grand Restaurant - Jean-François Piège,Paris,France,restaurant,,,
michelin-2026-france,michelin,2026,,Two Stars,,https://guide.michelin.com/en/ile-de-france/paris/restaurant/le-clarence,Le Clarence,Paris,France,restaurant,,,
michelin-2026-france,michelin,2026,,Two Stars,,https://guide.michelin.com/en/ile-de-france/paris/restaurant/david-toutain,David Toutain,Paris,France,restaurant,,,
michelin-2026-france,michelin,2026,,Two Stars,,https://guide.michelin.com/en/ile-de-france/paris/restaurant/l-abysse-paris,L'Abysse Paris,Paris,France,restaurant,,,
michelin-2026-france,michelin,2026,,Two Stars,,https://guide.michelin.com/en/ile-de-france/paris/restaurant/marsan-par-helene-darroze,Marsan par Hélène Darroze,Paris,France,restaurant,,,
michelin-2026-france,michelin,2026,,Two Stars,,https://guide.michelin.com/en/ile-de-france/paris/restaurant/hakuba,Hakuba,Paris,France,restaurant,,,
michelin-2026-france,michelin,2026,,Two Stars,,https://guide.michelin.com/en/ile-de-france/paris/restaurant/guy-savoy,Guy Savoy,Paris,France,restaurant,,,
michelin-2026-france,michelin,2026,,Two Stars,,https://guide.michelin.com/en/ile-de-france/paris/restaurant/sushi-yoshinaga,Sushi Yoshinaga,Paris,France,restaurant,,,
michelin-2026-france,michelin,2026,,Two Stars,,https://guide.michelin.com/en/ile-de-france/paris/restaurant/alliance,Alliance,Paris,France,restaurant,,,
michelin-2026-france,michelin,2026,,Two Stars,,https://guide.michelin.com/en/ile-de-france/paris/restaurant/table-bruno-verjus,Table - Bruno Verjus,Paris,France,restaurant,,,
michelin-2026-france,michelin,2026,,Two Stars,,https://guide.michelin.com/en/ile-de-france/paris/restaurant/l-ambroisie,L'Ambroisie,Paris,France,restaurant,,,
michelin-2026-france,michelin,2026,,Two Stars,,https://guide.michelin.com/en/ile-de-france/paris/restaurant/virtus,Virtus,Paris,France,restaurant,,,
michelin-2026-france,michelin,2026,,Two Stars,,https://guide.michelin.com/en/grand-est/reims/restaurant/arbane,Arbane,Reims,France,restaurant,,,
michelin-2026-france,michelin,2026,,Two Stars,,https://guide.michelin.com/en/grand-est/reims/restaurant/racine,Racine,Reims,France,restaurant,,,
michelin-2026-france,michelin,2026,,Two Stars,,https://guide.michelin.com/en/grand-est/reims/restaurant/le-parc-les-crayeres,Le Parc Les Crayères,Reims,France,restaurant,,,
michelin-2026-france,michelin,2026,,Two Stars,,https://guide.michelin.com/en/bourgogne-franche-comte/joigny/restaurant/la-cote-saint-jacques,La Côte Saint-Jacques,Joigny,France,restaurant,,,
michelin-2026-france,michelin,2026,,Two Stars,,https://guide.michelin.com/en/occitanie/toulouse/restaurant/py-r,Py-r,Toulouse,France,restaurant,,,
michelin-2026-france,michelin,2026,,Two Stars,,https://guide.michelin.com/en/auvergne-rhone-alpes/clermont-ferrand/restaurant/le-pre-xavier-beaudiment,Le Pré - Xavier Beaudiment,Clermont-Ferrand,France,restaurant,,,
michelin-2026-france,michelin,2026,,Two Stars,,https://guide.michelin.com/en/bourgogne-franche-comte/saulieu/restaurant/la-cote-d-or,La Côte d'Or,Saulieu,France,restaurant,,,
michelin-2026-france,michelin,2026,,Two Stars,,https://guide.michelin.com/en/auvergne-rhone-alpes/chaudes-aigues/restaurant/serge-vieira,Serge Vieira,Chaudes-Aigues,France,restaurant,,,
michelin-2026-france,michelin,2026,,Two Stars,,https://guide.michelin.com/en/bourgogne-franche-comte/charolles/restaurant/frederic-doucet,Frédéric Doucet,Charolles,France,restaurant,,,
michelin-2026-france,michelin,2026,,Two Stars,,https://guide.michelin.com/en/occitanie/carcassonne/restaurant/la-table-de-franck-putelat,La Table de Franck Putelat,Carcassonne,France,restaurant,,,
michelin-2026-france,michelin,2026,,Two Stars,,https://guide.michelin.com/en/occitanie/aumont-aubrac/restaurant/cyril-attrazic,Cyril Attrazic,Aumont-Aubrac,France,restaurant,,,
michelin-2026-france,michelin,2026,,Two Stars,,https://guide.michelin.com/en/grand-est/langres/restaurant/bulle-d-osier,Bulle d'Osier,Langres,France,restaurant,,,
michelin-2026-france,michelin,2026,,Two Stars,,https://guide.michelin.com/en/bourgogne-franche-comte/dijon/restaurant/william-frachot,William Frachot,Dijon,France,restaurant,,,
michelin-2026-france,michelin,2026,,Two Stars,,https://guide.michelin.com/en/bourgogne-franche-comte/saint-rmy/restaurant/cedric-burtin,Cédric Burtin,Saint-Rémy,France,restaurant,,,
michelin-2026-france,michelin,2026,,Two Stars,,https://guide.michelin.com/en/occitanie/narbonne/restaurant/la-table-lionel-giraud,La Table Lionel Giraud,Narbonne,France,restaurant,,,
michelin-2026-france,michelin,2026,,Two Stars,,https://guide.michelin.com/en/auvergne-rhone-alpes/vonnas/restaurant/georges-blanc,Georges Blanc,Vonnas,France,restaurant,,,
michelin-2026-france,michelin,2026,,Two Stars,,https://guide.michelin.com/en/auvergne-rhone-alpes/collonges-au-mont-d-or/restaurant/paul-bocuse,Paul Bocuse,Collonges-au-Mont-d'Or,France,restaurant,,,
michelin-2026-france,michelin,2026,,Two Stars,,https://guide.michelin.com/en/auvergne-rhone-alpes/lyon/restaurant/mere-brazier,Mère Brazier,Lyon,France,restaurant,,,
michelin-2026-france,michelin,2026,,Two Stars,,https://guide.michelin.com/en/auvergne-rhone-alpes/lyon/restaurant/takao-takano,Takao Takano,Lyon,France,restaurant,,,
michelin-2026-france,michelin,2026,,Two Stars,,https://guide.michelin.com/en/auvergne-rhone-alpes/lyon/restaurant/le-neuvieme-art,Le Neuvième Art,Lyon,France,restaurant,,,
michelin-2026-france,michelin,2026,,Two Stars,,https://guide.michelin.com/en/auvergne-rhone-alpes/vienne/restaurant/la-pyramide-maison-henriroux,La Pyramide - Maison Henriroux,Vienne,France,restaurant,,,
michelin-2026-france,michelin,2026,,Two Stars,,https://guide.michelin.com/en/grand-est/wingen-sur-moder/restaurant/villa-rene-lalique,Villa René Lalique,Wingen-sur-Moder,France,restaurant,,,
michelin-2026-france,michelin,2026,,Two Stars,,https://guide.michelin.com/en/grand-est/laubach/restaurant/la-merise,La Merise,Laubach,France,restaurant,,,
michelin-2026-france,michelin,2026,,Two Stars,,https://guide.michelin.com/en/occitanie/nimes/restaurant/duende,Duende,Nîmes,France,restaurant,,,
michelin-2026-france,michelin,2026,,Two Stars,,https://guide.michelin.com/en/grand-est/obernai/restaurant/la-fourchette-des-ducs,La Fourchette des Ducs,Obernai,France,restaurant,,,
michelin-2026-france,michelin,2026,,Two Stars,,https://guide.michelin.com/en/grand-est/kaysersberg/restaurant/la-table-d-olivier-nasti,La Table d'Olivier Nasti,Kaysersberg,France,restaurant,,,
michelin-2026-france,michelin,2026,,Two Stars,,https://guide.michelin.com/en/occitanie/garons/restaurant/michel-kayser-restaurant-alexandre,Michel Kayser - Restaurant Alexandre,Garons,France,restaurant,,,
michelin-2026-france,michelin,2026,,Two Stars,,https://guide.michelin.com/en/grand-est/illhaeusern/restaurant/auberge-de-l-ill,Auberge de l'Ill,Illhaeusern,France,restaurant,,,
michelin-2026-france,michelin,2026,,Two Stars,,https://guide.michelin.com/en/grand-est/colmar/restaurant/jy-s,JY'S,Colmar,France,restaurant,,,
michelin-2026-france,michelin,2026,,Two Stars,,https://guide.michelin.com/en/auvergne-rhone-alpes/annecy/restaurant/maison-benoit-vidal,Maison Benoît Vidal,Annecy,France,restaurant,,,
michelin-2026-france,michelin,2026,,Two Stars,,https://guide.michelin.com/en/auvergne-rhone-alpes/veyrier-du-lac/restaurant/la-table-de-yoann-conte,La Table de Yoann Conte,Veyrier-du-Lac,France,restaurant,,,
michelin-2026-france,michelin,2026,,Two Stars,,https://guide.michelin.com/en/provence-alpes-cote-dazur/saint-rmy-de-provence/restaurant/l-auberge-de-saint-remy-fanny-rey-and-jonathan-wahid,L'Auberge de Saint-Rémy - Fanny Rey & Jonathan Wahid,Saint-Rémy-de-Provence,France,restaurant,,,
michelin-2026-france,michelin,2026,,Two Stars,,https://guide.michelin.com/en/auvergne-rhone-alpes/talloires-montmin/restaurant/jean-sulpice,Jean Sulpice,Talloires-Montmin,France,restaurant,,,
michelin-2026-france,michelin,2026,,Two Stars,,https://guide.michelin.com/en/auvergne-rhone-alpes/talloires-montmin/restaurant/l-auberge-de-montmin,L'Auberge de Montmin,Talloires-Montmin,France,restaurant,,,
michelin-2026-france,michelin,2026,,Two Stars,,https://guide.michelin.com/en/auvergne-rhone-alpes/uriage-les-bains/restaurant/maison-aribert,Maison Aribert,Uriage-les-Bains,France,restaurant,,,
michelin-2026-france,michelin,2026,,Two Stars,,https://guide.michelin.com/en/provence-alpes-cote-dazur/bonnieux/restaurant/la-table-des-amis,La Table des Amis,Bonnieux,France,restaurant,,,
michelin-2026-france,michelin,2026,,Two Stars,,https://guide.michelin.com/en/auvergne-rhone-alpes/saint-martin-de-belleville/restaurant/rene-et-maxime-meilleur,René et Maxime Meilleur,Saint-Martin-de-Belleville,France,restaurant,,,
michelin-2026-france,michelin,2026,,Two Stars,,https://guide.michelin.com/en/auvergne-rhone-alpes/courchevel/restaurant/slalom-1850,Slalom 1850,Courchevel,France,restaurant,,,
michelin-2026-france,michelin,2026,,Two Stars,,https://guide.michelin.com/en/auvergne-rhone-alpes/courchevel/restaurant/sylvestre-wahid-les-grandes-alpes,Sylvestre Wahid - Les Grandes Alpes,Courchevel,France,restaurant,,,
michelin-2026-france,michelin,2026,,Two Stars,,https://guide.michelin.com/en/provence-alpes-cote-dazur/ramatuelle/restaurant/la-voile,La Voile - La Réserve Ramatuelle,Ramatuelle,France,restaurant,,,
michelin-2026-france,michelin,2026,,Two Stars,,https://guide.michelin.com/en/provence-alpes-cote-dazur/le-cannet/restaurant/villa-archange,La Villa Archange,Le Cannet,France,restaurant,,,
michelin-2026-france,michelin,2026,,Two Stars,,https://guide.michelin.com/en/provence-alpes-cote-dazur/nice/restaurant/flaveur,Flaveur,Nice,France,restaurant,,,
michelin-2026-france,michelin,2026,,Two Stars,,https://guide.michelin.com/en/provence-alpes-cote-dazur/ze/restaurant/la-chevre-d-or,La Chèvre d'Or,Èze,France,restaurant,,,
michelin-2026-france,michelin,2026,,Two Stars,,https://guide.michelin.com/en/corse/porto-vecchio/restaurant/casadelmar,Casadelmar,Porto-Vecchio,France,restaurant,,,
michelin-2026-france,michelin,2026,,One Star,,https://guide.michelin.com/en/bretagne/plougonvelin/restaurant/hostellerie-de-la-pointe-st-mathieu,Hostellerie de la Pointe Saint-Mathieu,Plougonvelin,France,restaurant,,,
michelin-2026-france,michelin,2026,,One Star,,https://guide.michelin.com/en/bretagne/brest/restaurant/l-embrun,L'Embrun,Brest,France,restaurant,,,
michelin-2026-france,michelin,2026,,One Star,,https://guide.michelin.com/en/bretagne/plouider/restaurant/la-table-de-la-butte,La Table de La Butte,Plouider,France,restaurant,,,
michelin-2026-france,michelin,2026,,One Star,,https://guide.michelin.com/en/bretagne/roscoff/restaurant/nori,Nori,Roscoff,France,restaurant,,,
michelin-2026-france,michelin,2026,,One Star,,https://guide.michelin.com/en/bretagne/saint-pol-de-lon/restaurant/la-pomme-d-api,La Pomme d'Api,Saint-Pol-de-Léon,France,restaurant,,,
michelin-2026-france,michelin,2026,,One Star,,https://guide.michelin.com/en/bretagne/plomeur_1568548/restaurant/nuance-1215929,Nuance,Plomeur,France,restaurant,,,
michelin-2026-france,michelin,2026,,One Star,,https://guide.michelin.com/en/bretagne/carantec/restaurant/nicolas-carro,Nicolas Carro - Hôtel de Carantec,Carantec,France,restaurant,,,
michelin-2026-france,michelin,2026,,One Star,,https://guide.michelin.com/en/bretagne/quimper/restaurant/allium,Allium,Quimper,France,restaurant,,,
michelin-2026-france,michelin,2026,,One Star,,https://guide.michelin.com/en/bretagne/combrit/restaurant/les-trois-rochers,Les Trois Rochers,Combrit,France,restaurant,,,
michelin-2026-france,michelin,2026,,One Star,,https://guide.michelin.com/en/bretagne/trbeurden/restaurant/manoir-de-lan-kerellec,Manoir de Lan-Kerellec,Trébeurden,France,restaurant,,,
michelin-2026-france,michelin,2026,,One Star,,https://guide.michelin.com/en/bretagne/lannion/restaurant/l-anthocyane,L'Anthocyane,Lannion,France,restaurant,,,
michelin-2026-france,michelin,2026,,One Star,,https://guide.michelin.com/en/bretagne/nevez/restaurant/ar-men-du,Ar Men Du,Névez,France,restaurant,,,
michelin-2026-france,michelin,2026,,One Star,,https://guide.michelin.com/en/bretagne/pont-aven/restaurant/moulin-de-rosmadec,Rosmadec Le Moulin,Pont-Aven,France,restaurant,,,
michelin-2026-france,michelin,2026,,One Star,,https://guide.michelin.com/en/bretagne/lorient/restaurant/louise1000376,Louise,Lorient,France,restaurant,,,
michelin-2026-france,michelin,2026,,One Star,,https://guide.michelin.com/en/bretagne/fr-port-louis/restaurant/avel-vor,Avel Vor,Port-Louis,France,restaurant,,,
michelin-2026-france,michelin,2026,,One Star,,https://guide.michelin.com/en/bretagne/kervignac/restaurant/l-inattendu-domaine-de-locguenole,L'Inattendu - Domaine de Locguénolé,Kervignac,France,restaurant,,,
michelin-2026-france,michelin,2026,,One Star,,https://guide.michelin.com/en/bretagne/binic/restaurant/la-table-d-asten,La Table d'Asten,Binic,France,restaurant,,,
michelin-2026-france,michelin,2026,,One Star,,https://guide.michelin.com/en/bretagne/mr-de-bretagne/restaurant/auberge-grand-maison,Auberge Grand'Maison,Mûr-de-Bretagne,France,restaurant,,,
michelin-2026-france,michelin,2026,,One Star,,https://guide.michelin.com/en/bretagne/saint-brieuc/restaurant/aux-pesked,Aux Pesked,Saint-Brieuc,France,restaurant,,,
michelin-2026-france,michelin,2026,,One Star,,https://guide.michelin.com/en/bretagne/plerin/restaurant/la-vieille-tour7741,La Vieille Tour,Plérin,France,restaurant,,,
michelin-2026-france,michelin,2026,,One Star,,https://guide.michelin.com/en/bretagne/carnac/restaurant/cote-cuisine,Côté Cuisine,Carnac,France,restaurant,,,
michelin-2026-france,michelin,2026,,One Star,,https://guide.michelin.com/en/bretagne/baden/restaurant/le-gavrinis,Le Gavrinis,Baden,France,restaurant,,,
michelin-2026-france,michelin,2026,,One Star,,https://guide.michelin.com/en/bretagne/saint-av/restaurant/le-pressoir,Le Pressoir,Saint-Avé,France,restaurant,,,
michelin-2026-france,michelin,2026,,One Star,,https://guide.michelin.com/en/bretagne/vannes/restaurant/la-tete-en-l-air,La Tête en l'air,Vannes,France,restaurant,,,
michelin-2026-france,michelin,2026,,One Star,,https://guide.michelin.com/en/bretagne/vannes/restaurant/la-table-domaine-du-liziec,La Table - Domaine du Liziec,Vannes,France,restaurant,,,
michelin-2026-france,michelin,2026,,One Star,,https://guide.michelin.com/en/normandie/cherbourg-en-cotentin/restaurant/le-pily,Le Pily,Cherbourg-en-Cotentin,France,restaurant,,,
michelin-2026-france,michelin,2026,,One Star,,https://guide.michelin.com/en/bretagne/dinard/restaurant/pourquoi-pas,Pourquoi Pas,Dinard,France,restaurant,,,
michelin-2026-france,michelin,2026,,One Star,,https://guide.michelin.com/en/bretagne/saint-malo/restaurant/le-st-placide,Le Saint Placide,Saint-Malo,France,restaurant,,,
michelin-2026-france,michelin,2026,,One Star,,https://guide.michelin.com/en/bretagne/cancale/restaurant/la-table-breizh-cafe,La Table Breizh Café,Cancale,France,restaurant,,,
michelin-2026-france,michelin,2026,,One Star,,https://guide.michelin.com/en/normandie/blainville-sur-mer/restaurant/le-mascaret,Le Mascaret,Blainville-sur-Mer,France,restaurant,,,
michelin-2026-france,michelin,2026,,One Star,,https://guide.michelin.com/en/bretagne/guer/restaurant/maison-tiegezh,Maison Tiegezh,Guer,France,restaurant,,,
michelin-2026-france,michelin,2026,,One Star,,https://guide.michelin.com/en/pays-de-la-loire/saint-joachim/restaurant/la-mare-aux-oiseaux,La Mare aux Oiseaux,Saint-Joachim,France,restaurant,,,
michelin-2026-france,michelin,2026,,One Star,,https://guide.michelin.com/en/normandie/servon/restaurant/auberge-sauvage,Auberge Sauvage,Servon,France,restaurant,,,
michelin-2026-france,michelin,2026,,One Star,,https://guide.michelin.com/en/bretagne/rennes/restaurant/ima,Ima,Rennes,France,restaurant,,,
michelin-2026-france,michelin,2026,,One Star,,https://guide.michelin.com/en/bretagne/rennes/restaurant/racines542026,Racines,Rennes,France,restaurant,,,
michelin-2026-france,michelin,2026,,One Star,,https://guide.michelin.com/en/normandie/saint-l/restaurant/intuition,Intuition,Saint-Lô,France,restaurant,,,
michelin-2026-france,michelin,2026,,One Star,,https://guide.michelin.com/en/bretagne/noyal-sur-vilaine/restaurant/auberge-du-pont-d-acigne,Auberge du Pont d'Acigné,Noyal-sur-Vilaine,France,restaurant,,,
michelin-2026-france,michelin,2026,,One Star,,https://guide.michelin.com/en/bretagne/pire-chance/restaurant/la-table-des-peres-domaine-du-chateau-des-peres,La Table des Pères - Domaine du Château des Pères,Piré-Chancé,France,restaurant,,,
michelin-2026-france,michelin,2026,,One Star,,https://guide.michelin.com/en/pays-de-la-loire/nantes/restaurant/l-atlantide-1874-maison-gueho,L'Atlantide 1874 - Maison Guého,Nantes,France,restaurant,,,
michelin-2026-france,michelin,2026,,One Star,,https://guide.michelin.com/en/pays-de-la-loire/brtignolles-sur-mer/restaurant/jean-marc-perochon,Jean-Marc Pérochon,Bretignolles-sur-Mer,France,restaurant,,,
michelin-2026-france,michelin,2026,,One Star,,https://guide.michelin.com/en/pays-de-la-loire/nantes/restaurant/omija,Omija,Nantes,France,restaurant,,,
michelin-2026-france,michelin,2026,,One Star,,https://guide.michelin.com/en/pays-de-la-loire/nantes/restaurant/lulurouget,LuluRouget,Nantes,France,restaurant,,,
michelin-2026-france,michelin,2026,,One Star,,https://guide.michelin.com/en/pays-de-la-loire/nantes/restaurant/manoir-de-la-regate,Le Manoir de la Régate,Nantes,France,restaurant,,,
michelin-2026-france,michelin,2026,,One Star,,https://guide.michelin.com/en/pays-de-la-loire/nantes/restaurant/les-cadets,Les Cadets,Nantes,France,restaurant,,,
michelin-2026-france,michelin,2026,,One Star,,https://guide.michelin.com/en/pays-de-la-loire/nantes/restaurant/freia,Freia,Nantes,France,restaurant,,,
michelin-2026-france,michelin,2026,,One Star,,https://guide.michelin.com/en/pays-de-la-loire/brem-sur-mer/restaurant/les-genets,Les Genêts,Brem-sur-Mer,France,restaurant,,,
michelin-2026-france,michelin,2026,,One Star,,https://guide.michelin.com/en/pays-de-la-loire/les-sorinieres/restaurant/le-1201-abbaye-de-villeneuve,Le 1201 - Abbaye de Villeneuve,Les Sorinières,France,restaurant,,,
michelin-2026-france,michelin,2026,,One Star,,https://guide.michelin.com/en/pays-de-la-loire/les-sables-d-olonne/restaurant/l-abissiou,L'Abissiou,Les Sables-d'Olonne,France,restaurant,,,
michelin-2026-france,michelin,2026,,One Star,,https://guide.michelin.com/en/normandie/la-ferrire-aux-tangs/restaurant/auberge-de-la-mine,Auberge de la Mine,La Ferrière-aux-Étangs,France,restaurant,,,
michelin-2026-france,michelin,2026,,One Star,,https://guide.michelin.com/en/normandie/cabourg/restaurant/symbiose-1211835,Symbiose,Cabourg,France,restaurant,,,
michelin-2026-france,michelin,2026,,One Star,,https://guide.michelin.com/en/pays-de-la-loire/montreverd/restaurant/la-chabotterie,La Chabotterie,Montréverd,France,restaurant,,,
michelin-2026-france,michelin,2026,,One Star,,https://guide.michelin.com/en/pays-de-la-loire/mayenne/restaurant/l-eveil-des-sens,L'Éveil des Sens,Mayenne,France,restaurant,,,
michelin-2026-france,michelin,2026,,One Star,,https://guide.michelin.com/en/pays-de-la-loire/montaigu/restaurant/la-robe,La Robe,Montaigu,France,restaurant,,,
michelin-2026-france,michelin,2026,,One Star,,https://guide.michelin.com/en/normandie/bagnoles-de-l-orne/restaurant/le-manoir-du-lys,Le Manoir du Lys,Bagnoles-de-l'Orne,France,restaurant,,,
michelin-2026-france,michelin,2026,,One Star,,https://guide.michelin.com/en/pays-de-la-loire/la-roche-sur-yon/restaurant/les-reflets,Les Reflets,La Roche-sur-Yon,France,restaurant,,,
michelin-2026-france,michelin,2026,,One Star,,https://guide.michelin.com/en/normandie/deauville/restaurant/maximin-hellio,Maximin Hellio,Deauville,France,restaurant,,,
michelin-2026-france,michelin,2026,,One Star,,https://guide.michelin.com/en/normandie/deauville/restaurant/l-essentiel255041,L'Essentiel,Deauville,France,restaurant,,,
michelin-2026-france,michelin,2026,,One Star,,https://guide.michelin.com/en/normandie/valmont/restaurant/maison-caillet,Maison Caillet,Valmont,France,restaurant,,,
michelin-2026-france,michelin,2026,,One Star,,https://guide.michelin.com/en/normandie/argentan/restaurant/la-renaissance433,La Renaissance,Argentan,France,restaurant,,,
michelin-2026-france,michelin,2026,,One Star,,https://guide.michelin.com/en/pays-de-la-loire/mareuil-sur-lay/restaurant/maison-desamy,Maison Desamy,Mareuil-sur-Lay-Dissais,France,restaurant,,,
michelin-2026-france,michelin,2026,,One Star,,https://guide.michelin.com/en/nouvelle-aquitaine/la-flotte/restaurant/l-ecailler,L'Écailler,La Flotte,France,restaurant,,,
michelin-2026-france,michelin,2026,,One Star,,https://guide.michelin.com/en/pays-de-la-loire/bouchemaine_1570563/restaurant/lueurs,Lueurs,Bouchemaine,France,restaurant,,,
michelin-2026-france,michelin,2026,,One Star,,https://guide.michelin.com/en/pays-de-la-loire/angers/restaurant/lait-thym-sel,Lait Thym Sel,Angers,France,restaurant,,,
michelin-2026-france,michelin,2026,,One Star,,https://guide.michelin.com/en/pays-de-la-loire/bellevigne-en-layon_7770388/restaurant/la-table-de-la-bergerie,La Table de la Bergerie,Bellevigne-en-Layon,France,restaurant,,,
michelin-2026-france,michelin,2026,,One Star,,https://guide.michelin.com/en/normandie/rives-en-seine_7770403/restaurant/g-a-au-manoir-de-retival,G.a. au Manoir de Rétival,Rives-en-Seine,France,restaurant,,,
michelin-2026-france,michelin,2026,,One Star,,https://guide.michelin.com/en/hauts-de-france/le-touquet-paris-plage/restaurant/le-pavillon9000,Le Pavillon - Hôtel Westminster,Le Touquet-Paris-Plage,France,restaurant,,,
michelin-2026-france,michelin,2026,,One Star,,https://guide.michelin.com/en/pays-de-la-loire/le-mans/restaurant/l-auberge-de-bagatelle,L'Auberge de Bagatelle,Le Mans,France,restaurant,,,
michelin-2026-france,michelin,2026,,One Star,,https://guide.michelin.com/en/normandie/rouen/restaurant/l-odas,L'Odas,Rouen,France,restaurant,,,
michelin-2026-france,michelin,2026,,One Star,,https://guide.michelin.com/en/pays-de-la-loire/fontevraud-l-abbaye/restaurant/fontevraud-l-ermitage,Fontevraud L'Ermitage,Fontevraud-l'Abbaye,France,restaurant,,,
michelin-2026-france,michelin,2026,,One Star,,https://guide.michelin.com/en/hauts-de-france/saint-omer/restaurant/bacove,Bacôve,Saint-Omer,France,restaurant,,,
michelin-2026-france,michelin,2026,,One Star,,https://guide.michelin.com/en/normandie/lyons-la-fort/restaurant/la-licorne-royale,La Licorne Royale,Lyons-la-Forêt,France,restaurant,,,
michelin-2026-france,michelin,2026,,One Star,,https://guide.michelin.com/en/nouvelle-aquitaine/ars/restaurant/nacre,Nacre,Arès,France,restaurant,,,
michelin-2026-france,michelin,2026,,One Star,,https://guide.michelin.com/en/nouvelle-aquitaine/arcachon/restaurant/le-patio396,Le Patio,Arcachon,France,restaurant,,,
michelin-2026-france,michelin,2026,,One Star,,https://guide.michelin.com/en/hauts-de-france/cassel/restaurant/haut-bonheur-de-la-table,Haut Bonheur de la Table,Cassel,France,restaurant,,,
michelin-2026-france,michelin,2026,,One Star,,https://guide.michelin.com/en/centre-val-de-loire/azay-le-rideau/restaurant/auberge-pom-poire,Auberge Pom'Poire,Azay-le-Rideau,France,restaurant,,,
michelin-2026-france,michelin,2026,,One Star,,https://guide.michelin.com/en/normandie/giverny/restaurant/le-jardin-des-plumes,Le Jardin des Plumes,Giverny,France,restaurant,,,
michelin-2026-france,michelin,2026,,One Star,,https://guide.michelin.com/en/nouvelle-aquitaine/saint-jean-de-luz/restaurant/le-kaiku,Le Kaïku,Saint-Jean-de-Luz,France,restaurant,,,
michelin-2026-france,michelin,2026,,One Star,,https://guide.michelin.com/en/nouvelle-aquitaine/cognac/restaurant/notes,Notes,Cognac,France,restaurant,,,
michelin-2026-france,michelin,2026,,One Star,,https://guide.michelin.com/en/nouvelle-aquitaine/cognac/restaurant/les-foudres,Les Foudres,Cognac,France,restaurant,,,
michelin-2026-france,michelin,2026,,One Star,,https://guide.michelin.com/en/nouvelle-aquitaine/guthary/restaurant/briketenia,Briketenia,Guéthary,France,restaurant,,,
michelin-2026-france,michelin,2026,,One Star,,https://guide.michelin.com/en/nouvelle-aquitaine/biarritz/restaurant/la-table-d-aurelien-largeau,La Table d'Aurélien Largeau,Biarritz,France,restaurant,,,
michelin-2026-france,michelin,2026,,One Star,,https://guide.michelin.com/en/centre-val-de-loire/fondettes/restaurant/l-opidom,L'Opidom,Fondettes,France,restaurant,,,
michelin-2026-france,michelin,2026,,One Star,,https://guide.michelin.com/en/nouvelle-aquitaine/bidart/restaurant/les-freres-ibarboure,Les Frères Ibarboure,Bidart,France,restaurant,,,
michelin-2026-france,michelin,2026,,One Star,,https://guide.michelin.com/en/centre-val-de-loire/sach/restaurant/auberge-du-xiie-siecle,Auberge du XIIème Siècle,Saché,France,restaurant,,,
michelin-2026-france,michelin,2026,,One Star,,https://guide.michelin.com/en/nouvelle-aquitaine/biarritz/restaurant/l-impertinent,L'Impertinent,Biarritz,France,restaurant,,,
michelin-2026-france,michelin,2026,,One Star,,https://guide.michelin.com/en/ile-de-france/rolleboise/restaurant/le-panoramique-domaine-de-la-corniche,Le Panoramique - Domaine de la Corniche,Rolleboise,France,restaurant,,,
michelin-2026-france,michelin,2026,,One Star,,https://guide.michelin.com/en/nouvelle-aquitaine/saint-pe-sur-nivelle/restaurant/la-table-de-cedric-bechade-l-auberge-basque,La Table de Cédric Béchade - L'Auberge Basque,Saint-Pée-sur-Nivelle,France,restaurant,,,
michelin-2026-france,michelin,2026,,One Star,,https://guide.michelin.com/en/nouvelle-aquitaine/arcangues/restaurant/moulin-d-alotz,Moulin d'Alotz,Arcangues,France,restaurant,,,
michelin-2026-france,michelin,2026,,One Star,,https://guide.michelin.com/en/hauts-de-france/boeschepe/restaurant/auberge-du-vert-mont,Auberge du Vert Mont,Boeschepe,France,restaurant,,,
michelin-2026-france,michelin,2026,,One Star,,https://guide.michelin.com/en/nouvelle-aquitaine/seignosse/restaurant/villa-de-l-etang-blanc,Villa de l'Étang Blanc,Seignosse,France,restaurant,,,
michelin-2026-france,michelin,2026,,One Star,,https://guide.michelin.com/en/nouvelle-aquitaine/bourg-charente/restaurant/la-ribaudiere,La Ribaudière,Bourg-Charente,France,restaurant,,,
michelin-2026-france,michelin,2026,,One Star,,https://guide.michelin.com/en/centre-val-de-loire/montbazon/restaurant/l-evidence,L'Évidence,Montbazon,France,restaurant,,,
michelin-2026-france,michelin,2026,,One Star,,https://guide.michelin.com/en/nouvelle-aquitaine/ainhoa/restaurant/ithurria,Ithurria,Ainhoa,France,restaurant,,,
michelin-2026-france,michelin,2026,,One Star,,https://guide.michelin.com/en/nouvelle-aquitaine/saint-vincent-de-tyrosse/restaurant/le-hittau,Le Hittau,Saint-Vincent-de-Tyrosse,France,restaurant,,,
michelin-2026-france,michelin,2026,,One Star,,https://guide.michelin.com/en/nouvelle-aquitaine/magescq/restaurant/relais-de-la-poste11709,Relais de la Poste,Magescq,France,restaurant,,,
michelin-2026-france,michelin,2026,,One Star,,https://guide.michelin.com/en/nouvelle-aquitaine/espelette/restaurant/choko-ona,Choko Ona,Espelette,France,restaurant,,,
michelin-2026-france,michelin,2026,,One Star,,https://guide.michelin.com/en/nouvelle-aquitaine/bordeaux/restaurant/solena,Soléna,Bordeaux,France,restaurant,,,
michelin-2026-france,michelin,2026,,One Star,,https://guide.michelin.com/en/ile-de-france/gambais/restaurant/ruche,Ruche,Gambais,France,restaurant,,,
michelin-2026-france,michelin,2026,,One Star,,https://guide.michelin.com/en/centre-val-de-loire/chartres/restaurant/le-georges,Le Georges,Chartres,France,restaurant,,,
michelin-2026-france,michelin,2026,,One Star,,https://guide.michelin.com/en/nouvelle-aquitaine/bordeaux/restaurant/amicis,Amicis,Bordeaux,France,restaurant,,,
michelin-2026-france,michelin,2026,,One Star,,https://guide.michelin.com/en/nouvelle-aquitaine/bordeaux/restaurant/le-cent-33,Cent33,Bordeaux,France,restaurant,,,
michelin-2026-france,michelin,2026,,One Star,,https://guide.michelin.com/en/nouvelle-aquitaine/bordeaux/restaurant/le-pavillon-des-boulevards,Le Pavillon des Boulevards,Bordeaux,France,restaurant,,,
michelin-2026-france,michelin,2026,,One Star,,https://guide.michelin.com/en/nouvelle-aquitaine/bordeaux/restaurant/tentazioni,Tentazioni,Bordeaux,France,restaurant,,,
michelin-2026-france,michelin,2026,,One Star,,https://guide.michelin.com/en/nouvelle-aquitaine/bordeaux/restaurant/ressources,Ressources,Bordeaux,France,restaurant,,,
michelin-2026-france,michelin,2026,,One Star,,https://guide.michelin.com/en/nouvelle-aquitaine/lormont/restaurant/le-prince-noir-vivien-durand,Le Prince Noir - Vivien Durand,Lormont,France,restaurant,,,
michelin-2026-france,michelin,2026,,One Star,,https://guide.michelin.com/en/nouvelle-aquitaine/bordeaux/restaurant/l-oiseau-bleu,L'Oiseau Bleu,Bordeaux,France,restaurant,,,
michelin-2026-france,michelin,2026,,One Star,,https://guide.michelin.com/en/nouvelle-aquitaine/bordeaux/restaurant/la-table-d-hotes-le-quatrieme-mur,La Table d'Hôtes - Le Quatrième Mur,Bordeaux,France,restaurant,,,
michelin-2026-france,michelin,2026,,One Star,,https://guide.michelin.com/en/nouvelle-aquitaine/hasparren/restaurant/la-maison-de-pierre,La Maison de Pierre,Hasparren,France,restaurant,,,
michelin-2026-france,michelin,2026,,One Star,,https://guide.michelin.com/en/nouvelle-aquitaine/bouliac/restaurant/le-saint-james,Le Saint-James,Bouliac,France,restaurant,,,
michelin-2026-france,michelin,2026,,One Star,,https://guide.michelin.com/en/nouvelle-aquitaine/bidarray/restaurant/lore-ttipia-auberge-ostape,Lore Ttipia - Auberge Ostape,Bidarray,France,restaurant,,,
michelin-2026-france,michelin,2026,,One Star,,https://guide.michelin.com/en/centre-val-de-loire/amboise/restaurant/chateau-de-pray,Château de Pray,Amboise,France,restaurant,,,
michelin-2026-france,michelin,2026,,One Star,,https://guide.michelin.com/en/hauts-de-france/lille/restaurant/le-restaurant-du-cerisier,Le Restaurant du Cerisier,Lille,France,restaurant,,,
michelin-2026-france,michelin,2026,,One Star,,https://guide.michelin.com/en/ile-de-france/pontoise/restaurant/l-or-q-idee,L'Or Q'idée,Pontoise,France,restaurant,,,
michelin-2026-france,michelin,2026,,One Star,,https://guide.michelin.com/en/hauts-de-france/lille/restaurant/ginko,Ginko,Lille,France,restaurant,,,
michelin-2026-france,michelin,2026,,One Star,,https://guide.michelin.com/en/hauts-de-france/lille/restaurant/purete,Pureté,Lille,France,restaurant,,,
michelin-2026-france,michelin,2026,,One Star,,https://guide.michelin.com/en/centre-val-de-loire/loches/restaurant/arbore-sens,Arbore & Sens,Loches,France,restaurant,,,
michelin-2026-france,michelin,2026,,One Star,,https://guide.michelin.com/en/hauts-de-france/belle-glise/restaurant/la-grange-de-belle-eglise,La Grange de Belle-Église,Belle-Église,France,restaurant,,,
michelin-2026-france,michelin,2026,,One Star,,https://guide.michelin.com/en/hauts-de-france/villeneuve-d-ascq_1550830/restaurant/harmonie-1245894,Harmonie,Villeneuve-d'Ascq,France,restaurant,,,
michelin-2026-france,michelin,2026,,One Star,,https://guide.michelin.com/en/centre-val-de-loire/le-petit-pressigny/restaurant/la-promenade-maison-dallais,La Promenade - Maison Dallais,Le Petit-Pressigny,France,restaurant,,,
michelin-2026-france,michelin,2026,,One Star,,https://guide.michelin.com/en/hauts-de-france/touy/restaurant/l-oree-de-la-foret,L'Orée de la Forêt,Étouy,France,restaurant,,,
michelin-2026-france,michelin,2026,,One Star,,https://guide.michelin.com/en/hauts-de-france/croix/restaurant/arborescence,Arborescence,Croix,France,restaurant,,,
michelin-2026-france,michelin,2026,,One Star,,https://guide.michelin.com/en/centre-val-de-loire/blois/restaurant/assa,Assa,Blois,France,restaurant,,,
michelin-2026-france,michelin,2026,,One Star,,https://guide.michelin.com/en/nouvelle-aquitaine/puymoyen/restaurant/aumi,Aumì,Puymoyen,France,restaurant,,,
michelin-2026-france,michelin,2026,,One Star,,https://guide.michelin.com/en/ile-de-france/versailles/restaurant/gordon-ramsay-au-trianon,Gordon Ramsay au Trianon,Versailles,France,restaurant,,,
michelin-2026-france,michelin,2026,,One Star,,https://guide.michelin.com/en/ile-de-france/versailles/restaurant/ducasse-au-chateau-de-versailles-le-grand-controle,Ducasse au Château de Versailles - Le Grand Contrôle,Versailles,France,restaurant,,,
michelin-2026-france,michelin,2026,,One Star,,https://guide.michelin.com/en/ile-de-france/rueil-malmaison/restaurant/ochre,Ochre,Rueil-Malmaison,France,restaurant,,,
michelin-2026-france,michelin,2026,,One Star,,https://guide.michelin.com/en/nouvelle-aquitaine/sauternes/restaurant/le-cercle-guiraud,Le Cercle Guiraud,Sauternes,France,restaurant,,,
michelin-2026-france,michelin,2026,,One Star,,https://guide.michelin.com/en/nouvelle-aquitaine/saint-milion/restaurant/logis-de-la-cadene,Logis de la Cadène,Saint-Emilion,France,restaurant,,,
michelin-2026-france,michelin,2026,,One Star,,https://guide.michelin.com/en/centre-val-de-loire/montlivault/restaurant/ezia,Ezia,Montlivault,France,restaurant,,,
michelin-2026-france,michelin,2026,,One Star,,https://guide.michelin.com/en/ile-de-france/versailles/restaurant/la-table-du-11,La Table du 11,Versailles,France,restaurant,,,
michelin-2026-france,michelin,2026,,One Star,,https://guide.michelin.com/en/centre-val-de-loire/cellettes/restaurant/granica,Granica,Cellettes,France,restaurant,,,
michelin-2026-france,michelin,2026,,One Star,,https://guide.michelin.com/en/nouvelle-aquitaine/saint-milion/restaurant/les-belles-perdrix-de-troplong-mondot,Les Belles Perdrix de Troplong Mondot,Saint-Emilion,France,restaurant,,,
michelin-2026-france,michelin,2026,,One Star,,https://guide.michelin.com/en/nouvelle-aquitaine/saint-jean-de-blaignac/restaurant/auberge-st-jean,L'Auberge Saint Jean,Saint-Jean-de-Blaignac,France,restaurant,,,
michelin-2026-france,michelin,2026,,One Star,,https://guide.michelin.com/en/ile-de-france/paris/restaurant/la-grande-cascade,La Grande Cascade,Paris,France,restaurant,,,
michelin-2026-france,michelin,2026,,One Star,,https://guide.michelin.com/en/ile-de-france/meudon/restaurant/l-escarbille,L'Escarbille,Meudon,France,restaurant,,,
michelin-2026-france,michelin,2026,,One Star,,https://guide.michelin.com/en/centre-val-de-loire/cheverny/restaurant/le-favori-les-sources-de-cheverny,Le Favori - Les Sources de Cheverny,Cheverny,France,restaurant,,,
michelin-2026-france,michelin,2026,,One Star,,https://guide.michelin.com/en/hauts-de-france/chantilly/restaurant/le-verbois,Le Verbois,Chantilly,France,restaurant,,,
michelin-2026-france,michelin,2026,,One Star,,https://guide.michelin.com/en/ile-de-france/paris/restaurant/bellefeuille-saint-james-paris,Bellefeuille - Saint James Paris,Paris,France,restaurant,,,
michelin-2026-france,michelin,2026,,One Star,,https://guide.michelin.com/en/ile-de-france/issy-les-moulineaux/restaurant/maison-avoise,Maison Avoise,Issy-les-Moulineaux,France,restaurant,,,
michelin-2026-france,michelin,2026,,One Star,,https://guide.michelin.com/en/ile-de-france/paris/restaurant/geoelia,Geoélia,Paris,France,restaurant,,,
michelin-2026-france,michelin,2026,,One Star,,https://guide.michelin.com/en/ile-de-france/paris/restaurant/imperial-treasure1186891,Imperial Treasure,Paris,France,restaurant,,,
michelin-2026-france,michelin,2026,,One Star,,https://guide.michelin.com/en/ile-de-france/paris/restaurant/le-faham,Le Faham,Paris,France,restaurant,,,
michelin-2026-france,michelin,2026,,One Star,,https://guide.michelin.com/en/ile-de-france/paris/restaurant/substance,Substance,Paris,France,restaurant,,,
michelin-2026-france,michelin,2026,,One Star,,https://guide.michelin.com/en/ile-de-france/paris/restaurant/jacques-faussat,Jacques Faussat,Paris,France,restaurant,,,
michelin-2026-france,michelin,2026,,One Star,,https://guide.michelin.com/en/ile-de-france/paris/restaurant/comice,Comice,Paris,France,restaurant,,,
michelin-2026-france,michelin,2026,,One Star,,https://guide.michelin.com/en/ile-de-france/paris/restaurant/zostera,Zostera,Paris,France,restaurant,,,
michelin-2026-france,michelin,2026,,One Star,,https://guide.michelin.com/en/ile-de-france/paris/restaurant/astrance,Astrance,Paris,France,restaurant,,,
michelin-2026-france,michelin,2026,,One Star,,https://guide.michelin.com/en/ile-de-france/paris/restaurant/frederic-simonin,Frédéric Simonin,Paris,France,restaurant,,,
michelin-2026-france,michelin,2026,,One Star,,https://guide.michelin.com/en/ile-de-france/paris/restaurant/nomicos,Nomicos,Paris,France,restaurant,,,
michelin-2026-france,michelin,2026,,One Star,,https://guide.michelin.com/en/ile-de-france/paris/restaurant/agape,Agapé,Paris,France,restaurant,,,
michelin-2026-france,michelin,2026,,One Star,,https://guide.michelin.com/en/ile-de-france/paris/restaurant/l-archeste,L'Archeste,Paris,France,restaurant,,,
michelin-2026-france,michelin,2026,,One Star,,https://guide.michelin.com/en/ile-de-france/paris/restaurant/l-atelier-de-joel-robuchon-etoile,L'Atelier de Joël Robuchon - Étoile,Paris,France,restaurant,,,
michelin-2026-france,michelin,2026,,One Star,,https://guide.michelin.com/en/ile-de-france/paris/restaurant/onor,Onor,Paris,France,restaurant,,,
michelin-2026-france,michelin,2026,,One Star,,https://guide.michelin.com/en/ile-de-france/paris/restaurant/ortensia-1202241,Ōrtensia,Paris,France,restaurant,,,
michelin-2026-france,michelin,2026,,One Star,,https://guide.michelin.com/en/ile-de-france/paris/restaurant/le-george,Le George,Paris,France,restaurant,,,
michelin-2026-france,michelin,2026,,One Star,,https://guide.michelin.com/en/ile-de-france/paris/restaurant/il-carpaccio300866,Il Carpaccio,Paris,France,restaurant,,,
michelin-2026-france,michelin,2026,,One Star,,https://guide.michelin.com/en/ile-de-france/paris/restaurant/oxte,Oxte,Paris,France,restaurant,,,
michelin-2026-france,michelin,2026,,One Star,,https://guide.michelin.com/en/ile-de-france/paris/restaurant/alan-geaam,Alan Geaam,Paris,France,restaurant,,,
michelin-2026-france,michelin,2026,,One Star,,https://guide.michelin.com/en/ile-de-france/paris/restaurant/don-juan-ii,Don Juan II,Paris,France,restaurant,,,
michelin-2026-france,michelin,2026,,One Star,,https://guide.michelin.com/en/ile-de-france/paris/restaurant/mallory-gabsi,Mallory Gabsi,Paris,France,restaurant,,,
michelin-2026-france,michelin,2026,,One Star,,https://guide.michelin.com/en/ile-de-france/paris/restaurant/episodes,Épisodes,Paris,France,restaurant,,,
michelin-2026-france,michelin,2026,,One Star,,https://guide.michelin.com/en/ile-de-france/paris/restaurant/trente-trois,Trente-Trois,Paris,France,restaurant,,,
michelin-2026-france,michelin,2026,,One Star,,https://guide.michelin.com/en/ile-de-france/paris/restaurant/le-baudelaire,Le Baudelaire,Paris,France,restaurant,,,
michelin-2026-france,michelin,2026,,One Star,,https://guide.michelin.com/en/ile-de-france/paris/restaurant/la-grande-du-plaza-athenee,La Grande Table du Plaza Athénée,Paris,France,restaurant,,,
michelin-2026-france,michelin,2026,,One Star,,https://guide.michelin.com/en/ile-de-france/paris/restaurant/heritages,Héritages,Paris,France,restaurant,,,
michelin-2026-france,michelin,2026,,One Star,,https://guide.michelin.com/en/ile-de-france/paris/restaurant/irwin,Irwin,Paris,France,restaurant,,,
michelin-2026-france,michelin,2026,,One Star,,https://guide.michelin.com/en/ile-de-france/paris/restaurant/origines-restaurant,Origines Restaurant,Paris,France,restaurant,,,
michelin-2026-france,michelin,2026,,One Star,,https://guide.michelin.com/en/ile-de-france/paris/restaurant/gaya-par-pierre-gagnaire,Gaya par Pierre Gagnaire,Paris,France,restaurant,,,
michelin-2026-france,michelin,2026,,One Star,,https://guide.michelin.com/en/ile-de-france/paris/restaurant/pilgrim1000208,Pilgrim,Paris,France,restaurant,,,
michelin-2026-france,michelin,2026,,One Star,,https://guide.michelin.com/en/ile-de-france/paris/restaurant/contraste1186546,Contraste,Paris,France,restaurant,,,
michelin-2026-france,michelin,2026,,One Star,,https://guide.michelin.com/en/ile-de-france/paris/restaurant/anona,Anona,Paris,France,restaurant,,,
michelin-2026-france,michelin,2026,,One Star,,https://guide.michelin.com/en/ile-de-france/paris/restaurant/neige-d-ete,Neige d'Été,Paris,France,restaurant,,,
michelin-2026-france,michelin,2026,,One Star,,https://guide.michelin.com/en/ile-de-france/paris/restaurant/l-arome174292,L'Arôme,Paris,France,restaurant,,,
michelin-2026-france,michelin,2026,,One Star,,https://guide.michelin.com/en/ile-de-france/paris/restaurant/pur-jean-francois-rouquette,Pur' - Jean-François Rouquette,Paris,France,restaurant,,,
michelin-2026-france,michelin,2026,,One Star,,https://guide.michelin.com/en/ile-de-france/paris/restaurant/le-violon-d-ingres5989,Le Violon d'Ingres,Paris,France,restaurant,,,
michelin-2026-france,michelin,2026,,One Star,,https://guide.michelin.com/en/ile-de-france/paris/restaurant/pertinence,Pertinence,Paris,France,restaurant,,,
michelin-2026-france,michelin,2026,,One Star,,https://guide.michelin.com/en/ile-de-france/paris/restaurant/auguste,Auguste,Paris,France,restaurant,,,
michelin-2026-france,michelin,2026,,One Star,,https://guide.michelin.com/en/ile-de-france/paris/restaurant/114-faubourg,114 Faubourg,Paris,France,restaurant,,,
michelin-2026-france,michelin,2026,,One Star,,https://guide.michelin.com/en/ile-de-france/paris/restaurant/lasserre,Lasserre,Paris,France,restaurant,,,
michelin-2026-france,michelin,2026,,One Star,,https://guide.michelin.com/en/ile-de-france/paris/restaurant/espadon,Espadon,Paris,France,restaurant,,,
michelin-2026-france,michelin,2026,,One Star,,https://guide.michelin.com/en/ile-de-france/paris/restaurant/monsieur-dior-by-yannick-alleno,Monsieur Dior by Yannick Alléno,Paris,France,restaurant,,,
michelin-2026-france,michelin,2026,,One Star,,https://guide.michelin.com/en/ile-de-france/paris/restaurant/prevelle,Prévelle,Paris,France,restaurant,,,
michelin-2026-france,michelin,2026,,One Star,,https://guide.michelin.com/en/ile-de-france/paris/restaurant/pavyllon-paris,Pavyllon Paris,Paris,France,restaurant,,,
michelin-2026-france,michelin,2026,,One Star,,https://guide.michelin.com/en/ile-de-france/paris/restaurant/tomy-co,Tomy & Co,Paris,France,restaurant,,,
michelin-2026-france,michelin,2026,,One Star,,https://guide.michelin.com/en/ile-de-france/paris/restaurant/lucas-carton,Lucas Carton,Paris,France,restaurant,,,
michelin-2026-france,michelin,2026,,One Star,,https://guide.michelin.com/en/ile-de-france/paris/restaurant/divellec,Divellec,Paris,France,restaurant,,,
michelin-2026-france,michelin,2026,,One Star,,https://guide.michelin.com/en/ile-de-france/paris/restaurant/es,ES,Paris,France,restaurant,,,
michelin-2026-france,michelin,2026,,One Star,,https://guide.michelin.com/en/ile-de-france/paris/restaurant/akrame507272,Akrame,Paris,France,restaurant,,,
michelin-2026-france,michelin,2026,,One Star,,https://guide.michelin.com/en/ile-de-france/paris/restaurant/apicius6479,Apicius,Paris,France,restaurant,,,
michelin-2026-france,michelin,2026,,One Star,,https://guide.michelin.com/en/ile-de-france/paris/restaurant/aida,Aida,Paris,France,restaurant,,,
michelin-2026-france,michelin,2026,,One Star,,https://guide.michelin.com/en/ile-de-france/paris/restaurant/chakaiseiki-akiyoshi,Chakaiseki Akiyoshi,Paris,France,restaurant,,,
michelin-2026-france,michelin,2026,,One Star,,https://guide.michelin.com/en/ile-de-france/paris/restaurant/sushi-shunei,Sushi Shunei,Paris,France,restaurant,,,
michelin-2026-france,michelin,2026,,One Star,,https://guide.michelin.com/en/ile-de-france/paris/restaurant/pantagruel,Pantagruel,Paris,France,restaurant,,,
michelin-2026-france,michelin,2026,,One Star,,https://guide.michelin.com/en/ile-de-france/paris/restaurant/neso,NESO,Paris,France,restaurant,,,
michelin-2026-france,michelin,2026,,One Star,,https://guide.michelin.com/en/ile-de-france/paris/restaurant/fleur-de-pave,Fleur de Pavé,Paris,France,restaurant,,,
michelin-2026-france,michelin,2026,,One Star,,https://guide.michelin.com/en/ile-de-france/paris/restaurant/nakatani,Nakatani,Paris,France,restaurant,,,
michelin-2026-france,michelin,2026,,One Star,,https://guide.michelin.com/en/ile-de-france/paris/restaurant/yoshinori,Yoshinori,Paris,France,restaurant,,,
michelin-2026-france,michelin,2026,,One Star,,https://guide.michelin.com/en/ile-de-france/paris/restaurant/armani-ristorante,Armani Ristorante,Paris,France,restaurant,,,
michelin-2026-france,michelin,2026,,One Star,,https://guide.michelin.com/en/ile-de-france/paris/restaurant/sushi-b514232,Sushi B,Paris,France,restaurant,,,
michelin-2026-france,michelin,2026,,One Star,,https://guide.michelin.com/en/ile-de-france/paris/restaurant/quinsou,Quinsou,Paris,France,restaurant,,,
michelin-2026-france,michelin,2026,,One Star,,https://guide.michelin.com/en/ile-de-france/paris/restaurant/jin,Jin,Paris,France,restaurant,,,
michelin-2026-france,michelin,2026,,One Star,,https://guide.michelin.com/en/ile-de-france/paris/restaurant/omar-dhiab,Omar Dhiab,Paris,France,restaurant,,,
michelin-2026-france,michelin,2026,,One Star,,https://guide.michelin.com/en/ile-de-france/paris/restaurant/accents-table-bourse,Accents Table Bourse,Paris,France,restaurant,,,
michelin-2026-france,michelin,2026,,One Star,,https://guide.michelin.com/en/ile-de-france/paris/restaurant/nhome,Nhome,Paris,France,restaurant,,,
michelin-2026-france,michelin,2026,,One Star,,https://guide.michelin.com/en/ile-de-france/paris/restaurant/granite,Granite,Paris,France,restaurant,,,
michelin-2026-france,michelin,2026,,One Star,,https://guide.michelin.com/en/ile-de-france/paris/restaurant/le-tout-paris,Le Tout-Paris,Paris,France,restaurant,,,
michelin-2026-france,michelin,2026,,One Star,,https://guide.michelin.com/en/ile-de-france/paris/restaurant/maison-ruggieri-palais-royal,Maison Ruggieri Palais Royal,Paris,France,restaurant,,,
michelin-2026-france,michelin,2026,,One Star,,https://guide.michelin.com/en/ile-de-france/paris/restaurant/hanada,HANADA,Paris,France,restaurant,,,
michelin-2026-france,michelin,2026,,One Star,,https://guide.michelin.com/en/ile-de-france/paris/restaurant/mosuke,MoSuke,Paris,France,restaurant,,,
michelin-2026-france,michelin,2026,,One Star,,https://guide.michelin.com/en/ile-de-france/paris/restaurant/shabour,Shabour,Paris,France,restaurant,,,
michelin-2026-france,michelin,2026,,One Star,,https://guide.michelin.com/en/ile-de-france/paris/restaurant/ze-kitchen-galerie,Ze Kitchen Galerie,Paris,France,restaurant,,,
michelin-2026-france,michelin,2026,,One Star,,https://guide.michelin.com/en/ile-de-france/paris/restaurant/relais-louis-xiii,Relais Louis XIII,Paris,France,restaurant,,,
michelin-2026-france,michelin,2026,,One Star,,https://guide.michelin.com/en/ile-de-france/paris/restaurant/frenchie262795,Frenchie,Paris,France,restaurant,,,
michelin-2026-france,michelin,2026,,One Star,,https://guide.michelin.com/en/ile-de-france/paris/restaurant/datil,Datil,Paris,France,restaurant,,,
michelin-2026-france,michelin,2026,,One Star,,https://guide.michelin.com/en/ile-de-france/paris/restaurant/sola,Sola,Paris,France,restaurant,,,
michelin-2026-france,michelin,2026,,One Star,,https://guide.michelin.com/en/ile-de-france/paris/restaurant/anne,Anne,Paris,France,restaurant,,,
michelin-2026-france,michelin,2026,,One Star,,https://guide.michelin.com/en/ile-de-france/paris/restaurant/baieta,Baieta,Paris,France,restaurant,,,
michelin-2026-france,michelin,2026,,One Star,,https://guide.michelin.com/en/ile-de-france/paris/restaurant/qui-plume-la-lune,Qui Plume la Lune,Paris,France,restaurant,,,
michelin-2026-france,michelin,2026,,One Star,,https://guide.michelin.com/en/ile-de-france/paris/restaurant/restaurant-h,Restaurant H,Paris,France,restaurant,,,
michelin-2026-france,michelin,2026,,One Star,,https://guide.michelin.com/en/ile-de-france/paris/restaurant/mavrommatis,Mavrommatis,Paris,France,restaurant,,,
michelin-2026-france,michelin,2026,,One Star,,https://guide.michelin.com/en/ile-de-france/paris/restaurant/geosmine,Géosmine,Paris,France,restaurant,,,
michelin-2026-france,michelin,2026,,One Star,,https://guide.michelin.com/en/ile-de-france/paris/restaurant/le-sergent-recruteur,Le Sergent Recruteur,Paris,France,restaurant,,,
michelin-2026-france,michelin,2026,,One Star,,https://guide.michelin.com/en/ile-de-france/paris/restaurant/fief,FIEF,Paris,France,restaurant,,,
michelin-2026-france,michelin,2026,,One Star,,https://guide.michelin.com/en/ile-de-france/paris/restaurant/amalia,Amâlia,Paris,France,restaurant,,,
michelin-2026-france,michelin,2026,,One Star,,https://guide.michelin.com/en/ile-de-france/paris/restaurant/aldehyde,Aldehyde,Paris,France,restaurant,,,
michelin-2026-france,michelin,2026,,One Star,,https://guide.michelin.com/en/ile-de-france/paris/restaurant/solstice,Solstice,Paris,France,restaurant,,,
michelin-2026-france,michelin,2026,,One Star,,https://guide.michelin.com/en/ile-de-france/paris/restaurant/at,AT,Paris,France,restaurant,,,
michelin-2026-france,michelin,2026,,One Star,,https://guide.michelin.com/en/ile-de-france/paris/restaurant/septime,Septime,Paris,France,restaurant,,,
michelin-2026-france,michelin,2026,,One Star,,https://guide.michelin.com/en/ile-de-france/paris/restaurant/tour-d-argent,Tour d'Argent,Paris,France,restaurant,,,
michelin-2026-france,michelin,2026,,One Star,,https://guide.michelin.com/en/ile-de-france/paris/restaurant/automne,Automne,Paris,France,restaurant,,,
michelin-2026-france,michelin,2026,,One Star,,https://guide.michelin.com/en/nouvelle-aquitaine/montbron/restaurant/moulin-de-la-tardoire,Moulin de la Tardoire,Montbron,France,restaurant,,,
michelin-2026-france,michelin,2026,,One Star,,https://guide.michelin.com/en/ile-de-france/paris/restaurant/vaisseau,Vaisseau,Paris,France,restaurant,,,
michelin-2026-france,michelin,2026,,One Star,,https://guide.michelin.com/en/nouvelle-aquitaine/mont-de-marsan/restaurant/la-table-mirasol,La Table Mirasol,Mont-de-Marsan,France,restaurant,,,
michelin-2026-france,michelin,2026,,One Star,,https://guide.michelin.com/en/ile-de-france/montreuil-ile-de-france/restaurant/villa9trois,Villa9Trois,Montreuil,France,restaurant,,,
michelin-2026-france,michelin,2026,,One Star,,https://guide.michelin.com/en/nouvelle-aquitaine/massignac/restaurant/dyades-au-domaine-des-etangs,Dyades au Domaine des Étangs,Massignac,France,restaurant,,,
michelin-2026-france,michelin,2026,,One Star,,https://guide.michelin.com/en/ile-de-france/vincennes/restaurant/l-ours,L'Ours,Vincennes,France,restaurant,,,
michelin-2026-france,michelin,2026,,One Star,,https://guide.michelin.com/en/centre-val-de-loire/ardon/restaurant/la-table-christophe-hay,La Table - Christophe Hay,Ardon,France,restaurant,,,
michelin-2026-france,michelin,2026,,One Star,,https://guide.michelin.com/en/centre-val-de-loire/romorantin-lanthenay/restaurant/grand-hotel-du-lion-d-or,Grand Hôtel du Lion d'Or,Romorantin-Lanthenay,France,restaurant,,,
michelin-2026-france,michelin,2026,,One Star,,https://guide.michelin.com/en/nouvelle-aquitaine/eugnie-les-bains/restaurant/l-orangerie-1209337,L'Orangerie,Eugénie-les-Bains,France,restaurant,,,
michelin-2026-france,michelin,2026,,One Star,,https://guide.michelin.com/en/nouvelle-aquitaine/monestier/restaurant/les-fresques,Les Fresques - Château des Vigiers,Monestier,France,restaurant,,,
michelin-2026-france,michelin,2026,,One Star,,https://guide.michelin.com/en/nouvelle-aquitaine/brantme/restaurant/le-moulin-de-l-abbaye,Le Moulin de l'Abbaye,Brantôme,France,restaurant,,,
michelin-2026-france,michelin,2026,,One Star,,https://guide.michelin.com/en/hauts-de-france/bry_1545291/restaurant/le-camelia-1242759,Le Camélia,Bry,France,restaurant,,,
michelin-2026-france,michelin,2026,,One Star,,https://guide.michelin.com/en/hauts-de-france/trosly-loire_1550618/restaurant/auberge-de-la-grive,Auberge de la Grive,Trosly-Loire,France,restaurant,,,
michelin-2026-france,michelin,2026,,One Star,,https://guide.michelin.com/en/ile-de-france/couilly-pont-aux-dames/restaurant/auberge-de-la-brie,Auberge de la Brie,Couilly-Pont-aux-Dames,France,restaurant,,,
michelin-2026-france,michelin,2026,,One Star,,https://guide.michelin.com/en/nouvelle-aquitaine/monbazillac/restaurant/la-tour-des-vents,La Tour des Vents,Monbazillac,France,restaurant,,,
michelin-2026-france,michelin,2026,,One Star,,https://guide.michelin.com/en/ile-de-france/villeneuve-le-comte_1553696/restaurant/la-vieille-auberge-1206650,La Vieille Auberge,Villeneuve-le-Comte,France,restaurant,,,
michelin-2026-france,michelin,2026,,One Star,,https://guide.michelin.com/en/nouvelle-aquitaine/prigueux/restaurant/l-essentiel117707,L'Essentiel,Périgueux,France,restaurant,,,
michelin-2026-france,michelin,2026,,One Star,,https://guide.michelin.com/en/nouvelle-aquitaine/nieul_1470595/restaurant/chapelle-saint-martin,La Chapelle Saint-Martin,Nieul,France,restaurant,,,
michelin-2026-france,michelin,2026,,One Star,,https://guide.michelin.com/en/ile-de-france/fontainebleau/restaurant/l-axel,L'Axel,Fontainebleau,France,restaurant,,,
michelin-2026-france,michelin,2026,,One Star,,https://guide.michelin.com/en/nouvelle-aquitaine/trmolat/restaurant/le-vieux-logis,Le Vieux Logis,Trémolat,France,restaurant,,,
michelin-2026-france,michelin,2026,,One Star,,https://guide.michelin.com/en/hauts-de-france/courcelles-sur-vesle/restaurant/la-table-de-courcelles-chateau-de-courcelles,La Table de Courcelles - Château de Courcelles,Courcelles-sur-Vesle,France,restaurant,,,
michelin-2026-france,michelin,2026,,One Star,,https://guide.michelin.com/en/centre-val-de-loire/gien/restaurant/cote-jardin,Côté Jardin,Gien,France,restaurant,,,
michelin-2026-france,michelin,2026,,One Star,,https://guide.michelin.com/en/nouvelle-aquitaine/les-eyzies-de-tayac/restaurant/le-1862,Le 1862 - Les Glycines,Les Eyzies-de-Tayac-Sireuil,France,restaurant,,,
michelin-2026-france,michelin,2026,,One Star,,https://guide.michelin.com/en/centre-val-de-loire/boismorand/restaurant/auberge-des-templiers,Auberge des Templiers,Boismorand,France,restaurant,,,
michelin-2026-france,michelin,2026,,One Star,,https://guide.michelin.com/en/nouvelle-aquitaine/saint-leon-sur-vezere/restaurant/le-petit-leon,Le Petit Léon,Saint-Léon-sur-Vézère,France,restaurant,,,
michelin-2026-france,michelin,2026,,One Star,,https://guide.michelin.com/en/nouvelle-aquitaine/moirax/restaurant/auberge-le-prieure,Auberge Le Prieuré,Moirax,France,restaurant,,,
michelin-2026-france,michelin,2026,,One Star,,https://guide.michelin.com/en/bourgogne-franche-comte/sens/restaurant/la-madeleine,La Madeleine,Sens,France,restaurant,,,
michelin-2026-france,michelin,2026,,One Star,,https://guide.michelin.com/en/centre-val-de-loire/boulleret/restaurant/maison-medard,Maison Medard,Boulleret,France,restaurant,,,
michelin-2026-france,michelin,2026,,One Star,,https://guide.michelin.com/en/grand-est/reims/restaurant/le-millenaire,Le Millénaire,Reims,France,restaurant,,,
michelin-2026-france,michelin,2026,,One Star,,https://guide.michelin.com/en/centre-val-de-loire/sancerre/restaurant/la-pomme-d-or,La Pomme d'Or,Sancerre,France,restaurant,,,
michelin-2026-france,michelin,2026,,One Star,,https://guide.michelin.com/en/nouvelle-aquitaine/brive-la-gaillarde/restaurant/la-table-d-olivier,La Table d'Olivier,Brive-la-Gaillarde,France,restaurant,,,
michelin-2026-france,michelin,2026,,One Star,,https://guide.michelin.com/en/grand-est/vinay/restaurant/alcove,Alcôve,Vinay,France,restaurant,,,
michelin-2026-france,michelin,2026,,One Star,,https://guide.michelin.com/en/grand-est/montchenot/restaurant/le-grand-cerf,Le Grand Cerf,Montchenot,France,restaurant,,,
michelin-2026-france,michelin,2026,,One Star,,https://guide.michelin.com/en/occitanie/floressas_1492997/restaurant/holodeck,Holodeck,Floressas,France,restaurant,,,
michelin-2026-france,michelin,2026,,One Star,,https://guide.michelin.com/en/grand-est/champillon/restaurant/le-royal,Le Royal,Champillon,France,restaurant,,,
michelin-2026-france,michelin,2026,,One Star,,https://guide.michelin.com/en/bourgogne-franche-comte/chassy_1527287/restaurant/erre,Erre,Chassy,France,restaurant,,,
michelin-2026-france,michelin,2026,,One Star,,https://guide.michelin.com/en/occitanie/saint-mdard/restaurant/le-gindreau,Le Gindreau,Saint-Médard,France,restaurant,,,
michelin-2026-france,michelin,2026,,One Star,,https://guide.michelin.com/en/occitanie/parnac/restaurant/les-jardins,Les Jardins,Parnac,France,restaurant,,,
michelin-2026-france,michelin,2026,,One Star,,https://guide.michelin.com/en/occitanie/lacave/restaurant/chateau-de-la-treyne,Château de la Treyne,Lacave,France,restaurant,,,
michelin-2026-france,michelin,2026,,One Star,,https://guide.michelin.com/en/auvergne-rhone-alpes/montluon/restaurant/la-chapelle,La Chapelle - Château Saint-Jean,Montluçon,France,restaurant,,,
michelin-2026-france,michelin,2026,,One Star,,https://guide.michelin.com/en/occitanie/puylausic_1498483/restaurant/la-maison-despoues,La Maison Despouès,Puylausic,France,restaurant,,,
michelin-2026-france,michelin,2026,,One Star,,https://guide.michelin.com/en/grand-est/chlons-en-champagne/restaurant/jerome-feck,Jérôme Feck,Châlons-en-Champagne,France,restaurant,,,
michelin-2026-france,michelin,2026,,One Star,,https://guide.michelin.com/en/nouvelle-aquitaine/altillac/restaurant/cueillette,Cueillette,Altillac,France,restaurant,,,
michelin-2026-france,michelin,2026,,One Star,,https://guide.michelin.com/en/occitanie/saint-cr/restaurant/les-trois-soleils-de-montal,Les Trois Soleils de Montal,Saint-Céré,France,restaurant,,,
michelin-2026-france,michelin,2026,,One Star,,https://guide.michelin.com/en/occitanie/pujaudran/restaurant/le-puits-st-jacques,Le Puits Saint Jacques,Pujaudran,France,restaurant,,,
michelin-2026-france,michelin,2026,,One Star,,https://guide.michelin.com/en/occitanie/colomiers/restaurant/maison-pellestor-veyrier,Maison Pellestor Veyrier,Colomiers,France,restaurant,,,
michelin-2026-france,michelin,2026,,One Star,,https://guide.michelin.com/en/occitanie/toulouse/restaurant/l-ecorce-1243609,L'Écorce,Toulouse,France,restaurant,,,
michelin-2026-france,michelin,2026,,One Star,,https://guide.michelin.com/en/occitanie/toulouse/restaurant/michel-sarran,Michel Sarran,Toulouse,France,restaurant,,,
michelin-2026-france,michelin,2026,,One Star,,https://guide.michelin.com/en/occitanie/toulouse/restaurant/stephane-tournie-les-jardins-de-l-opera,Stéphane Tournié - Les Jardins de l'Opéra,Toulouse,France,restaurant,,,
michelin-2026-france,michelin,2026,,One Star,,https://guide.michelin.com/en/occitanie/toulouse/restaurant/agapes,Agapes,Toulouse,France,restaurant,,,
michelin-2026-france,michelin,2026,,One Star,,https://guide.michelin.com/en/occitanie/toulouse/restaurant/acte-2-yannick-delpech,Acte 2 Yannick Delpech,Toulouse,France,restaurant,,,
michelin-2026-france,michelin,2026,,One Star,,https://guide.michelin.com/en/bourgogne-franche-comte/vault-de-lugny/restaurant/le-valucien-chateau-de-vault-de-lugny,Le Valucien - Château de Vault-de-Lugny,Vault-de-Lugny,France,restaurant,,,
michelin-2026-france,michelin,2026,,One Star,,https://guide.michelin.com/en/occitanie/toulouse/restaurant/sept-1207676,SEPT,Toulouse,France,restaurant,,,
michelin-2026-france,michelin,2026,,One Star,,https://guide.michelin.com/en/occitanie/montrab/restaurant/l-aparte,L'Aparté,Montrabé,France,restaurant,,,
michelin-2026-france,michelin,2026,,One Star,,https://guide.michelin.com/en/occitanie/aureville/restaurant/en-marge,En Marge,Aureville,France,restaurant,,,
michelin-2026-france,michelin,2026,,One Star,,https://guide.michelin.com/en/occitanie/quint-fonsegrives/restaurant/en-pleine-nature,En Pleine Nature,Quint-Fonsegrives,France,restaurant,,,
michelin-2026-france,michelin,2026,,One Star,,https://guide.michelin.com/en/occitanie/lavalette/restaurant/auberge-de-la-forge,Auberge de la Forge,Lavalette,France,restaurant,,,
michelin-2026-france,michelin,2026,,One Star,,https://guide.michelin.com/en/auvergne-rhone-alpes/tournemire/restaurant/le-puy-tilleul,Le Puy Tilleul,Tournemire,France,restaurant,,,
michelin-2026-france,michelin,2026,,One Star,,https://guide.michelin.com/en/auvergne-rhone-alpes/chatel-guyon/restaurant/l-impulsif,L'Impulsif,Châtel-Guyon,France,restaurant,,,
michelin-2026-france,michelin,2026,,One Star,,https://guide.michelin.com/en/auvergne-rhone-alpes/chamalires/restaurant/radio10778,Radio,Chamalières,France,restaurant,,,
michelin-2026-france,michelin,2026,,One Star,,https://guide.michelin.com/en/auvergne-rhone-alpes/clermont-ferrand/restaurant/jean-claude-leclerc,Jean-Claude Leclerc,Clermont-Ferrand,France,restaurant,,,
michelin-2026-france,michelin,2026,,One Star,,https://guide.michelin.com/en/auvergne-rhone-alpes/clermont-ferrand/restaurant/l-ostal,L'Ostal,Clermont-Ferrand,France,restaurant,,,
michelin-2026-france,michelin,2026,,One Star,,https://guide.michelin.com/en/auvergne-rhone-alpes/clermont-ferrand/restaurant/apicius205570,Apicius,Clermont-Ferrand,France,restaurant,,,
michelin-2026-france,michelin,2026,,One Star,,https://guide.michelin.com/en/occitanie/conques/restaurant/emilie-thomas-moulin-de-cambelong,Émilie & Thomas - Moulin de Cambelong,Conques-en-Rouergue,France,restaurant,,,
michelin-2026-france,michelin,2026,,One Star,,https://guide.michelin.com/en/auvergne-rhone-alpes/vichy/restaurant/maison-decoret,Maison Decoret,Vichy,France,restaurant,,,
michelin-2026-france,michelin,2026,,One Star,,https://guide.michelin.com/en/occitanie/belcastel/restaurant/vieux-pont,Vieux Pont,Belcastel,France,restaurant,,,
michelin-2026-france,michelin,2026,,One Star,,https://guide.michelin.com/en/auvergne-rhone-alpes/pont-du-chteau/restaurant/auberge-du-pont37415,Auberge du Pont,Pont-du-Château,France,restaurant,,,
michelin-2026-france,michelin,2026,,One Star,,https://guide.michelin.com/en/grand-est/colombey-les-deux-glises/restaurant/hostellerie-la-montagne,Hostellerie la Montagne,Colombey-les-Deux-Églises,France,restaurant,,,
michelin-2026-france,michelin,2026,,One Star,,https://guide.michelin.com/en/bourgogne-franche-comte/courban/restaurant/chateau-de-courban,Château de Courban,Courban,France,restaurant,,,
michelin-2026-france,michelin,2026,,One Star,,https://guide.michelin.com/en/auvergne-rhone-alpes/le-broc/restaurant/origines,Origines,Le Broc,France,restaurant,,,
michelin-2026-france,michelin,2026,,One Star,,https://guide.michelin.com/en/occitanie/rodez/restaurant/restaurant-herve-busset,Restaurant Hervé Busset,Rodez,France,restaurant,,,
michelin-2026-france,michelin,2026,,One Star,,https://guide.michelin.com/en/occitanie/laguiole/restaurant/le-suquet-sebastien-bras,Le Suquet - Sébastien Bras,Laguiole,France,restaurant,,,
michelin-2026-france,michelin,2026,,One Star,,https://guide.michelin.com/en/occitanie/payrin-augmontel/restaurant/villa-pinewood,Villa Pinewood,Payrin-Augmontel,France,restaurant,,,
michelin-2026-france,michelin,2026,,One Star,,https://guide.michelin.com/en/auvergne-rhone-alpes/pouilly-sous-charlieu/restaurant/restaurant-de-la-loire,Restaurant de la Loire,Pouilly-sous-Charlieu,France,restaurant,,,
michelin-2026-france,michelin,2026,,One Star,,https://guide.michelin.com/en/bourgogne-franche-comte/prenois/restaurant/auberge-de-la-charme,Auberge de la Charme,Prenois,France,restaurant,,,
michelin-2026-france,michelin,2026,,One Star,,https://guide.michelin.com/en/auvergne-rhone-alpes/ouches/restaurant/chateau-d-origny,Château d'Origny,Ouches,France,restaurant,,,
michelin-2026-france,michelin,2026,,One Star,,https://guide.michelin.com/en/grand-est/hagondange/restaurant/quai-des-saveurs,Quai des Saveurs,Hagondange,France,restaurant,,,
michelin-2026-france,michelin,2026,,One Star,,https://guide.michelin.com/en/occitanie/lastours/restaurant/le-puits-du-tresor,Le Puits du Trésor,Lastours,France,restaurant,,,
michelin-2026-france,michelin,2026,,One Star,,https://guide.michelin.com/en/grand-est/malling/restaurant/alexis-baudin,Alexis Baudin,Malling,France,restaurant,,,
michelin-2026-france,michelin,2026,,One Star,,https://guide.michelin.com/en/grand-est/montenach/restaurant/le-k,Le K,Montenach,France,restaurant,,,
michelin-2026-france,michelin,2026,,One Star,,https://guide.michelin.com/en/bourgogne-franche-comte/chassagne-montrachet/restaurant/ed-em,Ed.Em,Chassagne-Montrachet,France,restaurant,,,
michelin-2026-france,michelin,2026,,One Star,,https://guide.michelin.com/en/bourgogne-franche-comte/pommard/restaurant/aupres-du-clocher,Auprès du Clocher,Pommard,France,restaurant,,,
michelin-2026-france,michelin,2026,,One Star,,https://guide.michelin.com/en/grand-est/metz/restaurant/yozora,Yozora,Metz,France,restaurant,,,
michelin-2026-france,michelin,2026,,One Star,,https://guide.michelin.com/en/grand-est/metz/restaurant/timilia,Timilìa,Metz,France,restaurant,,,
michelin-2026-france,michelin,2026,,One Star,,https://guide.michelin.com/en/bourgogne-franche-comte/beaune/restaurant/le-clos-du-cedre,Clos du Cèdre,Beaune,France,restaurant,,,
michelin-2026-france,michelin,2026,,One Star,,https://guide.michelin.com/en/bourgogne-franche-comte/gevrey-chambertin/restaurant/la-table-dhotes-la-rotisserie-du-chambertin,La Table d'Hôtes - La Rôtisserie du Chambertin,Gevrey-Chambertin,France,restaurant,,,
michelin-2026-france,michelin,2026,,One Star,,https://guide.michelin.com/en/bourgogne-franche-comte/pernand-vergelesses/restaurant/le-charlemagne,Le Charlemagne,Pernand-Vergelesses,France,restaurant,,,
michelin-2026-france,michelin,2026,,One Star,,https://guide.michelin.com/en/bourgogne-franche-comte/beaune/restaurant/le-carmin,Le Carmin,Beaune,France,restaurant,,,
michelin-2026-france,michelin,2026,,One Star,,https://guide.michelin.com/en/bourgogne-franche-comte/dijon/restaurant/loiseau-des-ducs,Loiseau des Ducs,Dijon,France,restaurant,,,
michelin-2026-france,michelin,2026,,One Star,,https://guide.michelin.com/en/bourgogne-franche-comte/dijon/restaurant/cibo,CIBO,Dijon,France,restaurant,,,
michelin-2026-france,michelin,2026,,One Star,,https://guide.michelin.com/en/bourgogne-franche-comte/dijon/restaurant/l-asperule,L'Aspérule,Dijon,France,restaurant,,,
michelin-2026-france,michelin,2026,,One Star,,https://guide.michelin.com/en/bourgogne-franche-comte/dijon/restaurant/stephane-derbord,Origine,Dijon,France,restaurant,,,
michelin-2026-france,michelin,2026,,One Star,,https://guide.michelin.com/en/bourgogne-franche-comte/dijon/restaurant/la-maison-des-cariatides,La Maison des Cariatides,Dijon,France,restaurant,,,
michelin-2026-france,michelin,2026,,One Star,,https://guide.michelin.com/en/bourgogne-franche-comte/levernois/restaurant/table-de-levernois,Table de Levernois,Levernois,France,restaurant,,,
michelin-2026-france,michelin,2026,,One Star,,https://guide.michelin.com/en/auvergne-rhone-alpes/alleyras/restaurant/le-haut-allier,Le Haut-Allier,Alleyras,France,restaurant,,,
michelin-2026-france,michelin,2026,,One Star,,https://guide.michelin.com/en/grand-est/nancy/restaurant/la-maison-dans-le-parc,La Maison dans le Parc,Nancy,France,restaurant,,,
michelin-2026-france,michelin,2026,,One Star,,https://guide.michelin.com/en/grand-est/rouvres-en-xaintois_1543966/restaurant/burnel,Burnel,Rouvres-en-Xaintois,France,restaurant,,,
michelin-2026-france,michelin,2026,,One Star,,https://guide.michelin.com/en/auvergne-rhone-alpes/le-puy-en-velay/restaurant/le-chamarlenc,Le Chamarlenc,Puy-en-Velay,France,restaurant,,,
michelin-2026-france,michelin,2026,,One Star,,https://guide.michelin.com/en/bourgogne-franche-comte/tournus/restaurant/l-ecrin-de-yohann-chapuis,L'Écrin de Yohann Chapuis,Tournus,France,restaurant,,,
michelin-2026-france,michelin,2026,,One Star,,https://guide.michelin.com/en/auvergne-rhone-alpes/saint-galmier/restaurant/la-source,La Source,Saint-Galmier,France,restaurant,,,
michelin-2026-france,michelin,2026,,One Star,,https://guide.michelin.com/en/auvergne-rhone-alpes/vaux-en-beaujolais/restaurant/auberge-de-clochemerle,Auberge de Clochemerle,Vaux-en-Beaujolais,France,restaurant,,,
michelin-2026-france,michelin,2026,,One Star,,https://guide.michelin.com/en/bourgogne-franche-comte/montbellet/restaurant/la-marande,La Marande,Montbellet,France,restaurant,,,
michelin-2026-france,michelin,2026,,One Star,,https://guide.michelin.com/en/bourgogne-franche-comte/tournus/restaurant/aux-terrasses,Aux Terrasses,Tournus,France,restaurant,,,
michelin-2026-france,michelin,2026,,One Star,,https://guide.michelin.com/en/auvergne-rhone-alpes/fleurie/restaurant/auberge-du-cep,Auberge du Cep,Fleurie,France,restaurant,,,
michelin-2026-france,michelin,2026,,One Star,,https://guide.michelin.com/en/bourgogne-franche-comte/fuiss/restaurant/l-o-des-vignes,L'O des Vignes,Fuissé,France,restaurant,,,
michelin-2026-france,michelin,2026,,One Star,,https://guide.michelin.com/en/occitanie/colombires-sur-orb/restaurant/granit,Granit - La Mécanique des Frères Bonano,Colombières-sur-Orb,France,restaurant,,,
michelin-2026-france,michelin,2026,,One Star,,https://guide.michelin.com/en/grand-est/faulquemont/restaurant/toya,Toya,Faulquemont,France,restaurant,,,
michelin-2026-france,michelin,2026,,One Star,,https://guide.michelin.com/en/bourgogne-franche-comte/chaintr/restaurant/la-table-de-chaintre,La Table de Chaintré,Chaintré,France,restaurant,,,
michelin-2026-france,michelin,2026,,One Star,,https://guide.michelin.com/en/auvergne-rhone-alpes/chazelles-sur-lyon/restaurant/chateau-blanchard,Château Blanchard,Chazelles-sur-Lyon,France,restaurant,,,
michelin-2026-france,michelin,2026,,One Star,,https://guide.michelin.com/en/auvergne-rhone-alpes/pont-de-vaux/restaurant/le-raisin,Le Raisin,Pont-de-Vaux,France,restaurant,,,
michelin-2026-france,michelin,2026,,One Star,,https://guide.michelin.com/en/auvergne-rhone-alpes/replonges/restaurant/la-huchette,La Huchette,Replonges,France,restaurant,,,
michelin-2026-france,michelin,2026,,One Star,,https://guide.michelin.com/en/bourgogne-franche-comte/sampans/restaurant/chateau-du-mont-joly,Château du Mont Joly,Sampans,France,restaurant,,,
michelin-2026-france,michelin,2026,,One Star,,https://guide.michelin.com/en/grand-est/lunville/restaurant/chateau-d-adomenil,Château d'Adoménil,Lunéville,France,restaurant,,,
michelin-2026-france,michelin,2026,,One Star,,https://guide.michelin.com/en/bourgogne-franche-comte/dole/restaurant/la-chaumiere11044,La Chaumière,Dole,France,restaurant,,,
michelin-2026-france,michelin,2026,,One Star,,https://guide.michelin.com/en/auvergne-rhone-alpes/chasselay/restaurant/guy-lassausaie,Guy Lassausaie,Chasselay,France,restaurant,,,
michelin-2026-france,michelin,2026,,One Star,,https://guide.michelin.com/en/auvergne-rhone-alpes/cully/restaurant/saisons4469,Saisons,Écully,France,restaurant,,,
michelin-2026-france,michelin,2026,,One Star,,https://guide.michelin.com/en/grand-est/sarreguemines/restaurant/auberge-st-walfrid,Auberge Saint-Walfrid,Sarreguemines,France,restaurant,,,
michelin-2026-france,michelin,2026,,One Star,,https://guide.michelin.com/en/occitanie/bziers/restaurant/calice,Calice,Béziers,France,restaurant,,,
michelin-2026-france,michelin,2026,,One Star,,https://guide.michelin.com/en/occitanie/bziers/restaurant/l-alter-native,L'Alter-Native,Béziers,France,restaurant,,,
michelin-2026-france,michelin,2026,,One Star,,https://guide.michelin.com/en/auvergne-rhone-alpes/saint-genis-laval_1515236/restaurant/l-etape-doree,L'Étape Dorée,Saint-Genis-Laval,France,restaurant,,,
michelin-2026-france,michelin,2026,,One Star,,https://guide.michelin.com/en/auvergne-rhone-alpes/lyon/restaurant/les-loges,Les Loges,Lyon,France,restaurant,,,
michelin-2026-france,michelin,2026,,One Star,,https://guide.michelin.com/en/auvergne-rhone-alpes/lyon/restaurant/l-atelier-des-augustins,L'Atelier des Augustins,Lyon,France,restaurant,,,
michelin-2026-france,michelin,2026,,One Star,,https://guide.michelin.com/en/auvergne-rhone-alpes/lyon/restaurant/tetedoie,Têtedoie,Lyon,France,restaurant,,,
michelin-2026-france,michelin,2026,,One Star,,https://guide.michelin.com/en/auvergne-rhone-alpes/lyon/restaurant/ombellule,Ombellule,Lyon,France,restaurant,,,
michelin-2026-france,michelin,2026,,One Star,,https://guide.michelin.com/en/occitanie/cret/restaurant/fario-1215907,Fario,Céret,France,restaurant,,,
michelin-2026-france,michelin,2026,,One Star,,https://guide.michelin.com/en/auvergne-rhone-alpes/lyon/restaurant/burgundy-by-mathieu,Burgundy by Matthieu,Lyon,France,restaurant,,,
michelin-2026-france,michelin,2026,,One Star,,https://guide.michelin.com/en/auvergne-rhone-alpes/lyon/restaurant/rustique,Rustique,Lyon,France,restaurant,,,
michelin-2026-france,michelin,2026,,One Star,,https://guide.michelin.com/en/occitanie/perpignan/restaurant/la-galinette,La Galinette,Perpignan,France,restaurant,,,
michelin-2026-france,michelin,2026,,One Star,,https://guide.michelin.com/en/auvergne-rhone-alpes/lyon/restaurant/au-14-fevrier281900,Au 14 Février,Lyon,France,restaurant,,,
michelin-2026-france,michelin,2026,,One Star,,https://guide.michelin.com/en/auvergne-rhone-alpes/lyon/restaurant/prairial,Prairial,Lyon,France,restaurant,,,
michelin-2026-france,michelin,2026,,One Star,,https://guide.michelin.com/en/grand-est/pinal/restaurant/les-ducs-de-lorraine,Les Ducs de Lorraine,Epinal,France,restaurant,,,
michelin-2026-france,michelin,2026,,One Star,,https://guide.michelin.com/en/auvergne-rhone-alpes/lyon/restaurant/circle,Circle,Lyon,France,restaurant,,,
michelin-2026-france,michelin,2026,,One Star,,https://guide.michelin.com/en/auvergne-rhone-alpes/lyon/restaurant/miraflores-1190862,Miraflores,Lyon,France,restaurant,,,
michelin-2026-france,michelin,2026,,One Star,,https://guide.michelin.com/en/grand-est/languimberg/restaurant/chez-michele,Chez Michèle,Languimberg,France,restaurant,,,
michelin-2026-france,michelin,2026,,One Star,,https://guide.michelin.com/en/occitanie/pzenas/restaurant/restaurant-de-lauzun,Restaurant De Lauzun,Pézenas,France,restaurant,,,
michelin-2026-france,michelin,2026,,One Star,,https://guide.michelin.com/en/occitanie/leucate/restaurant/le-grand-cap,Le Grand Cap,Leucate,France,restaurant,,,
michelin-2026-france,michelin,2026,,One Star,,https://guide.michelin.com/en/auvergne-rhone-alpes/les-vans/restaurant/likoke,Likoké,Les Vans,France,restaurant,,,
michelin-2026-france,michelin,2026,,One Star,,https://guide.michelin.com/en/auvergne-rhone-alpes/chonas-l-amballan/restaurant/la-table-de-philippe-girardon,La Table de Philippe Girardon,Chonas-l'Amballan,France,restaurant,,,
michelin-2026-france,michelin,2026,,One Star,,https://guide.michelin.com/en/bourgogne-franche-comte/pupillin/restaurant/la-table-du-grapiot,La Table du Grapiot,Pupillin,France,restaurant,,,
michelin-2026-france,michelin,2026,,One Star,,https://guide.michelin.com/en/occitanie/saint-cyprien/restaurant/l-almandin,L'Almandin,Saint-Cyprien,France,restaurant,,,
michelin-2026-france,michelin,2026,,One Star,,https://guide.michelin.com/en/occitanie/saint-hilaire-de-brethmas_3915683/restaurant/le-saint-hilaire-1208787,Le Saint Hilaire,Saint-Hilaire-de-Brethmas,France,restaurant,,,
michelin-2026-france,michelin,2026,,One Star,,https://guide.michelin.com/en/occitanie/collioure/restaurant/la-balette,La Balette,Collioure,France,restaurant,,,
michelin-2026-france,michelin,2026,,One Star,,https://guide.michelin.com/en/auvergne-rhone-alpes/poncin/restaurant/aintimiste,AinTimiste,Poncin,France,restaurant,,,
michelin-2026-france,michelin,2026,,One Star,,https://guide.michelin.com/en/auvergne-rhone-alpes/veyras/restaurant/la-boria-1200901,La Bòria,Veyras,France,restaurant,,,
michelin-2026-france,michelin,2026,,One Star,,https://guide.michelin.com/en/occitanie/montpellier/restaurant/reflet-d-obione,Reflet d'Obione,Montpellier,France,restaurant,,,
michelin-2026-france,michelin,2026,,One Star,,https://guide.michelin.com/en/occitanie/montpellier/restaurant/pastis-restaurant,Pastis Restaurant,Montpellier,France,restaurant,,,
michelin-2026-france,michelin,2026,,One Star,,https://guide.michelin.com/en/occitanie/montpellier/restaurant/jardin-des-sens,Jardin des Sens,Montpellier,France,restaurant,,,
michelin-2026-france,michelin,2026,,One Star,,https://guide.michelin.com/en/auvergne-rhone-alpes/saint-germain/restaurant/auberge-de-montfleury,Auberge de Montfleury,Saint-Germain,France,restaurant,,,
michelin-2026-france,michelin,2026,,One Star,,https://guide.michelin.com/en/occitanie/montpellier/restaurant/leclere,Leclère,Montpellier,France,restaurant,,,
michelin-2026-france,michelin,2026,,One Star,,https://guide.michelin.com/en/occitanie/montpellier/restaurant/la-reserve-rimbaud,La Réserve Rimbaud,Montpellier,France,restaurant,,,
michelin-2026-france,michelin,2026,,One Star,,https://guide.michelin.com/en/occitanie/montpellier/restaurant/ebullition,Ébullition,Montpellier,France,restaurant,,,
michelin-2026-france,michelin,2026,,One Star,,https://guide.michelin.com/en/auvergne-rhone-alpes/saint-alban-de-roche/restaurant/l-emulsion327218,L'Émulsion,Saint-Alban-de-Roche,France,restaurant,,,
michelin-2026-france,michelin,2026,,One Star,,https://guide.michelin.com/en/grand-est/baerenthal/restaurant/l-arnsbourg,L'Arnsbourg,Baerenthal,France,restaurant,,,
michelin-2026-france,michelin,2026,,One Star,,https://guide.michelin.com/en/grand-est/monswiller/restaurant/kasbur,Kasbür,Monswiller,France,restaurant,,,
michelin-2026-france,michelin,2026,,One Star,,https://guide.michelin.com/en/grand-est/colroy-la-roche/restaurant/la-cheneaudiere-le-feuillage,La Cheneaudière - Le Feuillage,Colroy-la-Roche,France,restaurant,,,
michelin-2026-france,michelin,2026,,One Star,,https://guide.michelin.com/en/grand-est/ventron_1536962/restaurant/le-m-domaine-de-montagne,Le M - Domaine de Montagne,Ventron,France,restaurant,,,
michelin-2026-france,michelin,2026,,One Star,,https://guide.michelin.com/en/auvergne-rhone-alpes/valence/restaurant/la-cachette,La Cachette,Valence,France,restaurant,,,
michelin-2026-france,michelin,2026,,One Star,,https://guide.michelin.com/en/auvergne-rhone-alpes/valence/restaurant/epitheque,Épithèque,Valence,France,restaurant,,,
michelin-2026-france,michelin,2026,,One Star,,https://guide.michelin.com/en/auvergne-rhone-alpes/charmes-sur-rhne/restaurant/le-carre-d-alethius,Le Carré d'Alethius,Charmes-sur-Rhône,France,restaurant,,,
michelin-2026-france,michelin,2026,,One Star,,https://guide.michelin.com/en/auvergne-rhone-alpes/granges-les-beaumont/restaurant/les-cedres,Les Cèdres,Granges-les-Beaumont,France,restaurant,,,
michelin-2026-france,michelin,2026,,One Star,,https://guide.michelin.com/en/occitanie/calvisson_1500992/restaurant/monique-1213895,Monique,Calvisson,France,restaurant,,,
michelin-2026-france,michelin,2026,,One Star,,https://guide.michelin.com/en/grand-est/steige/restaurant/auberge-chez-guth,Auberge Chez Guth,Steige,France,restaurant,,,
michelin-2026-france,michelin,2026,,One Star,,https://guide.michelin.com/en/auvergne-rhone-alpes/alixan_1509150/restaurant/mandibule,Mandibule,Alixan,France,restaurant,,,
michelin-2026-france,michelin,2026,,One Star,,https://guide.michelin.com/en/grand-est/marlenheim/restaurant/le-cerf,Le Cerf,Marlenheim,France,restaurant,,,
michelin-2026-france,michelin,2026,,One Star,,https://guide.michelin.com/en/occitanie/uzs/restaurant/la-table-d-uzes,La Table d'Uzès,Uzès,France,restaurant,,,
michelin-2026-france,michelin,2026,,One Star,,https://guide.michelin.com/en/grand-est/lembach/restaurant/cheval-blanc-4111,Cheval Blanc,Lembach,France,restaurant,,,
michelin-2026-france,michelin,2026,,One Star,,https://guide.michelin.com/en/grand-est/la-vancelle/restaurant/auberge-frankenbourg,Auberge Frankenbourg,La Vancelle,France,restaurant,,,
michelin-2026-france,michelin,2026,,One Star,,https://guide.michelin.com/en/auvergne-rhone-alpes/grane/restaurant/le-kleber-la-maison-bonnet,Le Kléber - La Maison Bonnet,Grane,France,restaurant,,,
michelin-2026-france,michelin,2026,,One Star,,https://guide.michelin.com/en/bourgogne-franche-comte/malbuisson/restaurant/le-bon-accueil4521,Le Bon Accueil,Malbuisson,France,restaurant,,,
michelin-2026-france,michelin,2026,,One Star,,https://guide.michelin.com/en/auvergne-rhone-alpes/malataverne/restaurant/le-colombier,Le Colombier,Malataverne,France,restaurant,,,
michelin-2026-france,michelin,2026,,One Star,,https://guide.michelin.com/en/bourgogne-franche-comte/danjoutin/restaurant/le-pot-d-etain,Le Pot d'Étain,Danjoutin,France,restaurant,,,
michelin-2026-france,michelin,2026,,One Star,,https://guide.michelin.com/en/grand-est/obernai/restaurant/thierry-schwartz-table-naturelle,Thierry Schwartz - Table Naturelle,Obernai,France,restaurant,,,
michelin-2026-france,michelin,2026,,One Star,,https://guide.michelin.com/en/occitanie/nimes/restaurant/rouge-1200806,Rouge,Nîmes,France,restaurant,,,
michelin-2026-france,michelin,2026,,One Star,,https://guide.michelin.com/en/occitanie/sabran/restaurant/le-cedre-de-montcaud,Le Cèdre de Montcaud,Sabran,France,restaurant,,,
michelin-2026-france,michelin,2026,,One Star,,https://guide.michelin.com/en/auvergne-rhone-alpes/saint-didier-de-la-tour/restaurant/ambroisie,Ambroisie,Saint-Didier-de-la-Tour,France,restaurant,,,
michelin-2026-france,michelin,2026,,One Star,,https://guide.michelin.com/en/occitanie/nimes/restaurant/skab,Skab,Nîmes,France,restaurant,,,
michelin-2026-france,michelin,2026,,One Star,,https://guide.michelin.com/en/grand-est/kaysersberg/restaurant/l-alchemille,Alchémille,Kaysersberg,France,restaurant,,,
michelin-2026-france,michelin,2026,,One Star,,https://guide.michelin.com/en/grand-est/barr/restaurant/enfin,Enfin,Barr,France,restaurant,,,
michelin-2026-france,michelin,2026,,One Star,,https://guide.michelin.com/en/grand-est/wihr-au-val/restaurant/la-nouvelle-auberge,La Nouvelle Auberge,Wihr-au-Val,France,restaurant,,,
michelin-2026-france,michelin,2026,,One Star,,https://guide.michelin.com/en/grand-est/ammerschwihr/restaurant/julien-binz,Restaurant Julien Binz,Ammerschwihr,France,restaurant,,,
michelin-2026-france,michelin,2026,,One Star,,https://guide.michelin.com/en/grand-est/riquewihr/restaurant/la-table-du-gourmet,La Table du Gourmet,Riquewihr,France,restaurant,,,
michelin-2026-france,michelin,2026,,One Star,,https://guide.michelin.com/en/occitanie/nimes/restaurant/jerome-nutile,Jérôme Nutile,Nîmes,France,restaurant,,,
michelin-2026-france,michelin,2026,,One Star,,https://guide.michelin.com/en/auvergne-rhone-alpes/charols/restaurant/lavandin-chateau-les-oliviers-de-salettes,Lavandin - Château Les Oliviers de Salettes,Charols,France,restaurant,,,
michelin-2026-france,michelin,2026,,One Star,,https://guide.michelin.com/en/bourgogne-franche-comte/bonntage/restaurant/l-etang-du-moulin,L'Étang du Moulin,Bonnétage,France,restaurant,,,
michelin-2026-france,michelin,2026,,One Star,,https://guide.michelin.com/en/grand-est/colmar/restaurant/l-atelier-du-peintre,L'Atelier du Peintre,Colmar,France,restaurant,,,
michelin-2026-france,michelin,2026,,One Star,,https://guide.michelin.com/en/occitanie/saint-hilaire-d-ozilhan_1503960/restaurant/la-belle-vie,La Belle Vie,Saint-Hilaire-d'Ozilhan,France,restaurant,,,
michelin-2026-france,michelin,2026,,One Star,,https://guide.michelin.com/en/grand-est/colmar/restaurant/restaurant-girardin,Restaurant Girardin,Colmar,France,restaurant,,,
michelin-2026-france,michelin,2026,,One Star,,https://guide.michelin.com/en/grand-est/strasbourg/restaurant/au-crocodile,Au Crocodile,Strasbourg,France,restaurant,,,
michelin-2026-france,michelin,2026,,One Star,,https://guide.michelin.com/en/grand-est/strasbourg/restaurant/1741,1741,Strasbourg,France,restaurant,,,
michelin-2026-france,michelin,2026,,One Star,,https://guide.michelin.com/en/auvergne-rhone-alpes/grignan/restaurant/le-clair-de-la-plume,Le Clair de la Plume,Grignan,France,restaurant,,,
michelin-2026-france,michelin,2026,,One Star,,https://guide.michelin.com/en/grand-est/strasbourg/restaurant/umami202668,Umami,Strasbourg,France,restaurant,,,
michelin-2026-france,michelin,2026,,One Star,,https://guide.michelin.com/en/grand-est/la-wantzenau/restaurant/le-jardin-secret,Le Jardin Secret,La Wantzenau,France,restaurant,,,
michelin-2026-france,michelin,2026,,One Star,,https://guide.michelin.com/en/grand-est/la-wantzenau/restaurant/relais-de-la-poste,Le Relais de la Poste,La Wantzenau,France,restaurant,,,
michelin-2026-france,michelin,2026,,One Star,,https://guide.michelin.com/en/grand-est/strasbourg/restaurant/les-plaisirs-gourmands,Guillaume Scheer - Les Plaisirs Gourmands,Strasbourg,France,restaurant,,,
michelin-2026-france,michelin,2026,,One Star,,https://guide.michelin.com/en/grand-est/strasbourg/restaurant/les-funambules,Les Funambules,Strasbourg,France,restaurant,,,
michelin-2026-france,michelin,2026,,One Star,,https://guide.michelin.com/en/grand-est/strasbourg/restaurant/de-ja,de:ja,Strasbourg,France,restaurant,,,
michelin-2026-france,michelin,2026,,One Star,,https://guide.michelin.com/en/grand-est/drusenheim/restaurant/au-gourmet,Au Gourmet,Drusenheim,France,restaurant,,,
michelin-2026-france,michelin,2026,,One Star,,https://guide.michelin.com/en/grand-est/ensisheim/restaurant/l-orchidee,L'Orchidée,Ensisheim,France,restaurant,,,
michelin-2026-france,michelin,2026,,One Star,,https://guide.michelin.com/en/auvergne-rhone-alpes/le-bourget-du-lac/restaurant/atmospheres,Atmosphères,Le Bourget-du-Lac,France,restaurant,,,
michelin-2026-france,michelin,2026,,One Star,,https://guide.michelin.com/en/auvergne-rhone-alpes/le-bourget-du-lac/restaurant/lamartine,Lamartine,Le Bourget-du-Lac,France,restaurant,,,
michelin-2026-france,michelin,2026,,One Star,,https://guide.michelin.com/en/auvergne-rhone-alpes/douvaine/restaurant/o-flaveurs,Ô Flaveurs,Douvaine,France,restaurant,,,
michelin-2026-france,michelin,2026,,One Star,,https://guide.michelin.com/en/grand-est/rhinau/restaurant/au-vieux-couvent,Au Vieux Couvent,Rhinau,France,restaurant,,,
michelin-2026-france,michelin,2026,,One Star,,https://guide.michelin.com/en/occitanie/pujaut/restaurant/maison-chenet-entre-vigne-et-garrigue,Maison Chenet - Entre Vigne et Garrigue,Pujaut,France,restaurant,,,
michelin-2026-france,michelin,2026,,One Star,,https://guide.michelin.com/en/auvergne-rhone-alpes/autrans/restaurant/palegrie-chez-l-henri,Palégrié Chez l'Henri,Autrans-Méaudre en Vercors,France,restaurant,,,
michelin-2026-france,michelin,2026,,One Star,,https://guide.michelin.com/en/auvergne-rhone-alpes/tresserve/restaurant/la-table-de-l-incomparable,La Table de L'Incomparable,Tresserve,France,restaurant,,,
michelin-2026-france,michelin,2026,,One Star,,https://guide.michelin.com/en/provence-alpes-cote-dazur/barbentane_1504843/restaurant/ineffable,Ineffable,Barbentane,France,restaurant,,,
michelin-2026-france,michelin,2026,,One Star,,https://guide.michelin.com/en/grand-est/mulhouse/restaurant/il-cortile40020,Il Cortile,Mulhouse,France,restaurant,,,
michelin-2026-france,michelin,2026,,One Star,,https://guide.michelin.com/en/auvergne-rhone-alpes/margencel/restaurant/sechex-nous,Séchex Nous,Margencel,France,restaurant,,,
michelin-2026-france,michelin,2026,,One Star,,https://guide.michelin.com/en/provence-alpes-cote-dazur/avignon/restaurant/pollen1000267,Pollen,Avignon,France,restaurant,,,
michelin-2026-france,michelin,2026,,One Star,,https://guide.michelin.com/en/occitanie/villeneuve-ls-avignon/restaurant/le-prieure13557,Le Prieuré,Villeneuve-lès-Avignon,France,restaurant,,,
michelin-2026-france,michelin,2026,,One Star,,https://guide.michelin.com/en/auvergne-rhone-alpes/machilly/restaurant/le-refuge-des-gourmets,Le Refuge des Gourmets,Machilly,France,restaurant,,,
michelin-2026-france,michelin,2026,,One Star,,https://guide.michelin.com/en/auvergne-rhone-alpes/correnon-en-vercors/restaurant/asterales,Asterales,Corrençon-en-Vercors,France,restaurant,,,
michelin-2026-france,michelin,2026,,One Star,,https://guide.michelin.com/en/auvergne-rhone-alpes/lucinges/restaurant/l-auberge-de-lucinges,L'Auberge de Lucinges,Lucinges,France,restaurant,,,
michelin-2026-france,michelin,2026,,One Star,,https://guide.michelin.com/en/grand-est/rixheim/restaurant/le-7eme-continent,Le 7ème Continent,Rixheim,France,restaurant,,,
michelin-2026-france,michelin,2026,,One Star,,https://guide.michelin.com/en/auvergne-rhone-alpes/annecy/restaurant/l-esquisse,L'Esquisse,Annecy,France,restaurant,,,
michelin-2026-france,michelin,2026,,One Star,,https://guide.michelin.com/en/auvergne-rhone-alpes/annecy/restaurant/la-rotonde-des-tresoms,La Rotonde des Trésoms,Annecy,France,restaurant,,,
michelin-2026-france,michelin,2026,,One Star,,https://guide.michelin.com/en/provence-alpes-cote-dazur/gigondas/restaurant/l-oustalet,L'Oustalet,Gigondas,France,restaurant,,,
michelin-2026-france,michelin,2026,,One Star,,https://guide.michelin.com/en/provence-alpes-cote-dazur/arles/restaurant/la-chassagnette,La Chassagnette,Arles,France,restaurant,,,
michelin-2026-france,michelin,2026,,One Star,,https://guide.michelin.com/en/auvergne-rhone-alpes/grenoble/restaurant/maison-fantin-latour-stephane-froidevaux,Maison Fantin Latour - Stéphane Froidevaux,Grenoble,France,restaurant,,,
michelin-2026-france,michelin,2026,,One Star,,https://guide.michelin.com/en/provence-alpes-cote-dazur/saint-rmy-de-provence/restaurant/la-table-de-tourrel,La Table de Tourrel,Saint-Rémy-de-Provence,France,restaurant,,,
michelin-2026-france,michelin,2026,,One Star,,https://guide.michelin.com/en/provence-alpes-cote-dazur/les-baux-de-provence/restaurant/l-aupiho,L'Aupiho - Domaine de Manville,Les Baux-de-Provence,France,restaurant,,,
michelin-2026-france,michelin,2026,,One Star,,https://guide.michelin.com/en/grand-est/sierentz/restaurant/auberge-st-laurent,Auberge Saint-Laurent,Sierentz,France,restaurant,,,
michelin-2026-france,michelin,2026,,One Star,,https://guide.michelin.com/en/auvergne-rhone-alpes/evian-les-bains/restaurant/les-fresques400460,Les Fresques - Hôtel Royal,Évian-les-Bains,France,restaurant,,,
michelin-2026-france,michelin,2026,,One Star,,https://guide.michelin.com/en/auvergne-rhone-alpes/vailly/restaurant/frederic-molina-a-foret-ivre,Frédéric Molina à Forêt Ivre,Vailly,France,restaurant,,,
michelin-2026-france,michelin,2026,,One Star,,https://guide.michelin.com/en/provence-alpes-cote-dazur/l-isle-sur-la-sorgue/restaurant/le-vivier3857,Le Vivier,L'Isle-sur-la-Sorgue,France,restaurant,,,
michelin-2026-france,michelin,2026,,One Star,,https://guide.michelin.com/en/auvergne-rhone-alpes/saint-theoffrey_1515526/restaurant/maltacina,Maltacina,Saint-Théoffrey,France,restaurant,,,
michelin-2026-france,michelin,2026,,One Star,,https://guide.michelin.com/en/auvergne-rhone-alpes/seytroux_1515695/restaurant/kern,Kern,Seytroux,France,restaurant,,,
michelin-2026-france,michelin,2026,,One Star,,https://guide.michelin.com/en/auvergne-rhone-alpes/la-clusaz/restaurant/le-cinq,Le Cin5 - Au Cœur du Village,La Clusaz,France,restaurant,,,
michelin-2026-france,michelin,2026,,One Star,,https://guide.michelin.com/en/auvergne-rhone-alpes/abondance_1509103/restaurant/chalet-flachaire,Chalet Flachaire,Abondance,France,restaurant,,,
michelin-2026-france,michelin,2026,,One Star,,https://guide.michelin.com/en/provence-alpes-cote-dazur/joucas/restaurant/la-table-de-xavier-mathieu,La Table de Xavier Mathieu,Joucas,France,restaurant,,,
michelin-2026-france,michelin,2026,,One Star,,https://guide.michelin.com/en/provence-alpes-cote-dazur/salon-de-provence/restaurant/villa-salone,Villa Salone,Salon-de-Provence,France,restaurant,,,
michelin-2026-france,michelin,2026,,One Star,,https://guide.michelin.com/en/auvergne-rhone-alpes/megve/restaurant/vous,Vous,Megève,France,restaurant,,,
michelin-2026-france,michelin,2026,,One Star,,https://guide.michelin.com/en/provence-alpes-cote-dazur/bonnieux/restaurant/ju-maison-de-cuisine,JU - Maison de Cuisine,Bonnieux,France,restaurant,,,
michelin-2026-france,michelin,2026,,One Star,,https://guide.michelin.com/en/auvergne-rhone-alpes/hauteluce/restaurant/mont-blanc-restaurant-gouter,Mont Blanc Restaurant & Goûter,Hauteluce,France,restaurant,,,
michelin-2026-france,michelin,2026,,One Star,,https://guide.michelin.com/en/auvergne-rhone-alpes/saint-martin-sur-la-chambre/restaurant/le-clocher-des-peres,Le Clocher des Pères,Saint-Martin-sur-la-Chambre,France,restaurant,,,
michelin-2026-france,michelin,2026,,One Star,,https://guide.michelin.com/en/provence-alpes-cote-dazur/bonnieux/restaurant/la-bastide-10332,La Bastide,Bonnieux,France,restaurant,,,
michelin-2026-france,michelin,2026,,One Star,,https://guide.michelin.com/en/auvergne-rhone-alpes/saint-gervais-les-bains/restaurant/la-table-d-armante,La Table d'Armante,Saint-Gervais-les-Bains,France,restaurant,,,
michelin-2026-france,michelin,2026,,One Star,,https://guide.michelin.com/en/provence-alpes-cote-dazur/cadenet/restaurant/le-gout-du-bonheur-la-feniere,Le Goût du Bonheur - La Fenière,Cadenet,France,restaurant,,,
michelin-2026-france,michelin,2026,,One Star,,https://guide.michelin.com/en/provence-alpes-cote-dazur/cucuron/restaurant/la-petite-maison-de-cucuron,La Petite Maison de Cucuron,Cucuron,France,restaurant,,,
michelin-2026-france,michelin,2026,,One Star,,https://guide.michelin.com/en/auvergne-rhone-alpes/chamonix-mont-blanc/restaurant/albert-1er,Albert 1er,Chamonix-Mont-Blanc,France,restaurant,,,
michelin-2026-france,michelin,2026,,One Star,,https://guide.michelin.com/en/provence-alpes-cote-dazur/saint-cannat/restaurant/le-mas-bottero,Le Mas Bottero,Saint-Cannat,France,restaurant,,,
michelin-2026-france,michelin,2026,,One Star,,https://guide.michelin.com/en/provence-alpes-cote-dazur/ventabren/restaurant/dan-b,Dan B.,Ventabren,France,restaurant,,,
michelin-2026-france,michelin,2026,,One Star,,https://guide.michelin.com/en/provence-alpes-cote-dazur/carry-le-rouet_1505150/restaurant/l-oursin,L'Oursin,Carry-le-Rouet,France,restaurant,,,
michelin-2026-france,michelin,2026,,One Star,,https://guide.michelin.com/en/provence-alpes-cote-dazur/ansouis/restaurant/garrigue,Garrigue,Ansouis,France,restaurant,,,
michelin-2026-france,michelin,2026,,One Star,,https://guide.michelin.com/en/auvergne-rhone-alpes/mribel/restaurant/l-ekrin-by-laurent-azoulay,L'Ekrin by Laurent Azoulay,Méribel,France,restaurant,,,
michelin-2026-france,michelin,2026,,One Star,,https://guide.michelin.com/en/auvergne-rhone-alpes/courchevel/restaurant/le-farcon,Le Farçon,Courchevel,France,restaurant,,,
michelin-2026-france,michelin,2026,,One Star,,https://guide.michelin.com/en/auvergne-rhone-alpes/courchevel/restaurant/le-chabichou-by-stephane-buron,Le Chabichou by Stéphane Buron,Courchevel,France,restaurant,,,
michelin-2026-france,michelin,2026,,One Star,,https://guide.michelin.com/en/auvergne-rhone-alpes/courchevel/restaurant/alpage,Alpage,Courchevel,France,restaurant,,,
michelin-2026-france,michelin,2026,,One Star,,https://guide.michelin.com/en/auvergne-rhone-alpes/courchevel/restaurant/l-altitude,L'Altitude,Courchevel,France,restaurant,,,
michelin-2026-france,michelin,2026,,One Star,,https://guide.michelin.com/en/provence-alpes-cote-dazur/le-puy-sainte-rparade/restaurant/la-table-de-l-orangerie-chateau-de-fonscolombe,La Table de l'Orangerie - Château de Fonscolombe,Le Puy-Sainte-Réparade,France,restaurant,,,
michelin-2026-france,michelin,2026,,One Star,,https://guide.michelin.com/en/auvergne-rhone-alpes/val-thorens/restaurant/les-explorateurs,Les Explorateurs - Hôtel Pashmina,Val-Thorens,France,restaurant,,,
michelin-2026-france,michelin,2026,,One Star,,https://guide.michelin.com/en/provence-alpes-cote-dazur/calas-cabries_1505051/restaurant/la-bastide-bourrelly-mathias-dandine,La Bastide Bourrelly - Mathias Dandine,Calas-Cabriès,France,restaurant,,,
michelin-2026-france,michelin,2026,,One Star,,https://guide.michelin.com/en/provence-alpes-cote-dazur/aix-en-provence/restaurant/la-table-de-pierre-reboul,La Table de Pierre Reboul,Aix-en-Provence,France,restaurant,,,
michelin-2026-france,michelin,2026,,One Star,,https://guide.michelin.com/en/provence-alpes-cote-dazur/aix-en-provence/restaurant/le-art-chateau-de-la-gaude,Le Art - Château de la Gaude,Aix-en-Provence,France,restaurant,,,
michelin-2026-france,michelin,2026,,One Star,,https://guide.michelin.com/en/provence-alpes-cote-dazur/aix-en-provence/restaurant/etude-1207141,Étude,Aix-en-Provence,France,restaurant,,,
michelin-2026-france,michelin,2026,,One Star,,https://guide.michelin.com/en/provence-alpes-cote-dazur/marseille/restaurant/auffo,Auffo,Marseille,France,restaurant,,,
michelin-2026-france,michelin,2026,,One Star,,https://guide.michelin.com/en/provence-alpes-cote-dazur/mane/restaurant/le-feuillee-le-couvent-des-minimes,Le Feuillée - Le Couvent des Minimes,Mane,France,restaurant,,,
michelin-2026-france,michelin,2026,,One Star,,https://guide.michelin.com/en/provence-alpes-cote-dazur/marseille/restaurant/une-table-au-sud,"Une Table, au Sud",Marseille,France,restaurant,,,
michelin-2026-france,michelin,2026,,One Star,,https://guide.michelin.com/en/provence-alpes-cote-dazur/marseille/restaurant/belle-de-mars,Belle de Mars,Marseille,France,restaurant,,,
michelin-2026-france,michelin,2026,,One Star,,https://guide.michelin.com/en/auvergne-rhone-alpes/tignes/restaurant/ursus,Ursus,Tignes,France,restaurant,,,
michelin-2026-france,michelin,2026,,One Star,,https://guide.michelin.com/en/provence-alpes-cote-dazur/manosque/restaurant/restaurant-pierre-grein,Restaurant Pierre Grein,Manosque,France,restaurant,,,
michelin-2026-france,michelin,2026,,One Star,,https://guide.michelin.com/en/provence-alpes-cote-dazur/chteau-arnoux/restaurant/la-bonne-etape,La Bonne Étape,Château-Arnoux-Saint-Auban,France,restaurant,,,
michelin-2026-france,michelin,2026,,One Star,,https://guide.michelin.com/en/auvergne-rhone-alpes/val-d-isre/restaurant/la-table-de-l-ours,La Table de l'Ours,Val-d'Isère,France,restaurant,,,
michelin-2026-france,michelin,2026,,One Star,,https://guide.michelin.com/en/provence-alpes-cote-dazur/gmenos/restaurant/la-magdeleine-mathias-dandine,La Magdeleine - Mathias Dandine,Gémenos,France,restaurant,,,
michelin-2026-france,michelin,2026,,One Star,,https://guide.michelin.com/en/provence-alpes-cote-dazur/la-ciotat/restaurant/couleurs-de-shimatani,Couleurs de Shimatani,La Ciotat,France,restaurant,,,
michelin-2026-france,michelin,2026,,One Star,,https://guide.michelin.com/en/provence-alpes-cote-dazur/la-ciotat/restaurant/la-table-de-nans,La Table de Nans,La Ciotat,France,restaurant,,,
michelin-2026-france,michelin,2026,,One Star,,https://guide.michelin.com/en/provence-alpes-cote-dazur/bandol/restaurant/les-oliviers122360,Les Oliviers,Bandol,France,restaurant,,,
michelin-2026-france,michelin,2026,,One Star,,https://guide.michelin.com/en/provence-alpes-cote-dazur/moustiers-sainte-marie/restaurant/la-bastide-de-moustiers,La Bastide de Moustiers,Moustiers-Sainte-Marie,France,restaurant,,,
michelin-2026-france,michelin,2026,,One Star,,https://guide.michelin.com/en/provence-alpes-cote-dazur/toulon/restaurant/shanael,Shanael,Toulon,France,restaurant,,,
michelin-2026-france,michelin,2026,,One Star,,https://guide.michelin.com/en/provence-alpes-cote-dazur/flassans-sur-issole_1505557/restaurant/chez-jeannette,Chez Jeannette,Flassans-sur-Issole,France,restaurant,,,
michelin-2026-france,michelin,2026,,One Star,,https://guide.michelin.com/en/provence-alpes-cote-dazur/flayosc/restaurant/le-jardin-de-berne,Le Jardin de Berne,Flayosc,France,restaurant,,,
michelin-2026-france,michelin,2026,,One Star,,https://guide.michelin.com/en/provence-alpes-cote-dazur/lorgues/restaurant/bruno,Bruno,Lorgues,France,restaurant,,,
michelin-2026-france,michelin,2026,,One Star,,https://guide.michelin.com/en/provence-alpes-cote-dazur/les-arcs/restaurant/le-relais-des-moines,Le Relais des Moines,Les Arcs,France,restaurant,,,
michelin-2026-france,michelin,2026,,One Star,,https://guide.michelin.com/en/provence-alpes-cote-dazur/roubion/restaurant/auberge-quintessence,Auberge Quintessence,Roubion,France,restaurant,,,
michelin-2026-france,michelin,2026,,One Star,,https://guide.michelin.com/en/provence-alpes-cote-dazur/le-lavandou/restaurant/l-oursin-hotel-les-roches,L'Oursin - Hôtel Les Roches,Le Lavandou,France,restaurant,,,
michelin-2026-france,michelin,2026,,One Star,,https://guide.michelin.com/en/provence-alpes-cote-dazur/tourrettes/restaurant/faventia,Faventia,Tourrettes,France,restaurant,,,
michelin-2026-france,michelin,2026,,One Star,,https://guide.michelin.com/en/provence-alpes-cote-dazur/la-croix-valmer/restaurant/la-palmeraie,La Palmeraie - Château de Valmer,La Croix-Valmer,France,restaurant,,,
michelin-2026-france,michelin,2026,,One Star,,https://guide.michelin.com/en/provence-alpes-cote-dazur/saint-tropez/restaurant/arnaud-donckele-maxime-frederic-at-louis-vuitton,Arnaud Donckele & Maxime Frédéric at Louis Vuitton,Saint-Tropez,France,restaurant,,,
michelin-2026-france,michelin,2026,,One Star,,https://guide.michelin.com/en/provence-alpes-cote-dazur/saint-tropez/restaurant/la-terrasse-cheval-blanc-st-tropez,La Terrasse - Cheval Blanc St-Tropez,Saint-Tropez,France,restaurant,,,
michelin-2026-france,michelin,2026,,One Star,,https://guide.michelin.com/en/provence-alpes-cote-dazur/valdeblore/restaurant/auberge-de-la-roche-1203180,Auberge de la Roche,Valdeblore,France,restaurant,,,
michelin-2026-france,michelin,2026,,One Star,,https://guide.michelin.com/en/provence-alpes-cote-dazur/saint-tropez/restaurant/colette-1192024,Colette,Saint-Tropez,France,restaurant,,,
michelin-2026-france,michelin,2026,,One Star,,https://guide.michelin.com/en/provence-alpes-cote-dazur/mandelieu-la-napoule/restaurant/bessem,Bessem,Mandelieu-la-Napoule,France,restaurant,,,
michelin-2026-france,michelin,2026,,One Star,,https://guide.michelin.com/en/provence-alpes-cote-dazur/thoule-sur-mer/restaurant/mareluna,Mareluna,Théoule-sur-Mer,France,restaurant,,,
michelin-2026-france,michelin,2026,,One Star,,https://guide.michelin.com/en/provence-alpes-cote-dazur/thoule-sur-mer/restaurant/l-or-bleu,L'Or Bleu,Théoule-sur-Mer,France,restaurant,,,
michelin-2026-france,michelin,2026,,One Star,,https://guide.michelin.com/en/provence-alpes-cote-dazur/la-colle-sur-loup/restaurant/alain-llorca,Alain Llorca,La Colle-sur-Loup,France,restaurant,,,
michelin-2026-france,michelin,2026,,One Star,,https://guide.michelin.com/en/provence-alpes-cote-dazur/cannes/restaurant/la-palme-d-or,La Palme d'Or,Cannes,France,restaurant,,,
michelin-2026-france,michelin,2026,,One Star,,https://guide.michelin.com/en/provence-alpes-cote-dazur/saint-paul-de-vence/restaurant/la-table-de-pierre,La Table de Pierre,Saint-Paul-de-Vence,France,restaurant,,,
michelin-2026-france,michelin,2026,,One Star,,https://guide.michelin.com/en/provence-alpes-cote-dazur/biot/restaurant/les-terraillers,Les Terraillers,Biot,France,restaurant,,,
michelin-2026-france,michelin,2026,,One Star,,https://guide.michelin.com/en/provence-alpes-cote-dazur/juan-les-pins/restaurant/la-passagere,La Passagère - Hôtel Belles Rives,Juan-les-Pins,France,restaurant,,,
michelin-2026-france,michelin,2026,,One Star,,https://guide.michelin.com/en/provence-alpes-cote-dazur/antibes/restaurant/les-pecheurs,Les Pêcheurs,Antibes,France,restaurant,,,
michelin-2026-france,michelin,2026,,One Star,,https://guide.michelin.com/en/provence-alpes-cote-dazur/antibes/restaurant/louroc,Louroc - Hôtel du Cap-Eden-Roc,Antibes,France,restaurant,,,
michelin-2026-france,michelin,2026,,One Star,,https://guide.michelin.com/en/provence-alpes-cote-dazur/nice/restaurant/le-chantecler,Le Chantecler,Nice,France,restaurant,,,
michelin-2026-france,michelin,2026,,One Star,,https://guide.michelin.com/en/provence-alpes-cote-dazur/nice/restaurant/racines-bruno-cirino,Racines - Bruno Cirino,Nice,France,restaurant,,,
michelin-2026-france,michelin,2026,,One Star,,https://guide.michelin.com/en/provence-alpes-cote-dazur/nice/restaurant/l-aromate233368,L'Aromate,Nice,France,restaurant,,,
michelin-2026-france,michelin,2026,,One Star,,https://guide.michelin.com/en/provence-alpes-cote-dazur/nice/restaurant/epicentre-1218827,Épicentre,Nice,France,restaurant,,,
michelin-2026-france,michelin,2026,,One Star,,https://guide.michelin.com/en/provence-alpes-cote-dazur/nice/restaurant/les-agitateurs,Les Agitateurs,Nice,France,restaurant,,,
michelin-2026-france,michelin,2026,,One Star,,https://guide.michelin.com/en/provence-alpes-cote-dazur/nice/restaurant/jan,JAN,Nice,France,restaurant,,,
michelin-2026-france,michelin,2026,,One Star,,https://guide.michelin.com/en/provence-alpes-cote-dazur/nice/restaurant/onice,ONICE,Nice,France,restaurant,,,
michelin-2026-france,michelin,2026,,One Star,,https://guide.michelin.com/en/provence-alpes-cote-dazur/ze/restaurant/chateau-eza,Château Eza,Èze,France,restaurant,,,
michelin-2026-france,michelin,2026,,One Star,,https://guide.michelin.com/en/provence-alpes-cote-dazur/beaulieu-sur-mer/restaurant/restaurant-des-rois,Le Restaurant des Rois - La Réserve de Beaulieu,Beaulieu-sur-Mer,France,restaurant,,,
michelin-2026-france,michelin,2026,,One Star,,https://guide.michelin.com/en/provence-alpes-cote-dazur/saint-jean-cap-ferrat/restaurant/le-cap,Le Cap,Saint-Jean-Cap-Ferrat,France,restaurant,,,
michelin-2026-france,michelin,2026,,One Star,,https://guide.michelin.com/en/provence-alpes-cote-dazur/ze-bord-de-mer/restaurant/la-table-du-cap-estel,La Table du Cap Estel,Èze-Bord-de-Mer,France,restaurant,,,
michelin-2026-france,michelin,2026,,One Star,,https://guide.michelin.com/en/corse/lumio/restaurant/a-casa-di-ma,A Casa di Mà,Lumio,France,restaurant,,,
michelin-2026-france,michelin,2026,,One Star,,https://guide.michelin.com/en/corse/porticcio/restaurant/le-charlie,Le Charlie,Porticcio,France,restaurant,,,
michelin-2026-france,michelin,2026,,One Star,,https://guide.michelin.com/en/corse/olmeto/restaurant/la-verriere,La Verrière,Olmeto,France,restaurant,,,
michelin-2026-france,michelin,2026,,One Star,,https://guide.michelin.com/en/corse/sartene_1508622/restaurant/la-table-de-la-ferme,La Table de la Ferme,Sartène,France,restaurant,,,
michelin-2026-france,michelin,2026,,One Star,,https://guide.michelin.com/en/corse/bonifacio/restaurant/finestra-by-italo-bassi,Finestra by Italo Bassi,Bonifacio,France,restaurant,,,
michelin-2026-france,michelin,2026,,Bib Gourmand,,https://guide.michelin.com/en/bretagne/brest/restaurant/peck-co,Peck & Co,Brest,France,restaurant,,,
michelin-2026-france,michelin,2026,,Bib Gourmand,,https://guide.michelin.com/en/bretagne/plouider/restaurant/le-comptoir-de-la-butte,Le Comptoir de La Butte,Plouider,France,restaurant,,,
michelin-2026-france,michelin,2026,,Bib Gourmand,,https://guide.michelin.com/en/bretagne/pont-croix_1568702/restaurant/glaz,Glaz,Pont-Croix,France,restaurant,,,
michelin-2026-france,michelin,2026,,Bib Gourmand,,https://guide.michelin.com/en/bretagne/plougasnou/restaurant/la-maison-de-kerdies,La Maison de Kerdiès,Plougasnou,France,restaurant,,,
michelin-2026-france,michelin,2026,,Bib Gourmand,,https://guide.michelin.com/en/bretagne/quimper/restaurant/eclosion-1209008,Éclosion,Quimper,France,restaurant,,,
michelin-2026-france,michelin,2026,,Bib Gourmand,,https://guide.michelin.com/en/bretagne/quimper/restaurant/ti-coz,Ti-Coz,Quimper,France,restaurant,,,
michelin-2026-france,michelin,2026,,Bib Gourmand,,https://guide.michelin.com/en/bretagne/trbeurden/restaurant/vivace-1208978,Vivace,Trébeurden,France,restaurant,,,
michelin-2026-france,michelin,2026,,Bib Gourmand,,https://guide.michelin.com/en/bretagne/concarneau/restaurant/le-flaveur,Le Flaveur,Concarneau,France,restaurant,,,
michelin-2026-france,michelin,2026,,Bib Gourmand,,https://guide.michelin.com/en/bretagne/lannion/restaurant/le-brelevenez,Le Brélévenez,Lannion,France,restaurant,,,
michelin-2026-france,michelin,2026,,Bib Gourmand,,https://guide.michelin.com/en/bretagne/carhaix-plouguer_1563515/restaurant/erasmo,Erasmo,Carhaix-Plouguer,France,restaurant,,,
michelin-2026-france,michelin,2026,,Bib Gourmand,,https://guide.michelin.com/en/bretagne/lorient/restaurant/le-tire-bouchon,Le Tire Bouchon,Lorient,France,restaurant,,,
michelin-2026-france,michelin,2026,,Bib Gourmand,,https://guide.michelin.com/en/bretagne/lorient/restaurant/gare-aux-gouts,Gare aux Goûts,Lorient,France,restaurant,,,
michelin-2026-france,michelin,2026,,Bib Gourmand,,https://guide.michelin.com/en/bretagne/plourhan_1568608/restaurant/rolland,Rolland,Plourhan,France,restaurant,,,
michelin-2026-france,michelin,2026,,Bib Gourmand,,https://guide.michelin.com/en/bretagne/pontivy/restaurant/hyacinthe-robert,Hyacinthe & Robert,Pontivy,France,restaurant,,,
michelin-2026-france,michelin,2026,,Bib Gourmand,,https://guide.michelin.com/en/bretagne/hillion_1564248/restaurant/le-bon-abri,Le Bon Abri,Hillion,France,restaurant,,,
michelin-2026-france,michelin,2026,,Bib Gourmand,,https://guide.michelin.com/en/bretagne/pleneuf-val-andre/restaurant/le-biniou,Le Biniou,Pléneuf-Val-André,France,restaurant,,,
michelin-2026-france,michelin,2026,,Bib Gourmand,,https://guide.michelin.com/en/bretagne/auray/restaurant/la-chebaudiere,La Chebaudière,Auray,France,restaurant,,,
michelin-2026-france,michelin,2026,,Bib Gourmand,,https://guide.michelin.com/en/bretagne/baden/restaurant/la-chaumiere-de-pomper,La Chaumière de Pomper,Baden,France,restaurant,,,
michelin-2026-france,michelin,2026,,Bib Gourmand,,https://guide.michelin.com/en/bretagne/vannes/restaurant/boma,Boma,Vannes,France,restaurant,,,
michelin-2026-france,michelin,2026,,Bib Gourmand,,https://guide.michelin.com/en/bretagne/vannes/restaurant/ryoko,Ryoko - Comptoir à ramen,Vannes,France,restaurant,,,
michelin-2026-france,michelin,2026,,Bib Gourmand,,https://guide.michelin.com/en/normandie/barneville-carteret/restaurant/le-restaurant-des-isles,Le Restaurant des Isles,Barneville-Carteret,France,restaurant,,,
michelin-2026-france,michelin,2026,,Bib Gourmand,,https://guide.michelin.com/en/bretagne/saint-malo/restaurant/fidelis,Fidelis,Saint-Malo,France,restaurant,,,
michelin-2026-france,michelin,2026,,Bib Gourmand,,https://guide.michelin.com/en/bretagne/saint-malo/restaurant/le-comptoir-breizh-cafe,Le Comptoir Breizh Café,Saint-Malo,France,restaurant,,,
michelin-2026-france,michelin,2026,,Bib Gourmand,,https://guide.michelin.com/en/bretagne/saint-malo/restaurant/la-fourchette-a-droite,La Fourchette à Droite,Saint-Malo,France,restaurant,,,
michelin-2026-france,michelin,2026,,Bib Gourmand,,https://guide.michelin.com/en/bretagne/saint-malo/restaurant/doma,Doma,Saint-Malo,France,restaurant,,,
michelin-2026-france,michelin,2026,,Bib Gourmand,,https://guide.michelin.com/en/bretagne/quedillac_1568933/restaurant/le-relais-de-la-rance,Le Relais de la Rance,Quédillac,France,restaurant,,,
michelin-2026-france,michelin,2026,,Bib Gourmand,,https://guide.michelin.com/en/normandie/la-haye-du-puits_1557360/restaurant/le-petit-nor-cat,Le Petit Nor'Cat,La Haye,France,restaurant,,,
michelin-2026-france,michelin,2026,,Bib Gourmand,,https://guide.michelin.com/en/bretagne/cancale/restaurant/breizh-cafe-cancale,Breizh Café Cancale,Cancale,France,restaurant,,,
michelin-2026-france,michelin,2026,,Bib Gourmand,,https://guide.michelin.com/en/bretagne/rochefort-en-terre_1569018/restaurant/maison-cachee,Maison Cachée,Rochefort-en-Terre,France,restaurant,,,
michelin-2026-france,michelin,2026,,Bib Gourmand,,https://guide.michelin.com/en/normandie/blainville-sur-mer/restaurant/athome,L'Athome,Blainville-sur-Mer,France,restaurant,,,
michelin-2026-france,michelin,2026,,Bib Gourmand,,https://guide.michelin.com/en/bretagne/guer/restaurant/bistrot-de-la-maison-tiegezh,Bistrot de la Maison Tiegezh,Guer,France,restaurant,,,
michelin-2026-france,michelin,2026,,Bib Gourmand,,https://guide.michelin.com/en/bretagne/la-roche-bernard/restaurant/auberge-des-deux-magots,Auberge des Deux Magots,La Roche-Bernard,France,restaurant,,,
michelin-2026-france,michelin,2026,,Bib Gourmand,,https://guide.michelin.com/en/pays-de-la-loire/la-baule/restaurant/bris-art-culinaire,Bris'Art Culinaire,La Baule,France,restaurant,,,
michelin-2026-france,michelin,2026,,Bib Gourmand,,https://guide.michelin.com/en/normandie/coutances/restaurant/kalamansi,Kalamansi,Coutances,France,restaurant,,,
michelin-2026-france,michelin,2026,,Bib Gourmand,,https://guide.michelin.com/en/normandie/saint-pair-sur-mer/restaurant/seme,Sème,Saint-Pair-sur-Mer,France,restaurant,,,
michelin-2026-france,michelin,2026,,Bib Gourmand,,https://guide.michelin.com/en/pays-de-la-loire/saint-nazaire/restaurant/topaze,Topaze,Saint-Nazaire,France,restaurant,,,
michelin-2026-france,michelin,2026,,Bib Gourmand,,https://guide.michelin.com/en/bretagne/bruz_1563399/restaurant/recolte,Récolte,Bruz,France,restaurant,,,
michelin-2026-france,michelin,2026,,Bib Gourmand,,https://guide.michelin.com/en/normandie/hambye/restaurant/auberge-de-l-abbaye3653,Auberge de l'Abbaye,Hambye,France,restaurant,,,
michelin-2026-france,michelin,2026,,Bib Gourmand,,https://guide.michelin.com/en/pays-de-la-loire/saint-michel-chef-chef_1576777/restaurant/beau-boucot,Beau Boucot,Saint-Michel-Chef-Chef,France,restaurant,,,
michelin-2026-france,michelin,2026,,Bib Gourmand,,https://guide.michelin.com/en/bretagne/rennes/restaurant/estime,Estime,Rennes,France,restaurant,,,
michelin-2026-france,michelin,2026,,Bib Gourmand,,https://guide.michelin.com/en/bretagne/rennes/restaurant/breizh-cafe-rennes,Breizh Café Rennes,Rennes,France,restaurant,,,
michelin-2026-france,michelin,2026,,Bib Gourmand,,https://guide.michelin.com/en/bretagne/rennes/restaurant/la-petite-ourse,La Petite Ourse,Rennes,France,restaurant,,,
michelin-2026-france,michelin,2026,,Bib Gourmand,,https://guide.michelin.com/en/bretagne/rennes/restaurant/bombance,Bombance,Rennes,France,restaurant,,,
michelin-2026-france,michelin,2026,,Bib Gourmand,,https://guide.michelin.com/en/bretagne/rennes/restaurant/fezi,Fezi,Rennes,France,restaurant,,,
michelin-2026-france,michelin,2026,,Bib Gourmand,,https://guide.michelin.com/en/bretagne/rennes/restaurant/yoko,YOKO,Rennes,France,restaurant,,,
michelin-2026-france,michelin,2026,,Bib Gourmand,,https://guide.michelin.com/en/pays-de-la-loire/noirmoutier-en-lile/restaurant/l-assiette-au-jardin,L'Assiette au Jardin,Noirmoutier-en-l'Île,France,restaurant,,,
michelin-2026-france,michelin,2026,,Bib Gourmand,,https://guide.michelin.com/en/pays-de-la-loire/pornic/restaurant/l-orangerie-1200220,L'Orangerie,Pornic,France,restaurant,,,
michelin-2026-france,michelin,2026,,Bib Gourmand,,https://guide.michelin.com/en/normandie/bayeux/restaurant/la-rapiere,La Rapière,Bayeux,France,restaurant,,,
michelin-2026-france,michelin,2026,,Bib Gourmand,,https://guide.michelin.com/en/normandie/bayeux/restaurant/l-angle-saint-laurent,L'Angle Saint-Laurent,Bayeux,France,restaurant,,,
michelin-2026-france,michelin,2026,,Bib Gourmand,,https://guide.michelin.com/en/normandie/bayeux/restaurant/l-alcove,L'Alcôve,Bayeux,France,restaurant,,,
michelin-2026-france,michelin,2026,,Bib Gourmand,,https://guide.michelin.com/en/bretagne/vitr/restaurant/entre-nous,Entre Nous,Vitré,France,restaurant,,,
michelin-2026-france,michelin,2026,,Bib Gourmand,,https://guide.michelin.com/en/pays-de-la-loire/nantes/restaurant/p-tite-pomme,P'tite Pomme,Nantes,France,restaurant,,,
michelin-2026-france,michelin,2026,,Bib Gourmand,,https://guide.michelin.com/en/pays-de-la-loire/nantes/restaurant/obbo,OBBO,Nantes,France,restaurant,,,
michelin-2026-france,michelin,2026,,Bib Gourmand,,https://guide.michelin.com/en/pays-de-la-loire/nantes/restaurant/la-mandale,La Mandale,Nantes,France,restaurant,,,
michelin-2026-france,michelin,2026,,Bib Gourmand,,https://guide.michelin.com/en/pays-de-la-loire/la-chaize-giraud/restaurant/maison-brume,Maison Brume,La Chaize-Giraud,France,restaurant,,,
michelin-2026-france,michelin,2026,,Bib Gourmand,,https://guide.michelin.com/en/pays-de-la-loire/basse-goulaine/restaurant/restaurant-du-pont,Restaurant du Pont,Basse-Goulaine,France,restaurant,,,
michelin-2026-france,michelin,2026,,Bib Gourmand,,https://guide.michelin.com/en/normandie/mathieu_1560708/restaurant/roze,Roze,Mathieu,France,restaurant,,,
michelin-2026-france,michelin,2026,,Bib Gourmand,,https://guide.michelin.com/en/pays-de-la-loire/les-sables-d-olonne/restaurant/alice-le-bistrot-le-manoir-de-la-mortiere,"Alice, le bistrot - Manoir de la Mortière",Les Sables-d'Olonne,France,restaurant,,,
michelin-2026-france,michelin,2026,,Bib Gourmand,,https://guide.michelin.com/en/normandie/ouistreham/restaurant/la-table-d-hotes,La Table d'Hôtes,Ouistreham,France,restaurant,,,
michelin-2026-france,michelin,2026,,Bib Gourmand,,https://guide.michelin.com/en/pays-de-la-loire/chteau-thbaud/restaurant/auberge-la-gaillotiere,Auberge La Gaillotière,Château-Thébaud,France,restaurant,,,
michelin-2026-france,michelin,2026,,Bib Gourmand,,https://guide.michelin.com/en/pays-de-la-loire/beaulieu-sous-la-roche/restaurant/cafe-des-arts,Le Café des Arts,Beaulieu-sous-la-Roche,France,restaurant,,,
michelin-2026-france,michelin,2026,,Bib Gourmand,,https://guide.michelin.com/en/normandie/juvigny-sous-andaine/restaurant/au-bon-accueil3941,Au Bon Accueil,Juvigny-sous-Andaine,France,restaurant,,,
michelin-2026-france,michelin,2026,,Bib Gourmand,,https://guide.michelin.com/en/normandie/houlgate/restaurant/l-eden,L'Éden,Houlgate,France,restaurant,,,
michelin-2026-france,michelin,2026,,Bib Gourmand,,https://guide.michelin.com/en/pays-de-la-loire/montaigu/restaurant/l-atelier-1216533,L'Atelier,Montaigu,France,restaurant,,,
michelin-2026-france,michelin,2026,,Bib Gourmand,,https://guide.michelin.com/en/normandie/le-havre/restaurant/le-bouche-a-oreille531147,Le Bouche à Oreille,Le Havre,France,restaurant,,,
michelin-2026-france,michelin,2026,,Bib Gourmand,,https://guide.michelin.com/en/normandie/le-havre/restaurant/le-margote,Le Margote,Le Havre,France,restaurant,,,
michelin-2026-france,michelin,2026,,Bib Gourmand,,https://guide.michelin.com/en/normandie/honfleur/restaurant/la-fleur-de-sel3731,La Fleur de Sel,Honfleur,France,restaurant,,,
michelin-2026-france,michelin,2026,,Bib Gourmand,,https://guide.michelin.com/en/normandie/honfleur/restaurant/saquana,SaQuaNa,Honfleur,France,restaurant,,,
michelin-2026-france,michelin,2026,,Bib Gourmand,,https://guide.michelin.com/en/pays-de-la-loire/les-herbiers/restaurant/l-envers-du-decor,L'Envers du Décor,Les Herbiers,France,restaurant,,,
michelin-2026-france,michelin,2026,,Bib Gourmand,,https://guide.michelin.com/en/pays-de-la-loire/cholet/restaurant/l-ourdissoir,L'Ourdissoir,Cholet,France,restaurant,,,
michelin-2026-france,michelin,2026,,Bib Gourmand,,https://guide.michelin.com/en/pays-de-la-loire/cholet/restaurant/la-p'tite-patte,La P'tite Patte,Cholet,France,restaurant,,,
michelin-2026-france,michelin,2026,,Bib Gourmand,,https://guide.michelin.com/en/nouvelle-aquitaine/saint-denis-d-olron/restaurant/le-jour-du-poisson,Le Jour du Poisson,Saint-Denis-d'Oléron,France,restaurant,,,
michelin-2026-france,michelin,2026,,Bib Gourmand,,https://guide.michelin.com/en/pays-de-la-loire/angers/restaurant/l-ardoise-502593,L'Ardoise,Angers,France,restaurant,,,
michelin-2026-france,michelin,2026,,Bib Gourmand,,https://guide.michelin.com/en/pays-de-la-loire/angers/restaurant/gribiche,Gribiche,Angers,France,restaurant,,,
michelin-2026-france,michelin,2026,,Bib Gourmand,,https://guide.michelin.com/en/nouvelle-aquitaine/l-houmeau_1477385/restaurant/briemm,Briemm,L'Houmeau,France,restaurant,,,
michelin-2026-france,michelin,2026,,Bib Gourmand,,https://guide.michelin.com/en/nouvelle-aquitaine/saint-pierre-d-olron/restaurant/sillage,Sillage,Saint-Pierre-d'Oléron,France,restaurant,,,
michelin-2026-france,michelin,2026,,Bib Gourmand,,https://guide.michelin.com/en/nouvelle-aquitaine/le-grand-village-plage/restaurant/le-relais-des-salines,Le Relais des Salines,Le Grand-Village-Plage,France,restaurant,,,
michelin-2026-france,michelin,2026,,Bib Gourmand,,https://guide.michelin.com/en/normandie/auzouville-sur-saane/restaurant/auberge-de-la-mere-duval,Auberge de La Mère Duval,Auzouville-sur-Saâne,France,restaurant,,,
michelin-2026-france,michelin,2026,,Bib Gourmand,,https://guide.michelin.com/en/hauts-de-france/audresselles_1544592/restaurant/la-plage-1192535,La Plage,Audresselles,France,restaurant,,,
michelin-2026-france,michelin,2026,,Bib Gourmand,,https://guide.michelin.com/en/normandie/dieppe/restaurant/bistrot-du-pollet,Bistrot du Pollet,Dieppe,France,restaurant,,,
michelin-2026-france,michelin,2026,,Bib Gourmand,,https://guide.michelin.com/en/normandie/treis-sants-en-ouche_7770447/restaurant/le-moulin-fouret,Le Moulin Fouret,Treis-Sants-en-Ouche,France,restaurant,,,
michelin-2026-france,michelin,2026,,Bib Gourmand,,https://guide.michelin.com/en/hauts-de-france/wierre-effroy/restaurant/la-ferme-du-vert,La Ferme du Vert,Wierre-Effroy,France,restaurant,,,
michelin-2026-france,michelin,2026,,Bib Gourmand,,https://guide.michelin.com/en/hauts-de-france/calais/restaurant/histoire-ancienne,Histoire Ancienne,Calais,France,restaurant,,,
michelin-2026-france,michelin,2026,,Bib Gourmand,,https://guide.michelin.com/en/hauts-de-france/etaples/restaurant/racines-1192568,Racines,Étaples,France,restaurant,,,
michelin-2026-france,michelin,2026,,Bib Gourmand,,https://guide.michelin.com/en/normandie/saint-langis-les-mortagne/restaurant/les-pieds-dans-l-eau,Les Pieds Dans l'Eau,Saint-Langis-lès-Mortagne,France,restaurant,,,
michelin-2026-france,michelin,2026,,Bib Gourmand,,https://guide.michelin.com/en/normandie/rouen/restaurant/paul-arthur,Paul-Arthur,Rouen,France,restaurant,,,
michelin-2026-france,michelin,2026,,Bib Gourmand,,https://guide.michelin.com/en/nouvelle-aquitaine/royan/restaurant/rafales,Rafales,Royan,France,restaurant,,,
michelin-2026-france,michelin,2026,,Bib Gourmand,,https://guide.michelin.com/en/pays-de-la-loire/saumur/restaurant/la-table-by-mi-k-l,La Table By Mi-K'L,Saumur,France,restaurant,,,
michelin-2026-france,michelin,2026,,Bib Gourmand,,https://guide.michelin.com/en/pays-de-la-loire/saumur/restaurant/l-essentiel-1192562,L'Essentiel,Saumur,France,restaurant,,,
michelin-2026-france,michelin,2026,,Bib Gourmand,,https://guide.michelin.com/en/hauts-de-france/favires/restaurant/la-cle-des-champs,La Clé des Champs,Favières,France,restaurant,,,
michelin-2026-france,michelin,2026,,Bib Gourmand,,https://guide.michelin.com/en/normandie/saint-tienne-du-vauvray/restaurant/la-ferme-de-la-haute-cremonville,La Ferme de la Haute Crémonville,Saint-Étienne-du-Vauvray,France,restaurant,,,
michelin-2026-france,michelin,2026,,Bib Gourmand,,https://guide.michelin.com/en/normandie/vreux/restaurant/la-gazette,La Gazette,Evreux,France,restaurant,,,
michelin-2026-france,michelin,2026,,Bib Gourmand,,https://guide.michelin.com/en/pays-de-la-loire/la-fert-bernard/restaurant/restaurant-du-dauphin,Restaurant du Dauphin,La Ferté-Bernard,France,restaurant,,,
michelin-2026-france,michelin,2026,,Bib Gourmand,,https://guide.michelin.com/en/hauts-de-france/dunkerque_1546085/restaurant/renee,Renée,Dunkirk,France,restaurant,,,
michelin-2026-france,michelin,2026,,Bib Gourmand,,https://guide.michelin.com/en/nouvelle-aquitaine/saintes/restaurant/saveurs-de-l-abbaye,Saveurs de l'Abbaye,Saintes,France,restaurant,,,
michelin-2026-france,michelin,2026,,Bib Gourmand,,https://guide.michelin.com/en/nouvelle-aquitaine/saintes/restaurant/le-parvis,Le Parvis,Saintes,France,restaurant,,,
michelin-2026-france,michelin,2026,,Bib Gourmand,,https://guide.michelin.com/en/nouvelle-aquitaine/saintes/restaurant/l-iode,L'IØDE,Saintes,France,restaurant,,,
michelin-2026-france,michelin,2026,,Bib Gourmand,,https://guide.michelin.com/en/pays-de-la-loire/chahaignes_1570756/restaurant/silex-1214187,Silex,Chahaignes,France,restaurant,,,
michelin-2026-france,michelin,2026,,Bib Gourmand,,https://guide.michelin.com/en/nouvelle-aquitaine/la-teste-de-buch/restaurant/l-aillet,L'Aillet,La Teste-de-Buch,France,restaurant,,,
michelin-2026-france,michelin,2026,,Bib Gourmand,,https://guide.michelin.com/en/hauts-de-france/bermicourt/restaurant/la-cour-de-remi,La Cour de Rémi,Bermicourt,France,restaurant,,,
michelin-2026-france,michelin,2026,,Bib Gourmand,,https://guide.michelin.com/en/centre-val-de-loire/richelieu_1584246/restaurant/fosse-saint-ange,Fossé Saint Ange,Richelieu,France,restaurant,,,
michelin-2026-france,michelin,2026,,Bib Gourmand,,https://guide.michelin.com/en/centre-val-de-loire/azay-le-rideau/restaurant/l-epine,L'Épine,Azay-le-Rideau,France,restaurant,,,
michelin-2026-france,michelin,2026,,Bib Gourmand,,https://guide.michelin.com/en/nouvelle-aquitaine/jarnac-champagne_1477221/restaurant/le-coude-a-coude-1217411,Le Coude à Coude,Jarnac-Champagne,France,restaurant,,,
michelin-2026-france,michelin,2026,,Bib Gourmand,,https://guide.michelin.com/en/nouvelle-aquitaine/guthary/restaurant/briket-bistrot,Briket' Bistrot,Guéthary,France,restaurant,,,
michelin-2026-france,michelin,2026,,Bib Gourmand,,https://guide.michelin.com/en/nouvelle-aquitaine/biarritz/restaurant/ahpe,AHPĒ,Biarritz,France,restaurant,,,
michelin-2026-france,michelin,2026,,Bib Gourmand,,https://guide.michelin.com/en/nouvelle-aquitaine/biarritz/restaurant/leonie,Léonie,Biarritz,France,restaurant,,,
michelin-2026-france,michelin,2026,,Bib Gourmand,,https://guide.michelin.com/en/hauts-de-france/castre/restaurant/l-auberge,L'Auberge,Caëstre,France,restaurant,,,
michelin-2026-france,michelin,2026,,Bib Gourmand,,https://guide.michelin.com/en/nouvelle-aquitaine/coulombiers/restaurant/auberge-le-centre-poitou,Auberge Le Centre Poitou,Coulombiers,France,restaurant,,,
michelin-2026-france,michelin,2026,,Bib Gourmand,,https://guide.michelin.com/en/nouvelle-aquitaine/bourg-charente/restaurant/la-table-du-fleuve,La Table du Fleuve,Bourg-Charente,France,restaurant,,,
michelin-2026-france,michelin,2026,,Bib Gourmand,,https://guide.michelin.com/en/centre-val-de-loire/vendme/restaurant/le-malu,Le Malu,Vendôme,France,restaurant,,,
michelin-2026-france,michelin,2026,,Bib Gourmand,,https://guide.michelin.com/en/nouvelle-aquitaine/bordeaux/restaurant/madame-b,Madame B,Bordeaux,France,restaurant,,,
michelin-2026-france,michelin,2026,,Bib Gourmand,,https://guide.michelin.com/en/nouvelle-aquitaine/bordeaux/restaurant/mets-mots,Mets Mots,Bordeaux,France,restaurant,,,
michelin-2026-france,michelin,2026,,Bib Gourmand,,https://guide.michelin.com/en/nouvelle-aquitaine/bordeaux/restaurant/panaille,Panaille,Bordeaux,France,restaurant,,,
michelin-2026-france,michelin,2026,,Bib Gourmand,,https://guide.michelin.com/en/nouvelle-aquitaine/bordeaux/restaurant/racines-by-daniel-gallacher,Racines by Daniel Gallacher,Bordeaux,France,restaurant,,,
michelin-2026-france,michelin,2026,,Bib Gourmand,,https://guide.michelin.com/en/hauts-de-france/sailly-sur-la-lys_1550057/restaurant/la-conciergerie,La Conciergerie,Sailly-sur-la-Lys,France,restaurant,,,
michelin-2026-france,michelin,2026,,Bib Gourmand,,https://guide.michelin.com/en/nouvelle-aquitaine/bordeaux/restaurant/sens-1198521,Sens,Bordeaux,France,restaurant,,,
michelin-2026-france,michelin,2026,,Bib Gourmand,,https://guide.michelin.com/en/nouvelle-aquitaine/bordeaux/restaurant/kedem,Kedem,Bordeaux,France,restaurant,,,
michelin-2026-france,michelin,2026,,Bib Gourmand,,https://guide.michelin.com/en/centre-val-de-loire/le-louroux/restaurant/la-table-du-prieure,La Table du Prieuré,Le Louroux,France,restaurant,,,
michelin-2026-france,michelin,2026,,Bib Gourmand,,https://guide.michelin.com/en/nouvelle-aquitaine/saint-andr-de-cubzac/restaurant/la-table-d-inomoto,La Table d'Inomoto,Saint-André-de-Cubzac,France,restaurant,,,
michelin-2026-france,michelin,2026,,Bib Gourmand,,https://guide.michelin.com/en/hauts-de-france/illies/restaurant/l-epicurieux,L'Épicurieux,Illies,France,restaurant,,,
michelin-2026-france,michelin,2026,,Bib Gourmand,,https://guide.michelin.com/en/centre-val-de-loire/amboise/restaurant/les-arpents,Les Arpents,Amboise,France,restaurant,,,
michelin-2026-france,michelin,2026,,Bib Gourmand,,https://guide.michelin.com/en/nouvelle-aquitaine/guiche/restaurant/le-gantxo,Le Gantxo,Guiche,France,restaurant,,,
michelin-2026-france,michelin,2026,,Bib Gourmand,,https://guide.michelin.com/en/centre-val-de-loire/oucques/restaurant/o-en-couleur,Ô en Couleur,Oucques,France,restaurant,,,
michelin-2026-france,michelin,2026,,Bib Gourmand,,https://guide.michelin.com/en/hauts-de-france/saint-andre-lez-lille_1550077/restaurant/le-mana,Le Mana,Saint-André-lez-Lille,France,restaurant,,,
michelin-2026-france,michelin,2026,,Bib Gourmand,,https://guide.michelin.com/en/centre-val-de-loire/veuzain-sur-loire_7770371/restaurant/la-croix-blanche-9435,La Croix Blanche,Veuzain-sur-Loire,France,restaurant,,,
michelin-2026-france,michelin,2026,,Bib Gourmand,,https://guide.michelin.com/en/hauts-de-france/wambrechies/restaurant/balsamique,Balsamique,Wambrechies,France,restaurant,,,
michelin-2026-france,michelin,2026,,Bib Gourmand,,https://guide.michelin.com/en/nouvelle-aquitaine/irouleguy/restaurant/jarapea,Jarapea,Irouléguy,France,restaurant,,,
michelin-2026-france,michelin,2026,,Bib Gourmand,,https://guide.michelin.com/en/nouvelle-aquitaine/irissarry/restaurant/art-zain,Art'zain,Irissarry,France,restaurant,,,
michelin-2026-france,michelin,2026,,Bib Gourmand,,https://guide.michelin.com/en/centre-val-de-loire/saint-georges-sur-cher/restaurant/fleur-de-sel-1191650,Fleur de Sel,Saint-Georges-sur-Cher,France,restaurant,,,
michelin-2026-france,michelin,2026,,Bib Gourmand,,https://guide.michelin.com/en/nouvelle-aquitaine/pouillon/restaurant/l-auberge-du-pas-de-vent,L'Auberge du Pas de Vent,Pouillon,France,restaurant,,,
michelin-2026-france,michelin,2026,,Bib Gourmand,,https://guide.michelin.com/en/hauts-de-france/marcq-en-barul/restaurant/repu,Rēpu,Marcq-en-Barœul,France,restaurant,,,
michelin-2026-france,michelin,2026,,Bib Gourmand,,https://guide.michelin.com/en/nouvelle-aquitaine/angoulme/restaurant/la-bistronomie-1215864,La Bistronomie,Angoulême,France,restaurant,,,
michelin-2026-france,michelin,2026,,Bib Gourmand,,https://guide.michelin.com/en/hauts-de-france/brebires/restaurant/air-accueil,Air Accueil,Brebières,France,restaurant,,,
michelin-2026-france,michelin,2026,,Bib Gourmand,,https://guide.michelin.com/en/ile-de-france/nanterre/restaurant/cabane,Cabane,Nanterre,France,restaurant,,,
michelin-2026-france,michelin,2026,,Bib Gourmand,,https://guide.michelin.com/en/ile-de-france/la-garenne-colombes/restaurant/tata-yoyo,Tata Yoyo,La Garenne-Colombes,France,restaurant,,,
michelin-2026-france,michelin,2026,,Bib Gourmand,,https://guide.michelin.com/en/nouvelle-aquitaine/sauternes/restaurant/la-chapelle-de-guiraud,La Chapelle de Guiraud,Sauternes,France,restaurant,,,
michelin-2026-france,michelin,2026,,Bib Gourmand,,https://guide.michelin.com/en/centre-val-de-loire/fougeres-sur-bievre/restaurant/avarum,Avarum,Fougères-sur-Bièvre,France,restaurant,,,
michelin-2026-france,michelin,2026,,Bib Gourmand,,https://guide.michelin.com/en/ile-de-france/la-garenne-colombes/restaurant/le-saint-joseph,Le Saint Joseph,La Garenne-Colombes,France,restaurant,,,
michelin-2026-france,michelin,2026,,Bib Gourmand,,https://guide.michelin.com/en/centre-val-de-loire/mont-pres-chambord_1583528/restaurant/domus,Domus,Mont-près-Chambord,France,restaurant,,,
michelin-2026-france,michelin,2026,,Bib Gourmand,,https://guide.michelin.com/en/ile-de-france/boulogne-billancourt/restaurant/baca-v-boulogne,Baca'v - Boulogne,Boulogne-Billancourt,France,restaurant,,,
michelin-2026-france,michelin,2026,,Bib Gourmand,,https://guide.michelin.com/en/nouvelle-aquitaine/langon/restaurant/l-atelier-flavien-valere,L'Atelier Flavien Valère,Langon,France,restaurant,,,
michelin-2026-france,michelin,2026,,Bib Gourmand,,https://guide.michelin.com/en/nouvelle-aquitaine/availles-limouzine/restaurant/la-chatellenie,La Chatellenie,Availles-Limouzine,France,restaurant,,,
michelin-2026-france,michelin,2026,,Bib Gourmand,,https://guide.michelin.com/en/ile-de-france/paris/restaurant/a-l-improviste,À L'Improviste,Paris,France,restaurant,,,
michelin-2026-france,michelin,2026,,Bib Gourmand,,https://guide.michelin.com/en/hauts-de-france/lamorlaye_1547640/restaurant/charnu,Charnu,Lamorlaye,France,restaurant,,,
michelin-2026-france,michelin,2026,,Bib Gourmand,,https://guide.michelin.com/en/ile-de-france/clichy/restaurant/rosette,Rosette,Clichy,France,restaurant,,,
michelin-2026-france,michelin,2026,,Bib Gourmand,,https://guide.michelin.com/en/ile-de-france/paris/restaurant/bistrot-des-fables,Bistrot des Fables,Paris,France,restaurant,,,
michelin-2026-france,michelin,2026,,Bib Gourmand,,https://guide.michelin.com/en/ile-de-france/paris/restaurant/mova,Mova,Paris,France,restaurant,,,
michelin-2026-france,michelin,2026,,Bib Gourmand,,https://guide.michelin.com/en/ile-de-france/paris/restaurant/le-radis-beurre,Le Radis Beurre,Paris,France,restaurant,,,
michelin-2026-france,michelin,2026,,Bib Gourmand,,https://guide.michelin.com/en/ile-de-france/paris/restaurant/20-eiffel,20 Eiffel,Paris,France,restaurant,,,
michelin-2026-france,michelin,2026,,Bib Gourmand,,https://guide.michelin.com/en/ile-de-france/paris/restaurant/bru,BRU,Paris,France,restaurant,,,
michelin-2026-france,michelin,2026,,Bib Gourmand,,https://guide.michelin.com/en/ile-de-france/paris/restaurant/adami,Adami,Paris,France,restaurant,,,
michelin-2026-france,michelin,2026,,Bib Gourmand,,https://guide.michelin.com/en/ile-de-france/paris/restaurant/le-casse-noix,Le CasseNoix,Paris,France,restaurant,,,
michelin-2026-france,michelin,2026,,Bib Gourmand,,https://guide.michelin.com/en/ile-de-france/paris/restaurant/mandoobar,Mandoobar,Paris,France,restaurant,,,
michelin-2026-france,michelin,2026,,Bib Gourmand,,https://guide.michelin.com/en/ile-de-france/paris/restaurant/kisin,Kisin,Paris,France,restaurant,,,
michelin-2026-france,michelin,2026,,Bib Gourmand,,https://guide.michelin.com/en/ile-de-france/paris/restaurant/l-antre-amis,L'Antre Amis,Paris,France,restaurant,,,
michelin-2026-france,michelin,2026,,Bib Gourmand,,https://guide.michelin.com/en/ile-de-france/paris/restaurant/les-canailles-pigalle,Les Canailles Pigalle,Paris,France,restaurant,,,
michelin-2026-france,michelin,2026,,Bib Gourmand,,https://guide.michelin.com/en/centre-val-de-loire/bracieux/restaurant/le-rendez-vous-des-gourmets,Le Rendez-vous des Gourmets,Bracieux,France,restaurant,,,
michelin-2026-france,michelin,2026,,Bib Gourmand,,https://guide.michelin.com/en/ile-de-france/paris/restaurant/rosemarie,Rosemarie,Paris,France,restaurant,,,
michelin-2026-france,michelin,2026,,Bib Gourmand,,https://guide.michelin.com/en/ile-de-france/paris/restaurant/ose-1203614,Ose,Paris,France,restaurant,,,
michelin-2026-france,michelin,2026,,Bib Gourmand,,https://guide.michelin.com/en/ile-de-france/paris/restaurant/la-table-de-mee,La Table de Mee,Paris,France,restaurant,,,
michelin-2026-france,michelin,2026,,Bib Gourmand,,https://guide.michelin.com/en/ile-de-france/paris/restaurant/savarin-1219118,Le Savarin,Paris,France,restaurant,,,
michelin-2026-france,michelin,2026,,Bib Gourmand,,https://guide.michelin.com/en/ile-de-france/montrouge/restaurant/farouche,Farouche,Montrouge,France,restaurant,,,
michelin-2026-france,michelin,2026,,Bib Gourmand,,https://guide.michelin.com/en/ile-de-france/paris/restaurant/le-tire-bouchon-rodier,Le Tire-Bouchon Rodier,Paris,France,restaurant,,,
michelin-2026-france,michelin,2026,,Bib Gourmand,,https://guide.michelin.com/en/ile-de-france/paris/restaurant/le-coucou-1241534,Le Coucou,Paris,France,restaurant,,,
michelin-2026-france,michelin,2026,,Bib Gourmand,,https://guide.michelin.com/en/ile-de-france/paris/restaurant/capsule,Capsule,Paris,France,restaurant,,,
michelin-2026-france,michelin,2026,,Bib Gourmand,,https://guide.michelin.com/en/ile-de-france/paris/restaurant/fana,Fana,Paris,France,restaurant,,,
michelin-2026-france,michelin,2026,,Bib Gourmand,,https://guide.michelin.com/en/ile-de-france/paris/restaurant/mam-from-hanoi,Mắm From Hanoï,Paris,France,restaurant,,,
michelin-2026-france,michelin,2026,,Bib Gourmand,,https://guide.michelin.com/en/ile-de-france/paris/restaurant/brigade-du-tigre,Brigade du Tigre,Paris,France,restaurant,,,
michelin-2026-france,michelin,2026,,Bib Gourmand,,https://guide.michelin.com/en/ile-de-france/paris/restaurant/kodawari-ramen,Kodawari Ramen - Yokochō,Paris,France,restaurant,,,
michelin-2026-france,michelin,2026,,Bib Gourmand,,https://guide.michelin.com/en/ile-de-france/paris/restaurant/le-cornichon,Le Cornichon,Paris,France,restaurant,,,
michelin-2026-france,michelin,2026,,Bib Gourmand,,https://guide.michelin.com/en/ile-de-france/paris/restaurant/aux-plumes,Aux Plumes,Paris,France,restaurant,,,
michelin-2026-france,michelin,2026,,Bib Gourmand,,https://guide.michelin.com/en/ile-de-france/paris/restaurant/le-caillebotte,Caillebotte,Paris,France,restaurant,,,
michelin-2026-france,michelin,2026,,Bib Gourmand,,https://guide.michelin.com/en/ile-de-france/paris/restaurant/abri-soba,Abri Soba,Paris,France,restaurant,,,
michelin-2026-france,michelin,2026,,Bib Gourmand,,https://guide.michelin.com/en/ile-de-france/paris/restaurant/le-pantruche,Le Pantruche,Paris,France,restaurant,,,
michelin-2026-france,michelin,2026,,Bib Gourmand,,https://guide.michelin.com/en/ile-de-france/paris/restaurant/aux-2-k,Aux 2 K,Paris,France,restaurant,,,
michelin-2026-france,michelin,2026,,Bib Gourmand,,https://guide.michelin.com/en/ile-de-france/paris/restaurant/auberge-pyrenees-cevennes,Auberge Pyrénées Cévennes,Paris,France,restaurant,,,
michelin-2026-france,michelin,2026,,Bib Gourmand,,https://guide.michelin.com/en/ile-de-france/paris/restaurant/baca-v,Baca'v par Gilles Choukroun,Paris,France,restaurant,,,
michelin-2026-france,michelin,2026,,Bib Gourmand,,https://guide.michelin.com/en/ile-de-france/paris/restaurant/lissit,Lissit,Paris,France,restaurant,,,
michelin-2026-france,michelin,2026,,Bib Gourmand,,https://guide.michelin.com/en/ile-de-france/paris/restaurant/jip,Jip,Paris,France,restaurant,,,
michelin-2026-france,michelin,2026,,Bib Gourmand,,https://guide.michelin.com/en/ile-de-france/paris/restaurant/double-dragon,Double Dragon,Paris,France,restaurant,,,
michelin-2026-france,michelin,2026,,Bib Gourmand,,https://guide.michelin.com/en/ile-de-france/paris/restaurant/lao-siam,Lao Siam,Paris,France,restaurant,,,
michelin-2026-france,michelin,2026,,Bib Gourmand,,https://guide.michelin.com/en/ile-de-france/paris/restaurant/clamato,Clamato,Paris,France,restaurant,,,
michelin-2026-france,michelin,2026,,Bib Gourmand,,https://guide.michelin.com/en/ile-de-france/paris/restaurant/epopee,Épopée,Paris,France,restaurant,,,
michelin-2026-france,michelin,2026,,Bib Gourmand,,https://guide.michelin.com/en/ile-de-france/paris/restaurant/jouvence,Jouvence,Paris,France,restaurant,,,
michelin-2026-france,michelin,2026,,Bib Gourmand,,https://guide.michelin.com/en/ile-de-france/paris/restaurant/imperial-choisy,Impérial Choisy,Paris,France,restaurant,,,
michelin-2026-france,michelin,2026,,Bib Gourmand,,https://guide.michelin.com/en/nouvelle-aquitaine/mont-de-marsan/restaurant/villa-mirasol-bistrot-1912,Villa Mirasol - Bistrot 1912,Mont-de-Marsan,France,restaurant,,,
michelin-2026-france,michelin,2026,,Bib Gourmand,,https://guide.michelin.com/en/nouvelle-aquitaine/larrau/restaurant/etchemaite,Etchemaite,Larrau,France,restaurant,,,
michelin-2026-france,michelin,2026,,Bib Gourmand,,https://guide.michelin.com/en/ile-de-france/yerres/restaurant/bird,Bird,Yerres,France,restaurant,,,
michelin-2026-france,michelin,2026,,Bib Gourmand,,https://guide.michelin.com/en/centre-val-de-loire/veuil/restaurant/auberge-st-fiacre,Auberge Saint Fiacre,Veuil,France,restaurant,,,
michelin-2026-france,michelin,2026,,Bib Gourmand,,https://guide.michelin.com/en/nouvelle-aquitaine/meilhan-sur-garonne_1487757/restaurant/chez-pierrette,Chez Pierrette,Meilhan-sur-Garonne,France,restaurant,,,
michelin-2026-france,michelin,2026,,Bib Gourmand,,https://guide.michelin.com/en/nouvelle-aquitaine/sainte-foy-la-grande/restaurant/cote-bastide,Côté Bastide,Sainte-Foy-la-Grande,France,restaurant,,,
michelin-2026-france,michelin,2026,,Bib Gourmand,,https://guide.michelin.com/en/nouvelle-aquitaine/fr-pau/restaurant/omnivore,Omnivore,Pau,France,restaurant,,,
michelin-2026-france,michelin,2026,,Bib Gourmand,,https://guide.michelin.com/en/centre-val-de-loire/chteauroux/restaurant/jeux-2-gouts,Jeux 2 Goûts,Châteauroux,France,restaurant,,,
michelin-2026-france,michelin,2026,,Bib Gourmand,,https://guide.michelin.com/en/nouvelle-aquitaine/prigueux/restaurant/cafe-louise,Café Louise,Périgueux,France,restaurant,,,
michelin-2026-france,michelin,2026,,Bib Gourmand,,https://guide.michelin.com/en/nouvelle-aquitaine/fr-pau/restaurant/jumo-co,Jumo & Co,Pau,France,restaurant,,,
michelin-2026-france,michelin,2026,,Bib Gourmand,,https://guide.michelin.com/en/nouvelle-aquitaine/champcevinel/restaurant/le-bel-art,Le Bel'Art,Champcevinel,France,restaurant,,,
michelin-2026-france,michelin,2026,,Bib Gourmand,,https://guide.michelin.com/en/nouvelle-aquitaine/conne-de-labarde_1483730/restaurant/maison-wessman-par-thierry-marx,Maison Wessman par Thierry Marx,Conne-de-Labarde,France,restaurant,,,
michelin-2026-france,michelin,2026,,Bib Gourmand,,https://guide.michelin.com/en/nouvelle-aquitaine/issigeac/restaurant/l-atelier,L'Atelier,Issigeac,France,restaurant,,,
michelin-2026-france,michelin,2026,,Bib Gourmand,,https://guide.michelin.com/en/nouvelle-aquitaine/saint-yrieix-la-perche_1472250/restaurant/l-attanum,L'Attanum,Saint-Yrieix-la-Perche,France,restaurant,,,
michelin-2026-france,michelin,2026,,Bib Gourmand,,https://guide.michelin.com/en/nouvelle-aquitaine/les-eyzies-de-tayac/restaurant/le-bistro-des-glycines,Le Bistro des Glycines,Les Eyzies-de-Tayac-Sireuil,France,restaurant,,,
michelin-2026-france,michelin,2026,,Bib Gourmand,,https://guide.michelin.com/en/occitanie/argels-gazost/restaurant/au-fond-du-gosier,Au Fond du Gosier,Argelès-Gazost,France,restaurant,,,
michelin-2026-france,michelin,2026,,Bib Gourmand,,https://guide.michelin.com/en/nouvelle-aquitaine/agen/restaurant/la-table-de-michel-dussau,La Table de Michel Dussau,Agen,France,restaurant,,,
michelin-2026-france,michelin,2026,,Bib Gourmand,,https://guide.michelin.com/en/occitanie/tarbes/restaurant/l-empreinte499783,L'Empreinte,Tarbes,France,restaurant,,,
michelin-2026-france,michelin,2026,,Bib Gourmand,,https://guide.michelin.com/en/nouvelle-aquitaine/saint-robert_1472156/restaurant/monsieur-robert,Monsieur Robert,Saint-Robert,France,restaurant,,,
michelin-2026-france,michelin,2026,,Bib Gourmand,,https://guide.michelin.com/en/centre-val-de-loire/la-borne/restaurant/l-epicerie,L'Épicerie,La Borne,France,restaurant,,,
michelin-2026-france,michelin,2026,,Bib Gourmand,,https://guide.michelin.com/en/occitanie/lectoure/restaurant/racinette,Racinette,Lectoure,France,restaurant,,,
michelin-2026-france,michelin,2026,,Bib Gourmand,,https://guide.michelin.com/en/occitanie/bagnres-de-bigorre/restaurant/la-table-du-cinq,La Table du Cinq,Bagnères-de-Bigorre,France,restaurant,,,
michelin-2026-france,michelin,2026,,Bib Gourmand,,https://guide.michelin.com/en/nouvelle-aquitaine/la-roque-gageac/restaurant/la-belle-etoile,La Belle Étoile,La Roque-Gageac,France,restaurant,,,
michelin-2026-france,michelin,2026,,Bib Gourmand,,https://guide.michelin.com/en/bourgogne-franche-comte/saint-martin-du-tertre/restaurant/le-martin-bel-air,Le Martin Bel Air,Saint-Martin-du-Tertre,France,restaurant,,,
michelin-2026-france,michelin,2026,,Bib Gourmand,,https://guide.michelin.com/en/nouvelle-aquitaine/daglan/restaurant/le-petit-paris,Le Petit Paris,Daglan,France,restaurant,,,
michelin-2026-france,michelin,2026,,Bib Gourmand,,https://guide.michelin.com/en/nouvelle-aquitaine/carsac-aillac/restaurant/o-moulin,Ô Moulin,Carsac-Aillac,France,restaurant,,,
michelin-2026-france,michelin,2026,,Bib Gourmand,,https://guide.michelin.com/en/occitanie/puy-l-vque/restaurant/les-dodus,Les Dodus,Puy-L'Évêque,France,restaurant,,,
michelin-2026-france,michelin,2026,,Bib Gourmand,,https://guide.michelin.com/en/nouvelle-aquitaine/brive-la-gaillarde/restaurant/inspyration,Inspyration,Brive-la-Gaillarde,France,restaurant,,,
michelin-2026-france,michelin,2026,,Bib Gourmand,,https://guide.michelin.com/en/grand-est/reims/restaurant/brasserie-le-jardin,Brasserie Le Jardin,Reims,France,restaurant,,,
michelin-2026-france,michelin,2026,,Bib Gourmand,,https://guide.michelin.com/en/occitanie/aulon/restaurant/auberge-des-aryelets,Auberge des Aryelets,Aulon,France,restaurant,,,
michelin-2026-france,michelin,2026,,Bib Gourmand,,https://guide.michelin.com/en/occitanie/gourdon/restaurant/delicatessens,Delicatessens,Gourdon,France,restaurant,,,
michelin-2026-france,michelin,2026,,Bib Gourmand,,https://guide.michelin.com/en/nouvelle-aquitaine/bar_1473878/restaurant/l-epicurieux-1217336,L'Épicurieux,Bar,France,restaurant,,,
michelin-2026-france,michelin,2026,,Bib Gourmand,,https://guide.michelin.com/en/nouvelle-aquitaine/tulle/restaurant/le-bouche-a-oreille490710,Le Bouche à Oreille,Tulle,France,restaurant,,,
michelin-2026-france,michelin,2026,,Bib Gourmand,,https://guide.michelin.com/en/nouvelle-aquitaine/tulle/restaurant/les-7,Les 7,Tulle,France,restaurant,,,
michelin-2026-france,michelin,2026,,Bib Gourmand,,https://guide.michelin.com/en/grand-est/montcy-notre-dame/restaurant/l-auberge-du-laminak,L'Auberge du Laminak,Montcy-Notre-Dame,France,restaurant,,,
michelin-2026-france,michelin,2026,,Bib Gourmand,,https://guide.michelin.com/en/occitanie/cahors/restaurant/bonnie,Bonnie,Cahors,France,restaurant,,,
michelin-2026-france,michelin,2026,,Bib Gourmand,,https://guide.michelin.com/en/occitanie/cahors/restaurant/l-o-a-la-bouche,L'Ô à la Bouche,Cahors,France,restaurant,,,
michelin-2026-france,michelin,2026,,Bib Gourmand,,https://guide.michelin.com/en/occitanie/alvignac_1490419/restaurant/le-voyage-d-ernestine,Le Voyage d'Ernestine,Alvignac,France,restaurant,,,
michelin-2026-france,michelin,2026,,Bib Gourmand,,https://guide.michelin.com/en/bourgogne-franche-comte/auxerre/restaurant/le-sarment,Le Sarment,Auxerre,France,restaurant,,,
michelin-2026-france,michelin,2026,,Bib Gourmand,,https://guide.michelin.com/en/occitanie/l-isle-jourdain/restaurant/l-echappee-belle,L'Échappée Belle,L'Isle-Jourdain,France,restaurant,,,
michelin-2026-france,michelin,2026,,Bib Gourmand,,https://guide.michelin.com/en/occitanie/saint-cr/restaurant/philia,Philia,Saint-Céré,France,restaurant,,,
michelin-2026-france,michelin,2026,,Bib Gourmand,,https://guide.michelin.com/en/grand-est/pont-sainte-marie/restaurant/bistrot-dupont,Bistrot DuPont,Pont-Sainte-Marie,France,restaurant,,,
michelin-2026-france,michelin,2026,,Bib Gourmand,,https://guide.michelin.com/en/bourgogne-franche-comte/chablis/restaurant/chablis-wine-not,Chablis Wine Not,Chablis,France,restaurant,,,
michelin-2026-france,michelin,2026,,Bib Gourmand,,https://guide.michelin.com/en/occitanie/cajarc/restaurant/jeu-de-quilles,Jeu de Quilles,Cajarc,France,restaurant,,,
michelin-2026-france,michelin,2026,,Bib Gourmand,,https://guide.michelin.com/en/occitanie/toulouse/restaurant/l-air-de-famille336979,L'Air de Famille,Toulouse,France,restaurant,,,
michelin-2026-france,michelin,2026,,Bib Gourmand,,https://guide.michelin.com/en/bourgogne-franche-comte/valloux/restaurant/auberge-des-chenets,Auberge des Chenets,Valloux,France,restaurant,,,
michelin-2026-france,michelin,2026,,Bib Gourmand,,https://guide.michelin.com/en/occitanie/toulouse/restaurant/cartouches,Cartouches,Toulouse,France,restaurant,,,
michelin-2026-france,michelin,2026,,Bib Gourmand,,https://guide.michelin.com/en/occitanie/toulouse/restaurant/une-table-a-deux,Une Table à Deux,Toulouse,France,restaurant,,,
michelin-2026-france,michelin,2026,,Bib Gourmand,,https://guide.michelin.com/en/occitanie/saint-lizier/restaurant/le-carre-de-l-ange,Le Carré de l'Ange,Saint-Lizier,France,restaurant,,,
michelin-2026-france,michelin,2026,,Bib Gourmand,,https://guide.michelin.com/en/occitanie/balma/restaurant/l-equilibre,L'Équilibre,Balma,France,restaurant,,,
michelin-2026-france,michelin,2026,,Bib Gourmand,,https://guide.michelin.com/en/auvergne-rhone-alpes/tournemire/restaurant/la-petite-grange,La Petite Grange,Tournemire,France,restaurant,,,
michelin-2026-france,michelin,2026,,Bib Gourmand,,https://guide.michelin.com/en/auvergne-rhone-alpes/marcols/restaurant/oxalis-1209557,Oxalis,Marcolès,France,restaurant,,,
michelin-2026-france,michelin,2026,,Bib Gourmand,,https://guide.michelin.com/en/occitanie/laguepie_1494921/restaurant/l-angle,L'Angle,Laguépie,France,restaurant,,,
michelin-2026-france,michelin,2026,,Bib Gourmand,,https://guide.michelin.com/en/occitanie/saint-lieux-ls-lavaur/restaurant/le-colvert63526,Le Colvert,Saint-Lieux-lès-Lavaur,France,restaurant,,,
michelin-2026-france,michelin,2026,,Bib Gourmand,,https://guide.michelin.com/en/auvergne-rhone-alpes/orcines/restaurant/auberge-de-la-baraque,Auberge de la Baraque,Orcines,France,restaurant,,,
michelin-2026-france,michelin,2026,,Bib Gourmand,,https://guide.michelin.com/en/occitanie/gaillac/restaurant/vigne-en-foule,Vigne en Foule,Gaillac,France,restaurant,,,
michelin-2026-france,michelin,2026,,Bib Gourmand,,https://guide.michelin.com/en/auvergne-rhone-alpes/chamalires/restaurant/le-welcome,Le Welcome,Chamalières,France,restaurant,,,
michelin-2026-france,michelin,2026,,Bib Gourmand,,https://guide.michelin.com/en/grand-est/couviez/restaurant/les-epices-curiens,Les Épices Curiens,Écouviez,France,restaurant,,,
michelin-2026-france,michelin,2026,,Bib Gourmand,,https://guide.michelin.com/en/auvergne-rhone-alpes/clermont-ferrand/restaurant/le-chardonnay,Le Chardonnay,Clermont-Ferrand,France,restaurant,,,
michelin-2026-france,michelin,2026,,Bib Gourmand,,https://guide.michelin.com/en/auvergne-rhone-alpes/clermont-ferrand/restaurant/le-bistrot-d-a-cote,Le Bistrot d'à Côté,Clermont-Ferrand,France,restaurant,,,
michelin-2026-france,michelin,2026,,Bib Gourmand,,https://guide.michelin.com/en/auvergne-rhone-alpes/clermont-ferrand/restaurant/il-visconti,Il Visconti,Clermont-Ferrand,France,restaurant,,,
michelin-2026-france,michelin,2026,,Bib Gourmand,,https://guide.michelin.com/en/occitanie/conques/restaurant/bistrot-le-heron,Bistrot Le Héron,Conques-en-Rouergue,France,restaurant,,,
michelin-2026-france,michelin,2026,,Bib Gourmand,,https://guide.michelin.com/en/auvergne-rhone-alpes/saint-saturnin_1524702/restaurant/le-moulin-de-la-santoire,Le Moulin de la Santoire,Saint-Saturnin,France,restaurant,,,
michelin-2026-france,michelin,2026,,Bib Gourmand,,https://guide.michelin.com/en/auvergne-rhone-alpes/pailherols/restaurant/l-auberge-des-montagnes,L'Auberge des Montagnes,Pailherols,France,restaurant,,,
michelin-2026-france,michelin,2026,,Bib Gourmand,,https://guide.michelin.com/en/occitanie/albi/restaurant/l-epicurien66531,L'Épicurien,Albi,France,restaurant,,,
michelin-2026-france,michelin,2026,,Bib Gourmand,,https://guide.michelin.com/en/occitanie/naucelle/restaurant/l-obelias,L'Obélias,Naucelle,France,restaurant,,,
michelin-2026-france,michelin,2026,,Bib Gourmand,,https://guide.michelin.com/en/auvergne-rhone-alpes/boudes/restaurant/le-boudes-la-vigne,Le Boudes La Vigne,Boudes,France,restaurant,,,
michelin-2026-france,michelin,2026,,Bib Gourmand,,https://guide.michelin.com/en/auvergne-rhone-alpes/chaudes-aigues/restaurant/sodade,Sodade,Chaudes-Aigues,France,restaurant,,,
michelin-2026-france,michelin,2026,,Bib Gourmand,,https://guide.michelin.com/en/occitanie/castres/restaurant/bistrot-saveurs,Bistrot Saveurs,Castres,France,restaurant,,,
michelin-2026-france,michelin,2026,,Bib Gourmand,,https://guide.michelin.com/en/bourgogne-franche-comte/chassy_1527287/restaurant/jk-restaurant,JK Restaurant,Chassy,France,restaurant,,,
michelin-2026-france,michelin,2026,,Bib Gourmand,,https://guide.michelin.com/en/bourgogne-franche-comte/montcenis/restaurant/le-montcenis,Le Montcenis,Montcenis,France,restaurant,,,
michelin-2026-france,michelin,2026,,Bib Gourmand,,https://guide.michelin.com/en/auvergne-rhone-alpes/les-salles_1522366/restaurant/colette-1207666,Colette - Domaine de la Plagnette,Les Salles,France,restaurant,,,
michelin-2026-france,michelin,2026,,Bib Gourmand,,https://guide.michelin.com/en/auvergne-rhone-alpes/le-coteau/restaurant/l-atelier-locavore,L'Atelier Locavore,Le Coteau,France,restaurant,,,
michelin-2026-france,michelin,2026,,Bib Gourmand,,https://guide.michelin.com/en/grand-est/malroy_1542423/restaurant/aux-3-capitaines,Aux 3 Capitaines,Malroy,France,restaurant,,,
michelin-2026-france,michelin,2026,,Bib Gourmand,,https://guide.michelin.com/en/bourgogne-franche-comte/santenay/restaurant/l-ouillette,L'Ouillette,Santenay,France,restaurant,,,
michelin-2026-france,michelin,2026,,Bib Gourmand,,https://guide.michelin.com/en/occitanie/aumont-aubrac/restaurant/le-gabale,La Gabale,Aumont-Aubrac,France,restaurant,,,
michelin-2026-france,michelin,2026,,Bib Gourmand,,https://guide.michelin.com/en/grand-est/langres/restaurant/mirabelle-1216505,Mirabelle,Langres,France,restaurant,,,
michelin-2026-france,michelin,2026,,Bib Gourmand,,https://guide.michelin.com/en/bourgogne-franche-comte/beaune/restaurant/la-table-du-square,La Table du Square,Beaune,France,restaurant,,,
michelin-2026-france,michelin,2026,,Bib Gourmand,,https://guide.michelin.com/en/bourgogne-franche-comte/gevrey-chambertin/restaurant/bistrot-lucien,Bistrot Lucien,Gevrey-Chambertin,France,restaurant,,,
michelin-2026-france,michelin,2026,,Bib Gourmand,,https://guide.michelin.com/en/bourgogne-franche-comte/dijon/restaurant/cave,Cave,Dijon,France,restaurant,,,
michelin-2026-france,michelin,2026,,Bib Gourmand,,https://guide.michelin.com/en/bourgogne-franche-comte/dijon/restaurant/spica,Spica,Dijon,France,restaurant,,,
michelin-2026-france,michelin,2026,,Bib Gourmand,,https://guide.michelin.com/en/bourgogne-franche-comte/dijon/restaurant/l-evidence-1192598,L'Évidence,Dijon,France,restaurant,,,
michelin-2026-france,michelin,2026,,Bib Gourmand,,https://guide.michelin.com/en/bourgogne-franche-comte/dijon/restaurant/so,So,Dijon,France,restaurant,,,
michelin-2026-france,michelin,2026,,Bib Gourmand,,https://guide.michelin.com/en/occitanie/le-rozier/restaurant/l-alicanta,L'Alicanta,Le Rozier,France,restaurant,,,
michelin-2026-france,michelin,2026,,Bib Gourmand,,https://guide.michelin.com/en/bourgogne-franche-comte/cluny/restaurant/hostellerie-d-heloise,Hostellerie d'Héloïse,Cluny,France,restaurant,,,
michelin-2026-france,michelin,2026,,Bib Gourmand,,https://guide.michelin.com/en/grand-est/richardmnil/restaurant/au-bon-accueil-34208,Au Bon Accueil,Richardménil,France,restaurant,,,
michelin-2026-france,michelin,2026,,Bib Gourmand,,https://guide.michelin.com/en/auvergne-rhone-alpes/espaly-saint-marcel/restaurant/l-ermitage,L'Ermitage,Espaly-Saint-Marcel,France,restaurant,,,
michelin-2026-france,michelin,2026,,Bib Gourmand,,https://guide.michelin.com/en/auvergne-rhone-alpes/le-puy-en-velay/restaurant/l-emotion,L'Émotion,Puy-en-Velay,France,restaurant,,,
michelin-2026-france,michelin,2026,,Bib Gourmand,,https://guide.michelin.com/en/bourgogne-franche-comte/tournus/restaurant/le-bouchon-bourguignon,Le Bouchon Bourguignon,Tournus,France,restaurant,,,
michelin-2026-france,michelin,2026,,Bib Gourmand,,https://guide.michelin.com/en/bourgogne-franche-comte/le-villars/restaurant/l-auberge-des-gourmets,L'Auberge des Gourmets,Le Villars,France,restaurant,,,
michelin-2026-france,michelin,2026,,Bib Gourmand,,https://guide.michelin.com/en/occitanie/clara/restaurant/les-loges-du-jardin-d-aymeric,Les Loges du Jardin d'Aymeric,Clara,France,restaurant,,,
michelin-2026-france,michelin,2026,,Bib Gourmand,,https://guide.michelin.com/en/auvergne-rhone-alpes/belleville-auvergne-rhone-alpes/restaurant/le-beaujolais,Le Beaujolais,Belleville-en-Beaujolais,France,restaurant,,,
michelin-2026-france,michelin,2026,,Bib Gourmand,,https://guide.michelin.com/en/auvergne-rhone-alpes/saint-julien-chapteuil/restaurant/maison-vidal-le-bistrot-de-justin,Maison Vidal - Le Bistrot de Justin,Saint-Julien-Chapteuil,France,restaurant,,,
michelin-2026-france,michelin,2026,,Bib Gourmand,,https://guide.michelin.com/en/auvergne-rhone-alpes/villefranche-sur-sane/restaurant/l-abbaye-caladoise,L'Abbaye Caladoise,Villefranche-sur-Saône,France,restaurant,,,
michelin-2026-france,michelin,2026,,Bib Gourmand,,https://guide.michelin.com/en/auvergne-rhone-alpes/bg-le-chtel/restaurant/la-table-bagesienne,La Table Bâgésienne,Bâgé-le-Châtel,France,restaurant,,,
michelin-2026-france,michelin,2026,,Bib Gourmand,,https://guide.michelin.com/en/auvergne-rhone-alpes/saint-tienne/restaurant/la-table-des-matrus,La Table des Matrus,Saint-Etienne,France,restaurant,,,
michelin-2026-france,michelin,2026,,Bib Gourmand,,https://guide.michelin.com/en/occitanie/prats-de-mollo-la-preste/restaurant/bellavista,Bellavista,Prats-de-Mollo-la-Preste,France,restaurant,,,
michelin-2026-france,michelin,2026,,Bib Gourmand,,https://guide.michelin.com/en/bourgogne-franche-comte/dole/restaurant/iida-ya,Iida-Ya,Dole,France,restaurant,,,
michelin-2026-france,michelin,2026,,Bib Gourmand,,https://guide.michelin.com/en/bourgogne-franche-comte/combeaufontaine/restaurant/le-balcon,Le Balcon,Combeaufontaine,France,restaurant,,,
michelin-2026-france,michelin,2026,,Bib Gourmand,,https://guide.michelin.com/en/bourgogne-franche-comte/dole/restaurant/grain-de-sel407331,Grain de Sel,Dole,France,restaurant,,,
michelin-2026-france,michelin,2026,,Bib Gourmand,,https://guide.michelin.com/en/bourgogne-franche-comte/dole/restaurant/bagatelle,Bagatelle,Dole,France,restaurant,,,
michelin-2026-france,michelin,2026,,Bib Gourmand,,https://guide.michelin.com/en/occitanie/narbonne/restaurant/cave-a-vin-and-a-manger-maison-saint-crescent,Cave à Vin & à Manger - Maison Saint-Crescent,Narbonne,France,restaurant,,,
michelin-2026-france,michelin,2026,,Bib Gourmand,,https://guide.michelin.com/en/occitanie/la-vacquerie-et-saint-martin-de-castries_1502152/restaurant/l-ogustin,L'Ogustin,La Vacquerie-et-Saint-Martin-de-Castries,France,restaurant,,,
michelin-2026-france,michelin,2026,,Bib Gourmand,,https://guide.michelin.com/en/auvergne-rhone-alpes/curis-au-mont-d-or_1510529/restaurant/l-epicurieux-chez-luc,L'Épicurieux chez Luc,Curis-au-Mont-d'Or,France,restaurant,,,
michelin-2026-france,michelin,2026,,Bib Gourmand,,https://guide.michelin.com/en/auvergne-rhone-alpes/saint-didier-au-mont-d-or_1515212/restaurant/l-eclat-de-pierre,L'Éclat de Pierre,Saint-Didier-au-Mont-d'Or,France,restaurant,,,
michelin-2026-france,michelin,2026,,Bib Gourmand,,https://guide.michelin.com/en/occitanie/bziers/restaurant/pica-pica,Pica Pica,Béziers,France,restaurant,,,
michelin-2026-france,michelin,2026,,Bib Gourmand,,https://guide.michelin.com/en/auvergne-rhone-alpes/lyon/restaurant/le-tiroir,Le Tiroir,Lyon,France,restaurant,,,
michelin-2026-france,michelin,2026,,Bib Gourmand,,https://guide.michelin.com/en/auvergne-rhone-alpes/lyon/restaurant/racine900057,Racine,Lyon,France,restaurant,,,
michelin-2026-france,michelin,2026,,Bib Gourmand,,https://guide.michelin.com/en/auvergne-rhone-alpes/polliat/restaurant/tejerina-hotel-de-la-place,Téjérina - Hôtel de la Place,Polliat,France,restaurant,,,
michelin-2026-france,michelin,2026,,Bib Gourmand,,https://guide.michelin.com/en/auvergne-rhone-alpes/lyon/restaurant/agastache,Agastache,Lyon,France,restaurant,,,
michelin-2026-france,michelin,2026,,Bib Gourmand,,https://guide.michelin.com/en/auvergne-rhone-alpes/lyon/restaurant/le-cochon-qui-boit,Le Cochon qui Boit,Lyon,France,restaurant,,,
michelin-2026-france,michelin,2026,,Bib Gourmand,,https://guide.michelin.com/en/auvergne-rhone-alpes/lyon/restaurant/cinq-mains,Cinq Mains,Lyon,France,restaurant,,,
michelin-2026-france,michelin,2026,,Bib Gourmand,,https://guide.michelin.com/en/auvergne-rhone-alpes/lyon/restaurant/m-restaurant,M Restaurant,Lyon,France,restaurant,,,
michelin-2026-france,michelin,2026,,Bib Gourmand,,https://guide.michelin.com/en/auvergne-rhone-alpes/saint-bonnet-le-froid/restaurant/l-acte-2,L'Acte 2,Saint-Bonnet-le-Froid,France,restaurant,,,
michelin-2026-france,michelin,2026,,Bib Gourmand,,https://guide.michelin.com/en/auvergne-rhone-alpes/lyon/restaurant/la-viree,La Virée,Lyon,France,restaurant,,,
michelin-2026-france,michelin,2026,,Bib Gourmand,,https://guide.michelin.com/en/occitanie/perpignan/restaurant/lazare-escarguel,Lazare Escarguel,Perpignan,France,restaurant,,,
michelin-2026-france,michelin,2026,,Bib Gourmand,,https://guide.michelin.com/en/auvergne-rhone-alpes/lyon/restaurant/la-meuniere,La Meunière,Lyon,France,restaurant,,,
michelin-2026-france,michelin,2026,,Bib Gourmand,,https://guide.michelin.com/en/auvergne-rhone-alpes/saint-bonnet-le-froid/restaurant/bistrot-la-coulemelle,Bistrot la Coulemelle,Saint-Bonnet-le-Froid,France,restaurant,,,
michelin-2026-france,michelin,2026,,Bib Gourmand,,https://guide.michelin.com/en/occitanie/perpignan/restaurant/le-garriane,Le Garriane,Perpignan,France,restaurant,,,
michelin-2026-france,michelin,2026,,Bib Gourmand,,https://guide.michelin.com/en/auvergne-rhone-alpes/lyon/restaurant/le-jean-moulin,Le Jean Moulin,Lyon,France,restaurant,,,
michelin-2026-france,michelin,2026,,Bib Gourmand,,https://guide.michelin.com/en/auvergne-rhone-alpes/lyon/restaurant/le-zeste-gourmand,Le Zeste Gourmand,Lyon,France,restaurant,,,
michelin-2026-france,michelin,2026,,Bib Gourmand,,https://guide.michelin.com/en/auvergne-rhone-alpes/lyon/restaurant/accentue,Accentué,Lyon,France,restaurant,,,
michelin-2026-france,michelin,2026,,Bib Gourmand,,https://guide.michelin.com/en/auvergne-rhone-alpes/lyon/restaurant/le-kitchen,Le Kitchen,Lyon,France,restaurant,,,
michelin-2026-france,michelin,2026,,Bib Gourmand,,https://guide.michelin.com/en/auvergne-rhone-alpes/lyon/restaurant/danton,Danton,Lyon,France,restaurant,,,
michelin-2026-france,michelin,2026,,Bib Gourmand,,https://guide.michelin.com/en/auvergne-rhone-alpes/lyon/restaurant/sipres,Siprès,Lyon,France,restaurant,,,
michelin-2026-france,michelin,2026,,Bib Gourmand,,https://guide.michelin.com/en/auvergne-rhone-alpes/lyon/restaurant/veronatuti,Veronatuti,Lyon,France,restaurant,,,
michelin-2026-france,michelin,2026,,Bib Gourmand,,https://guide.michelin.com/en/occitanie/perpignan/restaurant/manat,Manat,Perpignan,France,restaurant,,,
michelin-2026-france,michelin,2026,,Bib Gourmand,,https://guide.michelin.com/en/auvergne-rhone-alpes/lyon/restaurant/bergamote,Bergamote,Lyon,France,restaurant,,,
michelin-2026-france,michelin,2026,,Bib Gourmand,,https://guide.michelin.com/en/occitanie/pzenas/restaurant/le-pre-st-jean,Le Pré Saint Jean,Pézenas,France,restaurant,,,
michelin-2026-france,michelin,2026,,Bib Gourmand,,https://guide.michelin.com/en/bourgogne-franche-comte/arc-et-senans_1526004/restaurant/vertfeuille,Vertfeuille,Arc-et-Senans,France,restaurant,,,
michelin-2026-france,michelin,2026,,Bib Gourmand,,https://guide.michelin.com/en/auvergne-rhone-alpes/bourg-en-bresse/restaurant/agave-1218272,Agave,Bourg-en-Bresse,France,restaurant,,,
michelin-2026-france,michelin,2026,,Bib Gourmand,,https://guide.michelin.com/en/auvergne-rhone-alpes/chasse-sur-rhone_1510027/restaurant/les-nympheas-1218862,Les Nymphéas,Chasse-sur-Rhône,France,restaurant,,,
michelin-2026-france,michelin,2026,,Bib Gourmand,,https://guide.michelin.com/en/grand-est/wlfling-ls-sarreguemines/restaurant/restaurant-dimofski,Restaurant Dimofski,Wœlfling-lès-Sarreguemines,France,restaurant,,,
michelin-2026-france,michelin,2026,,Bib Gourmand,,https://guide.michelin.com/en/auvergne-rhone-alpes/coligny/restaurant/au-petit-relais,Au Petit Relais,Coligny,France,restaurant,,,
michelin-2026-france,michelin,2026,,Bib Gourmand,,https://guide.michelin.com/en/auvergne-rhone-alpes/bourg-en-bresse/restaurant/mets-et-vins,Mets et Vins,Bourg-en-Bresse,France,restaurant,,,
michelin-2026-france,michelin,2026,,Bib Gourmand,,https://guide.michelin.com/en/occitanie/montagnac/restaurant/cote-mas,Côté Mas,Montagnac,France,restaurant,,,
michelin-2026-france,michelin,2026,,Bib Gourmand,,https://guide.michelin.com/en/auvergne-rhone-alpes/neyrac-les-bains/restaurant/bistrot-brioude,Bistrot Brioude,Neyrac-les-Bains,France,restaurant,,,
michelin-2026-france,michelin,2026,,Bib Gourmand,,https://guide.michelin.com/en/auvergne-rhone-alpes/chonas-l-amballan/restaurant/le-cottage,Le Cottage,Chonas-l'Amballan,France,restaurant,,,
michelin-2026-france,michelin,2026,,Bib Gourmand,,https://guide.michelin.com/en/bourgogne-franche-comte/arbois/restaurant/le-bistronome,Le Bistronôme,Arbois,France,restaurant,,,
michelin-2026-france,michelin,2026,,Bib Gourmand,,https://guide.michelin.com/en/auvergne-rhone-alpes/vaudevant/restaurant/la-recre,La Récré,Vaudevant,France,restaurant,,,
michelin-2026-france,michelin,2026,,Bib Gourmand,,https://guide.michelin.com/en/occitanie/als/restaurant/epices-et-tout,Épices et Tout,Alès,France,restaurant,,,
michelin-2026-france,michelin,2026,,Bib Gourmand,,https://guide.michelin.com/en/auvergne-rhone-alpes/aubenas/restaurant/les-coloquintes,Les Coloquintes,Aubenas,France,restaurant,,,
michelin-2026-france,michelin,2026,,Bib Gourmand,,https://guide.michelin.com/en/auvergne-rhone-alpes/aubenas/restaurant/l-aubepine,L'Aubépine,Aubenas,France,restaurant,,,
michelin-2026-france,michelin,2026,,Bib Gourmand,,https://guide.michelin.com/en/occitanie/ste/restaurant/quai-17,Quai 17,Sète,France,restaurant,,,
michelin-2026-france,michelin,2026,,Bib Gourmand,,https://guide.michelin.com/en/occitanie/ste/restaurant/paris-mediterranee,Paris Méditerranée,Sète,France,restaurant,,,
michelin-2026-france,michelin,2026,,Bib Gourmand,,https://guide.michelin.com/en/bourgogne-franche-comte/roye/restaurant/le-saisonnier,Le Saisonnier,Roye,France,restaurant,,,
michelin-2026-france,michelin,2026,,Bib Gourmand,,https://guide.michelin.com/en/occitanie/montpellier/restaurant/l-artichaut,L'Artichaut,Montpellier,France,restaurant,,,
michelin-2026-france,michelin,2026,,Bib Gourmand,,https://guide.michelin.com/en/occitanie/lattes/restaurant/le-temps-d-aime,Le Temps d'Aime,Lattes,France,restaurant,,,
michelin-2026-france,michelin,2026,,Bib Gourmand,,https://guide.michelin.com/en/auvergne-rhone-alpes/saint-alban-de-roche/restaurant/lo-fieu,Lo Fieu,Saint-Alban-de-Roche,France,restaurant,,,
michelin-2026-france,michelin,2026,,Bib Gourmand,,https://guide.michelin.com/en/occitanie/sommires/restaurant/le-patio-by-lou-caleou,Le Patio by Lou Caléou,Sommières,France,restaurant,,,
michelin-2026-france,michelin,2026,,Bib Gourmand,,https://guide.michelin.com/en/grand-est/fouday/restaurant/julien,Julien,Fouday,France,restaurant,,,
michelin-2026-france,michelin,2026,,Bib Gourmand,,https://guide.michelin.com/en/occitanie/palavas-les-flots/restaurant/le-st-georges431652,Le Saint-Georges,Palavas-les-Flots,France,restaurant,,,
michelin-2026-france,michelin,2026,,Bib Gourmand,,https://guide.michelin.com/en/auvergne-rhone-alpes/saint-pray/restaurant/barr-avel,Barr Avel,Saint-Péray,France,restaurant,,,
michelin-2026-france,michelin,2026,,Bib Gourmand,,https://guide.michelin.com/en/auvergne-rhone-alpes/maubec_7770448/restaurant/l-esprit-bistrot,L'Esprit Bistrot,Maubec,France,restaurant,,,
michelin-2026-france,michelin,2026,,Bib Gourmand,,https://guide.michelin.com/en/auvergne-rhone-alpes/valence/restaurant/le-bac-a-traille,Le Bac à Traille,Valence,France,restaurant,,,
michelin-2026-france,michelin,2026,,Bib Gourmand,,https://guide.michelin.com/en/auvergne-rhone-alpes/baix_1516672/restaurant/epona-1205894,Epona,Baix,France,restaurant,,,
michelin-2026-france,michelin,2026,,Bib Gourmand,,https://guide.michelin.com/en/grand-est/gundershoffen/restaurant/le-cygne,Le Cygne,Gundershoffen,France,restaurant,,,
michelin-2026-france,michelin,2026,,Bib Gourmand,,https://guide.michelin.com/en/grand-est/muhlbach-sur-munster/restaurant/la-chataigneraie-perle-des-vosges,La Châtaigneraie - Perle des Vosges,Muhlbach-sur-Munster,France,restaurant,,,
michelin-2026-france,michelin,2026,,Bib Gourmand,,https://guide.michelin.com/en/auvergne-rhone-alpes/montanges/restaurant/l-auberge-du-pont-des-pierres,L'Auberge du Pont des Pierres,Montanges,France,restaurant,,,
michelin-2026-france,michelin,2026,,Bib Gourmand,,https://guide.michelin.com/en/grand-est/fr-munster/restaurant/l-olivier-1196706,L'Olivier,Munster,France,restaurant,,,
michelin-2026-france,michelin,2026,,Bib Gourmand,,https://guide.michelin.com/en/grand-est/fr-munster/restaurant/les-grands-arbres-verte-vallee,Les Grands Arbres - Verte Vallée,Munster,France,restaurant,,,
michelin-2026-france,michelin,2026,,Bib Gourmand,,https://guide.michelin.com/en/auvergne-rhone-alpes/malataverne/restaurant/le-bistrot-270,Le Bistrot 270,Malataverne,France,restaurant,,,
michelin-2026-france,michelin,2026,,Bib Gourmand,,https://guide.michelin.com/en/grand-est/labaroche/restaurant/la-rochette,La Rochette,Labaroche,France,restaurant,,,
michelin-2026-france,michelin,2026,,Bib Gourmand,,https://guide.michelin.com/en/auvergne-rhone-alpes/grane/restaurant/len-k-la-maison-bonnet,Len'K - La Maison Bonnet,Grane,France,restaurant,,,
michelin-2026-france,michelin,2026,,Bib Gourmand,,https://guide.michelin.com/en/grand-est/kaysersberg/restaurant/la-vieille-forge3949,La Vieille Forge,Kaysersberg,France,restaurant,,,
michelin-2026-france,michelin,2026,,Bib Gourmand,,https://guide.michelin.com/en/grand-est/kaysersberg/restaurant/winstub-du-chambard,Winstub du Chambard,Kaysersberg,France,restaurant,,,
michelin-2026-france,michelin,2026,,Bib Gourmand,,https://guide.michelin.com/en/occitanie/nimes/restaurant/le-bistr-au-le-mas-de-boudan,Le Bistr'AU - Le Mas de Boudan,Nîmes,France,restaurant,,,
michelin-2026-france,michelin,2026,,Bib Gourmand,,https://guide.michelin.com/en/grand-est/blienschwiller/restaurant/le-pressoir-de-bacchus,Le Pressoir de Bacchus,Blienschwiller,France,restaurant,,,
michelin-2026-france,michelin,2026,,Bib Gourmand,,https://guide.michelin.com/en/grand-est/rimbach-prs-guebwiller/restaurant/l-ao-l-aigle-d-or,L'AO - L'Aigle d'Or,Rimbach-près-Guebwiller,France,restaurant,,,
michelin-2026-france,michelin,2026,,Bib Gourmand,,https://guide.michelin.com/en/grand-est/ingersheim/restaurant/la-taverne-alsacienne,La Taverne Alsacienne,Ingersheim,France,restaurant,,,
michelin-2026-france,michelin,2026,,Bib Gourmand,,https://guide.michelin.com/en/occitanie/orsan/restaurant/c-la-vie,C'la Vie,Orsan,France,restaurant,,,
michelin-2026-france,michelin,2026,,Bib Gourmand,,https://guide.michelin.com/en/grand-est/weyersheim/restaurant/auberge-du-pont-de-la-zorn,Auberge du Pont de la Zorn,Weyersheim,France,restaurant,,,
michelin-2026-france,michelin,2026,,Bib Gourmand,,https://guide.michelin.com/en/grand-est/strasbourg/restaurant/au-coin-des-pucelles,Au Coin des Pucelles,Strasbourg,France,restaurant,,,
michelin-2026-france,michelin,2026,,Bib Gourmand,,https://guide.michelin.com/en/auvergne-rhone-alpes/l-albenc/restaurant/bistrot-louise,Bistrot Louise,L'Albenc,France,restaurant,,,
michelin-2026-france,michelin,2026,,Bib Gourmand,,https://guide.michelin.com/en/grand-est/strasbourg/restaurant/chez-yvonne-s-burjerstuewel,Chez Yvonne - S'Burjerstuewel,Strasbourg,France,restaurant,,,
michelin-2026-france,michelin,2026,,Bib Gourmand,,https://guide.michelin.com/en/grand-est/strasbourg/restaurant/au-pont-du-corbeau,Au Pont Corbeau,Strasbourg,France,restaurant,,,
michelin-2026-france,michelin,2026,,Bib Gourmand,,https://guide.michelin.com/en/grand-est/berrwiller/restaurant/l-arbre-vert,L'Arbre Vert,Berrwiller,France,restaurant,,,
michelin-2026-france,michelin,2026,,Bib Gourmand,,https://guide.michelin.com/en/auvergne-rhone-alpes/nernier/restaurant/la-table-de-nernier,La Table de Nernier,Nernier,France,restaurant,,,
michelin-2026-france,michelin,2026,,Bib Gourmand,,https://guide.michelin.com/en/occitanie/roquemaure_1503805/restaurant/tribu,Tribu,Roquemaure,France,restaurant,,,
michelin-2026-france,michelin,2026,,Bib Gourmand,,https://guide.michelin.com/en/auvergne-rhone-alpes/saint-julien-en-vercors/restaurant/cafe-brochier,Café Brochier,Saint-Julien-en-Vercors,France,restaurant,,,
michelin-2026-france,michelin,2026,,Bib Gourmand,,https://guide.michelin.com/en/provence-alpes-cote-dazur/cairanne/restaurant/coteaux-et-fourchettes,Coteaux et Fourchettes,Cairanne,France,restaurant,,,
michelin-2026-france,michelin,2026,,Bib Gourmand,,https://guide.michelin.com/en/auvergne-rhone-alpes/alby-sur-cheran_1509144/restaurant/le-bourgeon,Le Bourgeon,Alby-sur-Chéran,France,restaurant,,,
michelin-2026-france,michelin,2026,,Bib Gourmand,,https://guide.michelin.com/en/provence-alpes-cote-dazur/arles/restaurant/le-gibolin,Le Gibolin,Arles,France,restaurant,,,
michelin-2026-france,michelin,2026,,Bib Gourmand,,https://guide.michelin.com/en/auvergne-rhone-alpes/annecy/restaurant/anto,ANTO,Annecy,France,restaurant,,,
michelin-2026-france,michelin,2026,,Bib Gourmand,,https://guide.michelin.com/en/auvergne-rhone-alpes/annecy/restaurant/brasserie-brunet,Brasserie Brunet,Annecy,France,restaurant,,,
michelin-2026-france,michelin,2026,,Bib Gourmand,,https://guide.michelin.com/en/auvergne-rhone-alpes/annecy/restaurant/cozna,Cozna,Annecy,France,restaurant,,,
michelin-2026-france,michelin,2026,,Bib Gourmand,,https://guide.michelin.com/en/provence-alpes-cote-dazur/villedieu/restaurant/le-bistrot-de-villedieu,Le Bistrot de Villedieu,Villedieu,France,restaurant,,,
michelin-2026-france,michelin,2026,,Bib Gourmand,,https://guide.michelin.com/en/provence-alpes-cote-dazur/avignon/restaurant/l-agape,L'Agape,Avignon,France,restaurant,,,
michelin-2026-france,michelin,2026,,Bib Gourmand,,https://guide.michelin.com/en/auvergne-rhone-alpes/annecy/restaurant/le-denti,Le Denti,Annecy,France,restaurant,,,
michelin-2026-france,michelin,2026,,Bib Gourmand,,https://guide.michelin.com/en/auvergne-rhone-alpes/annecy/restaurant/la-haut-1212434,Là-Haut,Annecy,France,restaurant,,,
michelin-2026-france,michelin,2026,,Bib Gourmand,,https://guide.michelin.com/en/auvergne-rhone-alpes/annecy/restaurant/racines-1200311,Racines,Annecy,France,restaurant,,,
michelin-2026-france,michelin,2026,,Bib Gourmand,,https://guide.michelin.com/en/auvergne-rhone-alpes/naves-parmelan_1514499/restaurant/le-cafe-de-la-poste,Le Café de la Poste,Nâves-Parmelan,France,restaurant,,,
michelin-2026-france,michelin,2026,,Bib Gourmand,,https://guide.michelin.com/en/auvergne-rhone-alpes/la-tronche/restaurant/la-petite-chartreuse,La Petite Chartreuse,La Tronche,France,restaurant,,,
michelin-2026-france,michelin,2026,,Bib Gourmand,,https://guide.michelin.com/en/auvergne-rhone-alpes/grenoble/restaurant/tohu-bohu,Tohu Bohu,Grenoble,France,restaurant,,,
michelin-2026-france,michelin,2026,,Bib Gourmand,,https://guide.michelin.com/en/grand-est/sierentz/restaurant/winstub-a-cote,Winstub À Côté,Sierentz,France,restaurant,,,
michelin-2026-france,michelin,2026,,Bib Gourmand,,https://guide.michelin.com/en/auvergne-rhone-alpes/menthon-saint-bernard/restaurant/le-confidentiel,Le Confidentiel,Menthon-Saint-Bernard,France,restaurant,,,
michelin-2026-france,michelin,2026,,Bib Gourmand,,https://guide.michelin.com/en/auvergne-rhone-alpes/evian-les-bains/restaurant/le-muratore,Le Muratore,Évian-les-Bains,France,restaurant,,,
michelin-2026-france,michelin,2026,,Bib Gourmand,,https://guide.michelin.com/en/provence-alpes-cote-dazur/chteauneuf-de-gadagne/restaurant/la-maison-de-celou,La Maison de Celou,Châteauneuf-de-Gadagne,France,restaurant,,,
michelin-2026-france,michelin,2026,,Bib Gourmand,,https://guide.michelin.com/en/grand-est/rosenau/restaurant/au-lion-d-or-chez-theo,Au Lion d'Or - Chez Théo,Rosenau,France,restaurant,,,
michelin-2026-france,michelin,2026,,Bib Gourmand,,https://guide.michelin.com/en/auvergne-rhone-alpes/uriage-les-bains/restaurant/cafe-a,Café A,Uriage-les-Bains,France,restaurant,,,
michelin-2026-france,michelin,2026,,Bib Gourmand,,https://guide.michelin.com/en/provence-alpes-cote-dazur/l-isle-sur-la-sorgue/restaurant/solelh,Solelh,L'Isle-sur-la-Sorgue,France,restaurant,,,
michelin-2026-france,michelin,2026,,Bib Gourmand,,https://guide.michelin.com/en/provence-alpes-cote-dazur/taillades/restaurant/l-atelier-l-art-des-mets,L'Atelier L'Art des Mets,Taillades,France,restaurant,,,
michelin-2026-france,michelin,2026,,Bib Gourmand,,https://guide.michelin.com/en/auvergne-rhone-alpes/le-reposoir_1512712/restaurant/la-chartreuse,La Chartreuse,Le Reposoir,France,restaurant,,,
michelin-2026-france,michelin,2026,,Bib Gourmand,,https://guide.michelin.com/en/provence-alpes-cote-dazur/snas/restaurant/le-bon-temps,Le Bon Temps,Sénas,France,restaurant,,,
michelin-2026-france,michelin,2026,,Bib Gourmand,,https://guide.michelin.com/en/provence-alpes-cote-dazur/salon-de-provence/restaurant/atelier-salone,Atelier Salone,Salon-de-Provence,France,restaurant,,,
michelin-2026-france,michelin,2026,,Bib Gourmand,,https://guide.michelin.com/en/provence-alpes-cote-dazur/saint-chamas/restaurant/le-rabelais,Le Rabelais,Saint-Chamas,France,restaurant,,,
michelin-2026-france,michelin,2026,,Bib Gourmand,,https://guide.michelin.com/en/auvergne-rhone-alpes/notre-dame-de-bellecombe/restaurant/la-ferme-de-victorine,La Ferme de Victorine,Notre-Dame-de-Bellecombe,France,restaurant,,,
michelin-2026-france,michelin,2026,,Bib Gourmand,,https://guide.michelin.com/en/auvergne-rhone-alpes/samons/restaurant/le-lodge,Le Lodge,Samoëns,France,restaurant,,,
michelin-2026-france,michelin,2026,,Bib Gourmand,,https://guide.michelin.com/en/auvergne-rhone-alpes/megve/restaurant/breizh-cafe-megeve,Breizh Café Megève,Megève,France,restaurant,,,
michelin-2026-france,michelin,2026,,Bib Gourmand,,https://guide.michelin.com/en/auvergne-rhone-alpes/beaufort_1509411/restaurant/les-9-neves,Les 9 névés,Beaufort,France,restaurant,,,
michelin-2026-france,michelin,2026,,Bib Gourmand,,https://guide.michelin.com/en/provence-alpes-cote-dazur/villars/restaurant/la-table-de-pablo,La Table de Pablo,Villars,France,restaurant,,,
michelin-2026-france,michelin,2026,,Bib Gourmand,,https://guide.michelin.com/en/auvergne-rhone-alpes/saint-martin-de-belleville/restaurant/simple-et-meilleur,Simple et Meilleur,Saint-Martin-de-Belleville,France,restaurant,,,
michelin-2026-france,michelin,2026,,Bib Gourmand,,https://guide.michelin.com/en/provence-alpes-cote-dazur/rognes_1508191/restaurant/le-preau,Le Préau,Rognes,France,restaurant,,,
michelin-2026-france,michelin,2026,,Bib Gourmand,,https://guide.michelin.com/en/auvergne-rhone-alpes/chamonix-mont-blanc/restaurant/akashon,Akashon,Chamonix-Mont-Blanc,France,restaurant,,,
michelin-2026-france,michelin,2026,,Bib Gourmand,,https://guide.michelin.com/en/provence-alpes-cote-dazur/laragne-montglin/restaurant/l-araignee-gourmande,L'Araignée Gourmande,Laragne-Montéglin,France,restaurant,,,
michelin-2026-france,michelin,2026,,Bib Gourmand,,https://guide.michelin.com/en/provence-alpes-cote-dazur/le-puy-sainte-rparade/restaurant/la-petite-verriere,La Petite Verrière,Le Puy-Sainte-Réparade,France,restaurant,,,
michelin-2026-france,michelin,2026,,Bib Gourmand,,https://guide.michelin.com/en/provence-alpes-cote-dazur/aix-en-provence/restaurant/les-galinas,Les Galinas,Aix-en-Provence,France,restaurant,,,
michelin-2026-france,michelin,2026,,Bib Gourmand,,https://guide.michelin.com/en/provence-alpes-cote-dazur/marseille/restaurant/prosper-1241891,Prosper,Marseille,France,restaurant,,,
michelin-2026-france,michelin,2026,,Bib Gourmand,,https://guide.michelin.com/en/provence-alpes-cote-dazur/manosque/restaurant/chez-bastien,Chez Bastien,Manosque,France,restaurant,,,
michelin-2026-france,michelin,2026,,Bib Gourmand,,https://guide.michelin.com/en/provence-alpes-cote-dazur/brianon/restaurant/au-plaisir-ambre,Au Plaisir Ambré,Briançon,France,restaurant,,,
michelin-2026-france,michelin,2026,,Bib Gourmand,,https://guide.michelin.com/en/provence-alpes-cote-dazur/la-ciotat/restaurant/roche-belle,Roche Belle,La Ciotat,France,restaurant,,,
michelin-2026-france,michelin,2026,,Bib Gourmand,,https://guide.michelin.com/en/provence-alpes-cote-dazur/bandol/restaurant/au-clair-de-la-vigne,Au Clair de la Vigne,Bandol,France,restaurant,,,
michelin-2026-france,michelin,2026,,Bib Gourmand,,https://guide.michelin.com/en/provence-alpes-cote-dazur/toulon/restaurant/le-saint-gabriel,Le Saint Gabriel,Toulon,France,restaurant,,,
michelin-2026-france,michelin,2026,,Bib Gourmand,,https://guide.michelin.com/en/provence-alpes-cote-dazur/toulon/restaurant/le-pastel,Le Pastel,Toulon,France,restaurant,,,
michelin-2026-france,michelin,2026,,Bib Gourmand,,https://guide.michelin.com/en/provence-alpes-cote-dazur/tourtour/restaurant/la-table63544,La Table,Tourtour,France,restaurant,,,
michelin-2026-france,michelin,2026,,Bib Gourmand,,https://guide.michelin.com/en/provence-alpes-cote-dazur/frjus/restaurant/l-amandier,L'Amandier,Fréjus,France,restaurant,,,
michelin-2026-france,michelin,2026,,Bib Gourmand,,https://guide.michelin.com/en/provence-alpes-cote-dazur/le-cannet/restaurant/bistrot-des-anges,Bistrot des Anges,Le Cannet,France,restaurant,,,
michelin-2026-france,michelin,2026,,Bib Gourmand,,https://guide.michelin.com/en/provence-alpes-cote-dazur/vallauris/restaurant/les-dilettants,Les Dilettants,Vallauris,France,restaurant,,,
michelin-2026-france,michelin,2026,,Bib Gourmand,,https://guide.michelin.com/en/provence-alpes-cote-dazur/cannes/restaurant/aux-bons-enfants,Aux Bons Enfants,Cannes,France,restaurant,,,
michelin-2026-france,michelin,2026,,Bib Gourmand,,https://guide.michelin.com/en/provence-alpes-cote-dazur/nice/restaurant/cafe-des-musiciens,Café des Musiciens,Nice,France,restaurant,,,
michelin-2026-france,michelin,2026,,Bib Gourmand,,https://guide.michelin.com/en/provence-alpes-cote-dazur/nice/restaurant/chez-davia,Chez Davia,Nice,France,restaurant,,,
michelin-2026-france,michelin,2026,,Bib Gourmand,,https://guide.michelin.com/en/provence-alpes-cote-dazur/nice/restaurant/l-alchimie,L'Alchimie,Nice,France,restaurant,,,
michelin-2026-france,michelin,2026,,Bib Gourmand,,https://guide.michelin.com/en/provence-alpes-cote-dazur/nice/restaurant/bistrot-d-antoine,Bistrot d'Antoine,Nice,France,restaurant,,,
michelin-2026-france,michelin,2026,,Bib Gourmand,,https://guide.michelin.com/en/provence-alpes-cote-dazur/nice/restaurant/olive-et-artichaut,Olive & Artichaut,Nice,France,restaurant,,,
michelin-2026-france,michelin,2026,,Bib Gourmand,,https://guide.michelin.com/en/provence-alpes-cote-dazur/nice/restaurant/la-merenda,La Merenda,Nice,France,restaurant,,,
michelin-2026-france,michelin,2026,,Bib Gourmand,,https://guide.michelin.com/en/provence-alpes-cote-dazur/peillon/restaurant/les-plaisirs,Les Plaisirs,Peillon,France,restaurant,,,
michelin-2026-france,michelin,2026,,Bib Gourmand,,https://guide.michelin.com/en/provence-alpes-cote-dazur/menton/restaurant/l-orangerie-1219331,L'Orangerie,Menton,France,restaurant,,,
michelin-2026-france,michelin,2026,,Bib Gourmand,,https://guide.michelin.com/en/corse/fr-pigna/restaurant/a-mandria-di-pigna,A Mandria di Pigna,Pigna,France,restaurant,,,
michelin-2026-france,michelin,2026,,Bib Gourmand,,https://guide.michelin.com/en/corse/santa-reparata-di-balagna_1508608/restaurant/l-aghjalle,L'Aghjalle,Santa-Reparata-di-Balagna,France,restaurant,,,
michelin-2026-france,michelin,2026,,Bib Gourmand,,https://guide.michelin.com/en/corse/cuttoli/restaurant/u-licettu,U Licettu,Cuttoli,France,restaurant,,,
