batch_key,source_id,year,rank,category,distinction,source_url,venue_name,city_label,country_label,venue_category,venue_status,price_symbol_raw,note,michelin_guide,venue_name_de,city_label_de
michelin-2026-germany,michelin,2026,,Three Stars,,https://guide.michelin.com/us/en/baden-wurttemberg/baiersbronn/restaurant/restaurant-bareiss,Restaurant Bareiss,Baiersbronn,Germany,restaurant,,€€€€,,germany-2026,Restaurant Bareiss,Baiersbronn
michelin-2026-germany,michelin,2026,,Three Stars,,https://guide.michelin.com/us/en/baden-wurttemberg/baiersbronn/restaurant/schwarzwaldstube,Schwarzwaldstube,Baiersbronn,Germany,restaurant,,€€€€,,germany-2026,Schwarzwaldstube,Baiersbronn
michelin-2026-germany,michelin,2026,,Three Stars,,https://guide.michelin.com/us/en/bayern/grassau/restaurant/es-senz,es:senz,Grassau,Germany,restaurant,,€€€€,,germany-2026,es:senz,Grassau
michelin-2026-germany,michelin,2026,,Three Stars,,https://guide.michelin.com/us/en/bayern/mnchen/restaurant/jan-1204321,JAN,Munich,Germany,restaurant,,€€€€,,germany-2026,JAN,München
michelin-2026-germany,michelin,2026,,Three Stars,,https://guide.michelin.com/us/en/bayern/mnchen/restaurant/tohru-in-der-schreiberei,Tohru in der Schreiberei,Munich,Germany,restaurant,,€€€€,,germany-2026,Tohru in der Schreiberei,München
michelin-2026-germany,michelin,2026,,Three Stars,,https://guide.michelin.com/us/en/berlin-region/berlin/restaurant/rutz,Rutz,Berlin,Germany,restaurant,,€€€€,,germany-2026,Rutz,Berlin
michelin-2026-germany,michelin,2026,,Three Stars,,https://guide.michelin.com/us/en/hamburg-region/hamburg/restaurant/haerlin,Restaurant Haerlin,Hamburg,Germany,restaurant,,€€€€,,germany-2026,Restaurant Haerlin,Hamburg
michelin-2026-germany,michelin,2026,,Three Stars,,https://guide.michelin.com/us/en/hamburg-region/hamburg/restaurant/the-table-kevin-fehling,The Table Kevin Fehling,Hamburg,Germany,restaurant,,€€€€,,germany-2026,The Table Kevin Fehling,Hamburg
michelin-2026-germany,michelin,2026,,Three Stars,,https://guide.michelin.com/us/en/rheinland-pfalz/deidesheim/restaurant/l-a-jordan,L.A. Jordan,Deidesheim,Germany,restaurant,,€€€€,,germany-2026,L.A. Jordan,Deidesheim
michelin-2026-germany,michelin,2026,,Three Stars,,https://guide.michelin.com/us/en/rheinland-pfalz/dreis/restaurant/waldhotel-sonnora,Waldhotel Sonnora,Dreis,Germany,restaurant,,€€€€,,germany-2026,Waldhotel Sonnora,Dreis
michelin-2026-germany,michelin,2026,,Three Stars,,https://guide.michelin.com/us/en/rheinland-pfalz/piesport/restaurant/schanz-restaurant,schanz. restaurant.,Piesport,Germany,restaurant,,€€€€,,germany-2026,schanz. restaurant.,Piesport
michelin-2026-germany,michelin,2026,,Three Stars,,https://guide.michelin.com/us/en/saarland/perl/restaurant/victor-s-fine-dining-by-christian-bau,Victor's Fine Dining by christian bau,Perl,Germany,restaurant,,€€€€,,germany-2026,Victor's Fine Dining by christian bau,Perl
michelin-2026-germany,michelin,2026,,Two Stars,,https://guide.michelin.com/us/en/baden-wurttemberg/bad-peterstal/restaurant/le-pavillon83378,Le Pavillon,Bad Peterstal,Germany,restaurant,,€€€€,,germany-2026,Le Pavillon,Bad Peterstal
michelin-2026-germany,michelin,2026,,Two Stars,,https://guide.michelin.com/us/en/baden-wurttemberg/donaueschingen/restaurant/osch-noir,Ösch Noir,Donaueschingen,Germany,restaurant,,€€€€,,germany-2026,Ösch Noir,Donaueschingen
michelin-2026-germany,michelin,2026,,Two Stars,,https://guide.michelin.com/us/en/baden-wurttemberg/karlsruhe/restaurant/sein,sein,Karlsruhe,Germany,restaurant,,€€€€,,germany-2026,sein,Karlsruhe
michelin-2026-germany,michelin,2026,,Two Stars,,https://guide.michelin.com/us/en/baden-wurttemberg/konstanz/restaurant/ophelia,Ophelia,Constance,Germany,restaurant,,€€€€,,germany-2026,Ophelia,Konstanz
michelin-2026-germany,michelin,2026,,Two Stars,,https://guide.michelin.com/us/en/baden-wurttemberg/mannheim/restaurant/opus-v,OPUS V,Mannheim,Germany,restaurant,,€€€€,,germany-2026,OPUS V,Mannheim
michelin-2026-germany,michelin,2026,,Two Stars,,https://guide.michelin.com/us/en/baden-wurttemberg/rust/restaurant/ammolite-the-lighthouse-restaurant,Ammolite - House of Light,Rust,Germany,restaurant,,€€€€,,germany-2026,Ammolite - House of Light,Rust
michelin-2026-germany,michelin,2026,,Two Stars,,https://guide.michelin.com/us/en/baden-wurttemberg/schluchsee/restaurant/muhle-1195341,Mühle,Schluchsee,Germany,restaurant,,€€€€,,germany-2026,Mühle,Schluchsee
michelin-2026-germany,michelin,2026,,Two Stars,,https://guide.michelin.com/us/en/baden-wurttemberg/stuttgart/restaurant/speisemeisterei,Speisemeisterei,Stuttgart,Germany,restaurant,,€€€€,,germany-2026,Speisemeisterei,Stuttgart
michelin-2026-germany,michelin,2026,,Two Stars,,https://guide.michelin.com/us/en/baden-wurttemberg/sulzburg/restaurant/hirschen78032,Hirschen,Sulzburg,Germany,restaurant,,€€€€,,germany-2026,Hirschen,Sulzburg
michelin-2026-germany,michelin,2026,,Two Stars,,https://guide.michelin.com/us/en/baden-wurttemberg/zweiflingen/restaurant/le-cerf83229,Le Cerf,Zweiflingen,Germany,restaurant,,€€€€,,germany-2026,Le Cerf,Zweiflingen
michelin-2026-germany,michelin,2026,,Two Stars,,https://guide.michelin.com/us/en/bayern/augsburg/restaurant/august495065,AUGUST,Augsburg,Germany,restaurant,,€€€€,,germany-2026,AUGUST,Augsburg
michelin-2026-germany,michelin,2026,,Two Stars,,https://guide.michelin.com/us/en/bayern/berchtesgaden/restaurant/pur-1187942,PUR,Berchtesgaden,Germany,restaurant,,€€€€,,germany-2026,PUR,Berchtesgaden
michelin-2026-germany,michelin,2026,,Two Stars,,https://guide.michelin.com/us/en/bayern/krn/restaurant/ikigai-122205,IKIGAI,Krün,Germany,restaurant,,€€€€,,germany-2026,IKIGAI,Krün
michelin-2026-germany,michelin,2026,,Two Stars,,https://guide.michelin.com/us/en/bayern/mnchen/restaurant/alois-dallmayr-fine-dining,Alois - Dallmayr Fine Dining,Munich,Germany,restaurant,,€€€€,,germany-2026,Alois - Dallmayr Fine Dining,München
michelin-2026-germany,michelin,2026,,Two Stars,,https://guide.michelin.com/us/en/bayern/mnchen/restaurant/atelier-1198719,Atelier,Munich,Germany,restaurant,,€€€€,,germany-2026,Atelier,München
michelin-2026-germany,michelin,2026,,Two Stars,,https://guide.michelin.com/us/en/bayern/mnchen/restaurant/komu,KOMU,Munich,Germany,restaurant,,€€€€,,germany-2026,KOMU,München
michelin-2026-germany,michelin,2026,,Two Stars,,https://guide.michelin.com/us/en/bayern/mnchen/restaurant/tantris-75719,Tantris,Munich,Germany,restaurant,,€€€€,,germany-2026,Tantris,München
michelin-2026-germany,michelin,2026,,Two Stars,,https://guide.michelin.com/us/en/bayern/mnchen/restaurant/the-cloud-by-kafer,THE CLOUD by Käfer,Munich,Germany,restaurant,,€€€€,,germany-2026,THE CLOUD by Käfer,München
michelin-2026-germany,michelin,2026,,Two Stars,,https://guide.michelin.com/us/en/bayern/neunburg-vorm-wald/restaurant/obendorfer-s-eisvogel,Obendorfers Eisvogel,Neunburg vorm Wald,Germany,restaurant,,€€€€,,germany-2026,Obendorfers Eisvogel,Neunburg vorm Wald
michelin-2026-germany,michelin,2026,,Two Stars,,https://guide.michelin.com/us/en/bayern/nurnberg/restaurant/essigbratlein,Essigbrätlein,Nuremberg,Germany,restaurant,,€€€€,,germany-2026,Essigbrätlein,Nürnberg
michelin-2026-germany,michelin,2026,,Two Stars,,https://guide.michelin.com/us/en/bayern/nurnberg/restaurant/etz,etz,Nuremberg,Germany,restaurant,,€€€€,,germany-2026,etz,Nürnberg
michelin-2026-germany,michelin,2026,,Two Stars,,https://guide.michelin.com/us/en/bayern/rottach-egern/restaurant/dichterstub-n,Gourmetrestaurant Dichter,Rottach-Egern,Germany,restaurant,,€€€€,,germany-2026,Gourmetrestaurant Dichter,Rottach-Egern
michelin-2026-germany,michelin,2026,,Two Stars,,https://guide.michelin.com/us/en/bayern/teisnach/restaurant/oswald-s-gourmetstube,Oswald's Gourmetstube,Teisnach,Germany,restaurant,,€€€€,,germany-2026,Oswald's Gourmetstube,Teisnach
michelin-2026-germany,michelin,2026,,Two Stars,,https://guide.michelin.com/us/en/bayern/wirsberg/restaurant/alexander-herrmann-by-tobias-batz,AURA by Alexander Herrmann & Tobias Bätz,Wirsberg,Germany,restaurant,,€€€€,,germany-2026,AURA by Alexander Herrmann & Tobias Bätz,Wirsberg
michelin-2026-germany,michelin,2026,,Two Stars,,https://guide.michelin.com/us/en/berlin-region/berlin/restaurant/coda-dessert-dining,CODA,Berlin,Germany,restaurant,,€€€€,,germany-2026,CODA,Berlin
michelin-2026-germany,michelin,2026,,Two Stars,,https://guide.michelin.com/us/en/berlin-region/berlin/restaurant/facil,FACIL,Berlin,Germany,restaurant,,€€€€,,germany-2026,FACIL,Berlin
michelin-2026-germany,michelin,2026,,Two Stars,,https://guide.michelin.com/us/en/berlin-region/berlin/restaurant/horvath,Horváth,Berlin,Germany,restaurant,,€€€€,,germany-2026,Horváth,Berlin
michelin-2026-germany,michelin,2026,,Two Stars,,https://guide.michelin.com/us/en/berlin-region/berlin/restaurant/tim-raue,Tim Raue,Berlin,Germany,restaurant,,€€€€,,germany-2026,Tim Raue,Berlin
michelin-2026-germany,michelin,2026,,Two Stars,,https://guide.michelin.com/us/en/hamburg-region/hamburg/restaurant/100-200,100/200 Kitchen,Hamburg,Germany,restaurant,,€€€€,,germany-2026,100/200 Kitchen,Hamburg
michelin-2026-germany,michelin,2026,,Two Stars,,https://guide.michelin.com/us/en/hamburg-region/hamburg/restaurant/lakeside,Lakeside,Hamburg,Germany,restaurant,,€€€€,,germany-2026,Lakeside,Hamburg
michelin-2026-germany,michelin,2026,,Two Stars,,https://guide.michelin.com/us/en/hessen/frankfurt-am-main/restaurant/lafleur,Lafleur,Frankfurt on the Main,Germany,restaurant,,€€€€,,germany-2026,Lafleur,Frankfurt am Main
michelin-2026-germany,michelin,2026,,Two Stars,,https://guide.michelin.com/us/en/hessen/frankfurt-am-main/restaurant/rausch,RAUSCH,Frankfurt on the Main,Germany,restaurant,,€€€€,,germany-2026,RAUSCH,Frankfurt am Main
michelin-2026-germany,michelin,2026,,Two Stars,,https://guide.michelin.com/us/en/hessen/frankfurt-am-main/restaurant/the-dune,the dune,Frankfurt on the Main,Germany,restaurant,,€€€€,,germany-2026,the dune,Frankfurt am Main
michelin-2026-germany,michelin,2026,,Two Stars,,https://guide.michelin.com/us/en/niedersachsen/hannover/restaurant/jante,Jante,Hanover,Germany,restaurant,,€€€€,,germany-2026,Jante,Hannover
michelin-2026-germany,michelin,2026,,Two Stars,,https://guide.michelin.com/us/en/niedersachsen/hannover/restaurant/votum,Votum,Hanover,Germany,restaurant,,€€€€,,germany-2026,Votum,Hannover
michelin-2026-germany,michelin,2026,,Two Stars,,https://guide.michelin.com/us/en/nordrhein-westfalen/bergisch-gladbach/restaurant/vendome,Vendôme,Bergisch Gladbach,Germany,restaurant,,€€€€,,germany-2026,Vendôme,Bergisch Gladbach
michelin-2026-germany,michelin,2026,,Two Stars,,https://guide.michelin.com/us/en/nordrhein-westfalen/koln/restaurant/ox-klee,Ox & Klee,Cologne,Germany,restaurant,,€€€€,,germany-2026,Ox & Klee,Köln
michelin-2026-germany,michelin,2026,,Two Stars,,https://guide.michelin.com/us/en/nordrhein-westfalen/munster/restaurant/coeur-d-artichaut,Coeur D'Artichaut,Münster,Germany,restaurant,,€€€€,,germany-2026,Coeur D'Artichaut,Münster
michelin-2026-germany,michelin,2026,,Two Stars,,https://guide.michelin.com/us/en/rheinland-pfalz/bad-neuenahr-ahrweiler/restaurant/steinheuers-restaurant-zur-alten-post,Steinheuers Restaurant,Bad Neuenahr-Ahrweiler,Germany,restaurant,,€€€€,,germany-2026,Steinheuers Restaurant,Bad Neuenahr-Ahrweiler
michelin-2026-germany,michelin,2026,,Two Stars,,https://guide.michelin.com/us/en/rheinland-pfalz/koblenz/restaurant/gotthardt-s-by-yannick-noack,Gotthardt's by Yannick Noack,Koblenz,Germany,restaurant,,€€€€,,germany-2026,Gotthardt's by Yannick Noack,Koblenz
michelin-2026-germany,michelin,2026,,Two Stars,,https://guide.michelin.com/us/en/rheinland-pfalz/wachenheim-an-der-weinstrasse/restaurant/intense-1195298,Intense,Wachenheim an der Weinstraße,Germany,restaurant,,€€€€,,germany-2026,Intense,Wachenheim an der Weinstraße
michelin-2026-germany,michelin,2026,,Two Stars,,https://guide.michelin.com/us/en/saarland/saarbrucken/restaurant/esplanade539722,ESPLANADE,Saarbrücken,Germany,restaurant,,€€€€,,germany-2026,ESPLANADE,Saarbrücken
michelin-2026-germany,michelin,2026,,Two Stars,,https://guide.michelin.com/us/en/saarland/saarbrucken/restaurant/gastehaus-klaus-erfort,GästeHaus Klaus Erfort,Saarbrücken,Germany,restaurant,,€€€€,,germany-2026,GästeHaus Klaus Erfort,Saarbrücken
michelin-2026-germany,michelin,2026,,Two Stars,,https://guide.michelin.com/us/en/saarland/saarlouis/restaurant/louis-restaurant,LOUIS restaurant,Saarlouis,Germany,restaurant,,€€€€,,germany-2026,LOUIS restaurant,Saarlouis
michelin-2026-germany,michelin,2026,,Two Stars,,https://guide.michelin.com/us/en/saarland/sankt-ingbert/restaurant/atama-by-martin-stopp,ATAMA by Martin Stopp,Sankt Ingbert,Germany,restaurant,,€€€€,,germany-2026,ATAMA by Martin Stopp,Sankt Ingbert
michelin-2026-germany,michelin,2026,,Two Stars,,https://guide.michelin.com/us/en/sachsen-anhalt/wernigerode/restaurant/pietsch,Pietsch,Wernigerode,Germany,restaurant,,€€€€,,germany-2026,Pietsch,Wernigerode
michelin-2026-germany,michelin,2026,,Two Stars,,https://guide.michelin.com/us/en/schleswig-holstein/glcksburg/restaurant/meierei-dirk-luther,Meierei Dirk Luther,Glücksburg,Germany,restaurant,,€€€€,,germany-2026,Meierei Dirk Luther,Glücksburg
michelin-2026-germany,michelin,2026,,Two Stars,,https://guide.michelin.com/us/en/schleswig-holstein/rantum/restaurant/sol-ring-hof,Söl'ring Hof,Rantum,Germany,restaurant,,€€€€,,germany-2026,Söl'ring Hof,Rantum
michelin-2026-germany,michelin,2026,,One Star,,https://guide.michelin.com/us/en/baden-wurttemberg/asperg/restaurant/schwabenstube,Schwabenstube,Asperg,Germany,restaurant,,€€€,,germany-2026,Schwabenstube,Asperg
michelin-2026-germany,michelin,2026,,One Star,,https://guide.michelin.com/us/en/baden-wurttemberg/bad-krozingen/restaurant/storchen,Storchen,Bad Krozingen,Germany,restaurant,,€€€,,germany-2026,Storchen,Bad Krozingen
michelin-2026-germany,michelin,2026,,One Star,,https://guide.michelin.com/us/en/baden-wurttemberg/bad-sckingen/restaurant/genuss-apotheke,Genuss-Apotheke,Bad Säckingen,Germany,restaurant,,€€€€,,germany-2026,Genuss-Apotheke,Bad Säckingen
michelin-2026-germany,michelin,2026,,One Star,,https://guide.michelin.com/us/en/baden-wurttemberg/bad-teinach-zavelstein/restaurant/gourmetrestaurant-berlins-krone,Gourmetrestaurant Berlins Krone,Bad Teinach-Zavelstein,Germany,restaurant,,€€€€,,germany-2026,Gourmetrestaurant Berlins Krone,Bad Teinach-Zavelstein
michelin-2026-germany,michelin,2026,,One Star,,https://guide.michelin.com/us/en/baden-wurttemberg/baden-baden/restaurant/le-jardin-de-france,Le Jardin de France im Stahlbad,Baden-Baden,Germany,restaurant,,€€€€,,germany-2026,Le Jardin de France im Stahlbad,Baden-Baden
michelin-2026-germany,michelin,2026,,One Star,,https://guide.michelin.com/us/en/baden-wurttemberg/baden-baden/restaurant/maltes-hidden-kitchen,Maltes hidden kitchen,Baden-Baden,Germany,restaurant,,€€€€,,germany-2026,Maltes hidden kitchen,Baden-Baden
michelin-2026-germany,michelin,2026,,One Star,,https://guide.michelin.com/us/en/baden-wurttemberg/baiersbronn/restaurant/1789-1191834,1789,Baiersbronn,Germany,restaurant,,€€€€,,germany-2026,1789,Baiersbronn
michelin-2026-germany,michelin,2026,,One Star,,https://guide.michelin.com/us/en/baden-wurttemberg/baiersbronn/restaurant/schlossberg,Schlossberg,Baiersbronn,Germany,restaurant,,€€€€,,germany-2026,Schlossberg,Baiersbronn
michelin-2026-germany,michelin,2026,,One Star,,https://guide.michelin.com/us/en/baden-wurttemberg/bietigheim-bissingen/restaurant/maerz-das-restaurant,Maerz - Das Restaurant,Bietigheim-Bissingen,Germany,restaurant,,€€€€,,germany-2026,Maerz - Das Restaurant,Bietigheim-Bissingen
michelin-2026-germany,michelin,2026,,One Star,,https://guide.michelin.com/us/en/baden-wurttemberg/de-schwbisch-hall/restaurant/eisenbahn,Eisenbahn,Schwäbisch Hall,Germany,restaurant,,€€€€,,germany-2026,Eisenbahn,Schwäbisch Hall
michelin-2026-germany,michelin,2026,,One Star,,https://guide.michelin.com/us/en/baden-wurttemberg/de-schwbisch-hall/restaurant/rebers-pflug,Rebers Pflug,Schwäbisch Hall,Germany,restaurant,,€€€€,,germany-2026,Rebers Pflug,Schwäbisch Hall
michelin-2026-germany,michelin,2026,,One Star,,https://guide.michelin.com/us/en/baden-wurttemberg/donaueschingen/restaurant/die-burg,die burg - fine dining,Donaueschingen,Germany,restaurant,,€€€,,germany-2026,die burg - fine dining,Donaueschingen
michelin-2026-germany,michelin,2026,,One Star,,https://guide.michelin.com/us/en/baden-wurttemberg/efringen-kirchen/restaurant/traube1181496,Traube,Efringen-Kirchen,Germany,restaurant,,€€€€,,germany-2026,Traube,Efringen-Kirchen
michelin-2026-germany,michelin,2026,,One Star,,https://guide.michelin.com/us/en/baden-wurttemberg/eggenstein-leopoldshafen/restaurant/das-garbo-im-lowen,Das garbo zum Löwen,Eggenstein-Leopoldshafen,Germany,restaurant,,€€€€,,germany-2026,Das garbo zum Löwen,Eggenstein-Leopoldshafen
michelin-2026-germany,michelin,2026,,One Star,,https://guide.michelin.com/us/en/baden-wurttemberg/ehningen/restaurant/landhaus-feckl,Landhaus Feckl,Ehningen,Germany,restaurant,,€€€,,germany-2026,Landhaus Feckl,Ehningen
michelin-2026-germany,michelin,2026,,One Star,,https://guide.michelin.com/us/en/baden-wurttemberg/endingen-am-kaiserstuhl/restaurant/merkles-restaurant,Merkles Restaurant,Endingen am Kaiserstuhl,Germany,restaurant,,€€€€,,germany-2026,Merkles Restaurant,Endingen am Kaiserstuhl
michelin-2026-germany,michelin,2026,,One Star,,https://guide.michelin.com/us/en/baden-wurttemberg/ettlingen/restaurant/erbprinz,Erbprinz,Ettlingen,Germany,restaurant,,€€€€,,germany-2026,Erbprinz,Ettlingen
michelin-2026-germany,michelin,2026,,One Star,,https://guide.michelin.com/us/en/baden-wurttemberg/fellbach/restaurant/oettinger-s-restaurant,Oettinger's Restaurant,Fellbach,Germany,restaurant,,€€€€,,germany-2026,Oettinger's Restaurant,Fellbach
michelin-2026-germany,michelin,2026,,One Star,,https://guide.michelin.com/us/en/baden-wurttemberg/freiburg-im-breisgau/restaurant/colombi-restaurant,Colombi Restaurant Zirbelstube,Freiburg im Breisgau,Germany,restaurant,,€€€€,,germany-2026,Colombi Restaurant Zirbelstube,Freiburg im Breisgau
michelin-2026-germany,michelin,2026,,One Star,,https://guide.michelin.com/us/en/baden-wurttemberg/freiburg-im-breisgau/restaurant/eichhalde,Eichhalde,Freiburg im Breisgau,Germany,restaurant,,€€€€,,germany-2026,Eichhalde,Freiburg im Breisgau
michelin-2026-germany,michelin,2026,,One Star,,https://guide.michelin.com/us/en/baden-wurttemberg/freiburg-im-breisgau/restaurant/hawara,Hawara,Freiburg im Breisgau,Germany,restaurant,,€€€€,,germany-2026,Hawara,Freiburg im Breisgau
michelin-2026-germany,michelin,2026,,One Star,,https://guide.michelin.com/us/en/baden-wurttemberg/freiburg-im-breisgau/restaurant/jacobi,Jacobi,Freiburg im Breisgau,Germany,restaurant,,€€€€,,germany-2026,Jacobi,Freiburg im Breisgau
michelin-2026-germany,michelin,2026,,One Star,,https://guide.michelin.com/us/en/baden-wurttemberg/freiburg-im-breisgau/restaurant/wolfshohle-1198858,Zur Wolfshöhle,Freiburg im Breisgau,Germany,restaurant,,€€€€,,germany-2026,Zur Wolfshöhle,Freiburg im Breisgau
michelin-2026-germany,michelin,2026,,One Star,,https://guide.michelin.com/us/en/baden-wurttemberg/gernsbach/restaurant/werners-restaurant99887,Werners Restaurant,Gernsbach,Germany,restaurant,,€€€€,,germany-2026,Werners Restaurant,Gernsbach
michelin-2026-germany,michelin,2026,,One Star,,https://guide.michelin.com/us/en/baden-wurttemberg/grenzach-wyhlen/restaurant/eckert,Eckert | Fine Dining,Grenzach-Wyhlen,Germany,restaurant,,€€€€,,germany-2026,Eckert | Fine Dining,Grenzach-Wyhlen
michelin-2026-germany,michelin,2026,,One Star,,https://guide.michelin.com/us/en/baden-wurttemberg/hayingen/restaurant/restaurant-1950,Restaurant 1950,Hayingen,Germany,restaurant,,€€€€,,germany-2026,Restaurant 1950,Hayingen
michelin-2026-germany,michelin,2026,,One Star,,https://guide.michelin.com/us/en/baden-wurttemberg/heidelberg/restaurant/oben,Oben,Heidelberg,Germany,restaurant,,€€€€,,germany-2026,Oben,Heidelberg
michelin-2026-germany,michelin,2026,,One Star,,https://guide.michelin.com/us/en/baden-wurttemberg/kernen-im-remstal/restaurant/malathounis,Malathounis,Kernen im Remstal,Germany,restaurant,,€€€,,germany-2026,Malathounis,Kernen im Remstal
michelin-2026-germany,michelin,2026,,One Star,,https://guide.michelin.com/us/en/baden-wurttemberg/knigsbronn/restaurant/ursprung,Ursprung,Königsbronn,Germany,restaurant,,€€€€,,germany-2026,Ursprung,Königsbronn
michelin-2026-germany,michelin,2026,,One Star,,https://guide.michelin.com/us/en/baden-wurttemberg/lahr/restaurant/adler82171,Adler,Lahr,Germany,restaurant,,€€€,,germany-2026,Adler,Lahr
michelin-2026-germany,michelin,2026,,One Star,,https://guide.michelin.com/us/en/baden-wurttemberg/langenau/restaurant/hochzwei,HOCHZWEI,Langenau,Germany,restaurant,,€€€€,,germany-2026,HOCHZWEI,Langenau
michelin-2026-germany,michelin,2026,,One Star,,https://guide.michelin.com/us/en/baden-wurttemberg/mannheim/restaurant/doblers,Dobler's,Mannheim,Germany,restaurant,,€€€€,,germany-2026,Dobler's,Mannheim
michelin-2026-germany,michelin,2026,,One Star,,https://guide.michelin.com/us/en/baden-wurttemberg/mannheim/restaurant/the-tourist-trap,The Tourist Trap,Mannheim,Germany,restaurant,,€€€€,,germany-2026,The Tourist Trap,Mannheim
michelin-2026-germany,michelin,2026,,One Star,,https://guide.michelin.com/us/en/baden-wurttemberg/neuhausen/restaurant/alte-baiz,Alte Baiz,Neuhausen,Germany,restaurant,,€€€€,,germany-2026,Alte Baiz,Neuhausen
michelin-2026-germany,michelin,2026,,One Star,,https://guide.michelin.com/us/en/baden-wurttemberg/ohningen/restaurant/falconera,Falconera,Öhningen,Germany,restaurant,,€€€,,germany-2026,Falconera,Öhningen
michelin-2026-germany,michelin,2026,,One Star,,https://guide.michelin.com/us/en/baden-wurttemberg/ravensburg/restaurant/kaisersaal,Kaisersaal,Ravensburg,Germany,restaurant,,€€€€,,germany-2026,Kaisersaal,Ravensburg
michelin-2026-germany,michelin,2026,,One Star,,https://guide.michelin.com/us/en/baden-wurttemberg/rust/restaurant/eatrenalin,Eatrenalin,Rust,Germany,restaurant,,€€€€,,germany-2026,Eatrenalin,Rust
michelin-2026-germany,michelin,2026,,One Star,,https://guide.michelin.com/us/en/baden-wurttemberg/rutesheim_1316036/restaurant/das-philippin,Das Philippin,Rutesheim,Germany,restaurant,,€€€€,,germany-2026,Das Philippin,Rutesheim
michelin-2026-germany,michelin,2026,,One Star,,https://guide.michelin.com/us/en/baden-wurttemberg/salach/restaurant/gourmetrestaurant-fine-dining-rs,"Gourmetrestaurant ""fine dining RS""",Salach,Germany,restaurant,,€€€€,,germany-2026,"Gourmetrestaurant ""fine dining RS""",Salach
michelin-2026-germany,michelin,2026,,One Star,,https://guide.michelin.com/us/en/baden-wurttemberg/schorndorf/restaurant/gourmetrestaurant-nico-burkhardt,Gourmetrestaurant Nico Burkhardt,Schorndorf,Germany,restaurant,,€€€€,,germany-2026,Gourmetrestaurant Nico Burkhardt,Schorndorf
michelin-2026-germany,michelin,2026,,One Star,,https://guide.michelin.com/us/en/baden-wurttemberg/schriesheim/restaurant/raro-im-muhlenhof,Raro im Mühlenhof,Schriesheim,Germany,restaurant,,€€€€,,germany-2026,Raro im Mühlenhof,Schriesheim
michelin-2026-germany,michelin,2026,,One Star,,https://guide.michelin.com/us/en/baden-wurttemberg/schwendi/restaurant/esszimmer-im-oberschwabischen-hof-1195566,Esszimmer im Oberschwäbischen Hof,Schwendi,Germany,restaurant,,€€€,,germany-2026,Esszimmer im Oberschwäbischen Hof,Schwendi
michelin-2026-germany,michelin,2026,,One Star,,https://guide.michelin.com/us/en/baden-wurttemberg/sonnenbhl/restaurant/hirsch77747,Hirsch,Sonnenbühl,Germany,restaurant,,€€€€,,germany-2026,Hirsch,Sonnenbühl
michelin-2026-germany,michelin,2026,,One Star,,https://guide.michelin.com/us/en/baden-wurttemberg/stuttgart/restaurant/5,5,Stuttgart,Germany,restaurant,,€€€€,,germany-2026,5,Stuttgart
michelin-2026-germany,michelin,2026,,One Star,,https://guide.michelin.com/us/en/baden-wurttemberg/stuttgart/restaurant/delice,Délice,Stuttgart,Germany,restaurant,,€€€€,,germany-2026,Délice,Stuttgart
michelin-2026-germany,michelin,2026,,One Star,,https://guide.michelin.com/us/en/baden-wurttemberg/stuttgart/restaurant/der-zauberlehrling,Der Zauberlehrling,Stuttgart,Germany,restaurant,,€€€,,germany-2026,Der Zauberlehrling,Stuttgart
michelin-2026-germany,michelin,2026,,One Star,,https://guide.michelin.com/us/en/baden-wurttemberg/stuttgart/restaurant/hupperts,Hupperts,Stuttgart,Germany,restaurant,,€€€€,,germany-2026,Hupperts,Stuttgart
michelin-2026-germany,michelin,2026,,One Star,,https://guide.michelin.com/us/en/baden-wurttemberg/stuttgart/restaurant/laesa,Laesâ,Stuttgart,Germany,restaurant,,€€€€,,germany-2026,Laesâ,Stuttgart
michelin-2026-germany,michelin,2026,,One Star,,https://guide.michelin.com/us/en/baden-wurttemberg/stuttgart/restaurant/wielandshohe,Wielandshöhe,Stuttgart,Germany,restaurant,,€€€,,germany-2026,Wielandshöhe,Stuttgart
michelin-2026-germany,michelin,2026,,One Star,,https://guide.michelin.com/us/en/baden-wurttemberg/stuttgart/restaurant/zur-weinsteige,ZUR WEINSTEIGE,Stuttgart,Germany,restaurant,,€€€€,,germany-2026,ZUR WEINSTEIGE,Stuttgart
michelin-2026-germany,michelin,2026,,One Star,,https://guide.michelin.com/us/en/baden-wurttemberg/tuttlingen/restaurant/anima,ANIMA,Tuttlingen,Germany,restaurant,,€€€€,,germany-2026,ANIMA,Tuttlingen
michelin-2026-germany,michelin,2026,,One Star,,https://guide.michelin.com/us/en/baden-wurttemberg/uhingen/restaurant/schloss-filseck,Restaurant auf Schloss Filseck,Uhingen,Germany,restaurant,,€€€€,,germany-2026,Restaurant auf Schloss Filseck,Uhingen
michelin-2026-germany,michelin,2026,,One Star,,https://guide.michelin.com/us/en/baden-wurttemberg/ulm/restaurant/bi-braud,bi:braud,Ulm,Germany,restaurant,,€€€,,germany-2026,bi:braud,Ulm
michelin-2026-germany,michelin,2026,,One Star,,https://guide.michelin.com/us/en/baden-wurttemberg/ulm/restaurant/seestern,Seestern,Ulm,Germany,restaurant,,€€€€,,germany-2026,Seestern,Ulm
michelin-2026-germany,michelin,2026,,One Star,,https://guide.michelin.com/us/en/baden-wurttemberg/vaihingen-an-der-enz/restaurant/lamm-rosswag,Lamm Rosswag,Vaihingen an der Enz,Germany,restaurant,,€€€€,,germany-2026,Lamm Rosswag,Vaihingen an der Enz
michelin-2026-germany,michelin,2026,,One Star,,https://guide.michelin.com/us/en/baden-wurttemberg/vogtsburg-im-kaiserstuhl/restaurant/schwarzer-adler,Schwarzer Adler,Vogtsburg im Kaiserstuhl,Germany,restaurant,,€€€€,,germany-2026,Schwarzer Adler,Vogtsburg im Kaiserstuhl
michelin-2026-germany,michelin,2026,,One Star,,https://guide.michelin.com/us/en/baden-wurttemberg/waiblingen/restaurant/bachofer,Bachofer,Waiblingen,Germany,restaurant,,€€€€,,germany-2026,Bachofer,Waiblingen
michelin-2026-germany,michelin,2026,,One Star,,https://guide.michelin.com/us/en/baden-wurttemberg/waldbronn/restaurant/schwitzer-s-am-park,Schwitzer's Gourmet-Restaurant,Waldbronn,Germany,restaurant,,€€€€,,germany-2026,Schwitzer's Gourmet-Restaurant,Waldbronn
michelin-2026-germany,michelin,2026,,One Star,,https://guide.michelin.com/us/en/baden-wurttemberg/waldenbuch/restaurant/gasthof-krone,Gasthof Krone,Waldenbuch,Germany,restaurant,,€€€,,germany-2026,Gasthof Krone,Waldenbuch
michelin-2026-germany,michelin,2026,,One Star,,https://guide.michelin.com/us/en/baden-wurttemberg/weil-am-rhein/restaurant/cafe-gupi,Café GUPI,Weil am Rhein,Germany,restaurant,,€€,,germany-2026,Café GUPI,Weil am Rhein
michelin-2026-germany,michelin,2026,,One Star,,https://guide.michelin.com/us/en/baden-wurttemberg/weinstadt/restaurant/cedric-1204630,Cédric,Weinstadt,Germany,restaurant,,€€€,,germany-2026,Cédric,Weinstadt
michelin-2026-germany,michelin,2026,,One Star,,https://guide.michelin.com/us/en/bayern/aschau-im-chiemgau/restaurant/restaurant-heinz-winkler,Epicures,Aschau im Chiemgau,Germany,restaurant,,€€€€,,germany-2026,Epicures,Aschau im Chiemgau
michelin-2026-germany,michelin,2026,,One Star,,https://guide.michelin.com/us/en/bayern/auerbach-in-der-oberpfalz/restaurant/soulfood,SoulFood,Auerbach in der Oberpfalz,Germany,restaurant,,€€€€,,germany-2026,SoulFood,Auerbach in der Oberpfalz
michelin-2026-germany,michelin,2026,,One Star,,https://guide.michelin.com/us/en/bayern/augsburg/restaurant/alte-liebe,Alte Liebe,Augsburg,Germany,restaurant,,€€€€,,germany-2026,Alte Liebe,Augsburg
michelin-2026-germany,michelin,2026,,One Star,,https://guide.michelin.com/us/en/bayern/augsburg/restaurant/nose-belly,Nose & Belly,Augsburg,Germany,restaurant,,€€€,,germany-2026,Nose & Belly,Augsburg
michelin-2026-germany,michelin,2026,,One Star,,https://guide.michelin.com/us/en/bayern/augsburg/restaurant/sartory,Sartory,Augsburg,Germany,restaurant,,€€€€,,germany-2026,Sartory,Augsburg
michelin-2026-germany,michelin,2026,,One Star,,https://guide.michelin.com/us/en/bayern/bad-kissingen/restaurant/laudensacks-gourmet-restaurant,Laudensacks Gourmet Restaurant,Bad Kissingen,Germany,restaurant,,€€€€,,germany-2026,Laudensacks Gourmet Restaurant,Bad Kissingen
michelin-2026-germany,michelin,2026,,One Star,,https://guide.michelin.com/us/en/bayern/bad-ktzing/restaurant/leos-by-stephan-brandl,Leos by Stephan Brandl,Bad Kötzing,Germany,restaurant,,€€€€,,germany-2026,Leos by Stephan Brandl,Bad Kötzing
michelin-2026-germany,michelin,2026,,One Star,,https://guide.michelin.com/us/en/bayern/bernried_1281441/restaurant/schwingshackl-esskultur,Schwingshackl ESSKULTUR,Bernried,Germany,restaurant,,€€€€,,germany-2026,Schwingshackl ESSKULTUR,Bernried
michelin-2026-germany,michelin,2026,,One Star,,https://guide.michelin.com/us/en/bayern/bischofswiesen/restaurant/solo-du,Solo Du,Bischofswiesen,Germany,restaurant,,€€€€,,germany-2026,Solo Du,Bischofswiesen
michelin-2026-germany,michelin,2026,,One Star,,https://guide.michelin.com/us/en/bayern/deggendorf_1282003/restaurant/edl-eins-fine-dining,edl.eins,Deggendorf,Germany,restaurant,,€€€€,,germany-2026,edl.eins,Deggendorf
michelin-2026-germany,michelin,2026,,One Star,,https://guide.michelin.com/us/en/bayern/duggendorf/restaurant/hummels-gourmetstube,DIE GOURMET STUBE im Gasthaus Hummel,Duggendorf,Germany,restaurant,,€€€€,,germany-2026,DIE GOURMET STUBE im Gasthaus Hummel,Duggendorf
michelin-2026-germany,michelin,2026,,One Star,,https://guide.michelin.com/us/en/bayern/eichsttt/restaurant/staderer,Staderer,Eichstätt,Germany,restaurant,,€€€€,,germany-2026,Staderer,Eichstätt
michelin-2026-germany,michelin,2026,,One Star,,https://guide.michelin.com/us/en/bayern/frasdorf/restaurant/michael-s-leitenberg,Michaels Leitenberg,Frasdorf,Germany,restaurant,,€€€€,,germany-2026,Michaels Leitenberg,Frasdorf
michelin-2026-germany,michelin,2026,,One Star,,https://guide.michelin.com/us/en/bayern/frasdorf/restaurant/restaurant-karner,Restaurant Karner,Frasdorf,Germany,restaurant,,€€€€,,germany-2026,Restaurant Karner,Frasdorf
michelin-2026-germany,michelin,2026,,One Star,,https://guide.michelin.com/us/en/bayern/illschwang/restaurant/cheval-blanc554556,Cheval Blanc,Illschwang,Germany,restaurant,,€€€€,,germany-2026,Cheval Blanc,Illschwang
michelin-2026-germany,michelin,2026,,One Star,,https://guide.michelin.com/us/en/bayern/kirchdorf/restaurant/christian-s-restaurant-gasthof-grainer,Christian's Restaurant - Gasthof Grainer,Kirchdorf,Germany,restaurant,,€€€€,,germany-2026,Christian's Restaurant - Gasthof Grainer,Kirchdorf
michelin-2026-germany,michelin,2026,,One Star,,https://guide.michelin.com/us/en/bayern/klingenberg-am-main/restaurant/colbo,Cølbo,Klingenberg am Main,Germany,restaurant,,€€€€,,germany-2026,Cølbo,Klingenberg am Main
michelin-2026-germany,michelin,2026,,One Star,,https://guide.michelin.com/us/en/bayern/kreuzwertheim_1295241/restaurant/la-boucherie,La Boucherie,Kreuzwertheim,Germany,restaurant,,€€€€,,germany-2026,La Boucherie,Kreuzwertheim
michelin-2026-germany,michelin,2026,,One Star,,https://guide.michelin.com/us/en/bayern/landsberg-am-lech_1299909/restaurant/lech-line,LECH-LINE,Landsberg am Lech,Germany,restaurant,,€€€€,,germany-2026,LECH-LINE,Landsberg am Lech
michelin-2026-germany,michelin,2026,,One Star,,https://guide.michelin.com/us/en/bayern/langenzenn/restaurant/keidenzeller-hof,Keidenzeller Hof,Langenzenn,Germany,restaurant,,€€€€,,germany-2026,Keidenzeller Hof,Langenzenn
michelin-2026-germany,michelin,2026,,One Star,,https://guide.michelin.com/us/en/bayern/lindau/restaurant/karrisma,KARRisma,Lindau,Germany,restaurant,,€€€€,,germany-2026,KARRisma,Lindau
michelin-2026-germany,michelin,2026,,One Star,,https://guide.michelin.com/us/en/bayern/lindau/restaurant/villino,VILLINO,Lindau,Germany,restaurant,,€€€€,,germany-2026,VILLINO,Lindau
michelin-2026-germany,michelin,2026,,One Star,,https://guide.michelin.com/us/en/bayern/markt-indersdorf_1300191/restaurant/mind-1209794,MIND,Markt Indersdorf,Germany,restaurant,,€€€€,,germany-2026,MIND,Markt Indersdorf
michelin-2026-germany,michelin,2026,,One Star,,https://guide.michelin.com/us/en/bayern/mittenwald/restaurant/das-marktrestaurant,Das Marktrestaurant,Mittenwald,Germany,restaurant,,€€€,,germany-2026,Das Marktrestaurant,Mittenwald
michelin-2026-germany,michelin,2026,,One Star,,https://guide.michelin.com/us/en/bayern/mnchen/restaurant/1804-hirschau,1804 Hirschau,Munich,Germany,restaurant,,€€€€,,germany-2026,1804 Hirschau,München
michelin-2026-germany,michelin,2026,,One Star,,https://guide.michelin.com/us/en/bayern/mnchen/restaurant/brothers,Brothers,Munich,Germany,restaurant,,€€€€,,germany-2026,Brothers,München
michelin-2026-germany,michelin,2026,,One Star,,https://guide.michelin.com/us/en/bayern/mnchen/restaurant/gabelspiel,Gabelspiel,Munich,Germany,restaurant,,€€€€,,germany-2026,Gabelspiel,München
michelin-2026-germany,michelin,2026,,One Star,,https://guide.michelin.com/us/en/bayern/mnchen/restaurant/les-deux,Les Deux,Munich,Germany,restaurant,,€€€€,,germany-2026,Les Deux,München
michelin-2026-germany,michelin,2026,,One Star,,https://guide.michelin.com/us/en/bayern/mnchen/restaurant/mountain-hub-gourmet,Mountain Hub Gourmet,Munich,Germany,restaurant,,€€€€,,germany-2026,Mountain Hub Gourmet,München
michelin-2026-germany,michelin,2026,,One Star,,https://guide.michelin.com/us/en/bayern/mnchen/restaurant/sparkling-bistro,Sparkling Bistro,Munich,Germany,restaurant,,€€€€,,germany-2026,Sparkling Bistro,München
michelin-2026-germany,michelin,2026,,One Star,,https://guide.michelin.com/us/en/bayern/mnchen/restaurant/tantris-dna,Tantris DNA,Munich,Germany,restaurant,,€€€€,,germany-2026,Tantris DNA,München
michelin-2026-germany,michelin,2026,,One Star,,https://guide.michelin.com/us/en/bayern/mnchen/restaurant/werneckhof-sigi-schelling,Werneckhof Sigi Schelling,Munich,Germany,restaurant,,€€€€,,germany-2026,Werneckhof Sigi Schelling,München
michelin-2026-germany,michelin,2026,,One Star,,https://guide.michelin.com/us/en/bayern/neu-ulm/restaurant/stephans-stuben,Stephans Stuben by Marco Langer,Neu-Ulm,Germany,restaurant,,€€€€,,germany-2026,Stephans Stuben by Marco Langer,Neu-Ulm
michelin-2026-germany,michelin,2026,,One Star,,https://guide.michelin.com/us/en/bayern/niederwinkling/restaurant/buchner,Buchner Welchenberg 1658,Niederwinkling,Germany,restaurant,,€€€€,,germany-2026,Buchner Welchenberg 1658,Niederwinkling
michelin-2026-germany,michelin,2026,,One Star,,https://guide.michelin.com/us/en/bayern/nrdlingen/restaurant/wirtshaus-meyers-keller,Wirtshaus Meyers Keller,Nördlingen,Germany,restaurant,,€€€,,germany-2026,Wirtshaus Meyers Keller,Nördlingen
michelin-2026-germany,michelin,2026,,One Star,,https://guide.michelin.com/us/en/bayern/nurnberg/restaurant/entenstuben,Entenstuben,Nuremberg,Germany,restaurant,,€€€€,,germany-2026,Entenstuben,Nürnberg
michelin-2026-germany,michelin,2026,,One Star,,https://guide.michelin.com/us/en/bayern/nurnberg/restaurant/tisane,Tisane,Nuremberg,Germany,restaurant,,€€€€,,germany-2026,Tisane,Nürnberg
michelin-2026-germany,michelin,2026,,One Star,,https://guide.michelin.com/us/en/bayern/nurnberg/restaurant/veles,Veles,Nuremberg,Germany,restaurant,,€€€€,,germany-2026,Veles,Nürnberg
michelin-2026-germany,michelin,2026,,One Star,,https://guide.michelin.com/us/en/bayern/nurnberg/restaurant/waidwerk,Waidwerk,Nuremberg,Germany,restaurant,,€€€€,,germany-2026,Waidwerk,Nürnberg
michelin-2026-germany,michelin,2026,,One Star,,https://guide.michelin.com/us/en/bayern/nurnberg/restaurant/wonka,Wonka,Nuremberg,Germany,restaurant,,€€€€,,germany-2026,Wonka,Nürnberg
michelin-2026-germany,michelin,2026,,One Star,,https://guide.michelin.com/us/en/bayern/nurnberg/restaurant/zweisinn-meiers-fine-dining,ZweiSinn Meiers | Fine Dining,Nuremberg,Germany,restaurant,,€€€€,,germany-2026,ZweiSinn Meiers | Fine Dining,Nürnberg
michelin-2026-germany,michelin,2026,,One Star,,https://guide.michelin.com/us/en/bayern/oberstdorf/restaurant/ess-atelier-strauss,ESS ATELIER STRAUSS,Oberstdorf,Germany,restaurant,,€€€€,,germany-2026,ESS ATELIER STRAUSS,Oberstdorf
michelin-2026-germany,michelin,2026,,One Star,,https://guide.michelin.com/us/en/bayern/ofterschwang/restaurant/silberdistel,Silberdistel,Ofterschwang,Germany,restaurant,,€€€€,,germany-2026,Silberdistel,Ofterschwang
michelin-2026-germany,michelin,2026,,One Star,,https://guide.michelin.com/us/en/bayern/passau/restaurant/marcel-von-winckelmann,Marcel von Winckelmann,Passau,Germany,restaurant,,€€€€,,germany-2026,Marcel von Winckelmann,Passau
michelin-2026-germany,michelin,2026,,One Star,,https://guide.michelin.com/us/en/bayern/pfronten/restaurant/pavo-im-burghotel-falkenstein,PAVO,Pfronten,Germany,restaurant,,€€€€,,germany-2026,PAVO,Pfronten
michelin-2026-germany,michelin,2026,,One Star,,https://guide.michelin.com/us/en/bayern/pleiskirchen/restaurant/huberwirt,Restaurant Alexander Huber,Pleiskirchen,Germany,restaurant,,€€€€,,germany-2026,Restaurant Alexander Huber,Pleiskirchen
michelin-2026-germany,michelin,2026,,One Star,,https://guide.michelin.com/us/en/bayern/prien-am-chiemsee/restaurant/wachter-foodbar,Wachter Foodbar,Prien am Chiemsee,Germany,restaurant,,€€€€,,germany-2026,Wachter Foodbar,Prien am Chiemsee
michelin-2026-germany,michelin,2026,,One Star,,https://guide.michelin.com/us/en/bayern/regensburg/restaurant/aska-1186893,Aska,Regensburg,Germany,restaurant,,€€€€,,germany-2026,Aska,Regensburg
michelin-2026-germany,michelin,2026,,One Star,,https://guide.michelin.com/us/en/bayern/regensburg/restaurant/ontra-s-gourmetstube,Ontra's Gourmetstube,Regensburg,Germany,restaurant,,€€€€,,germany-2026,Ontra's Gourmetstube,Regensburg
michelin-2026-germany,michelin,2026,,One Star,,https://guide.michelin.com/us/en/bayern/regensburg/restaurant/storstad,Storstad,Regensburg,Germany,restaurant,,€€€€,,germany-2026,Storstad,Regensburg
michelin-2026-germany,michelin,2026,,One Star,,https://guide.michelin.com/us/en/bayern/rothenburg-ob-der-tauber/restaurant/mittermeier,Mittermeier,Rothenburg ob der Tauber,Germany,restaurant,,€€€€,,germany-2026,Mittermeier,Rothenburg ob der Tauber
michelin-2026-germany,michelin,2026,,One Star,,https://guide.michelin.com/us/en/bayern/rottach-egern/restaurant/haubentaucher,Haubentaucher,Rottach-Egern,Germany,restaurant,,€€€€,,germany-2026,Haubentaucher,Rottach-Egern
michelin-2026-germany,michelin,2026,,One Star,,https://guide.michelin.com/us/en/bayern/rottach-egern/restaurant/restaurant-uberfahrt,Restaurant Überfahrt,Rottach-Egern,Germany,restaurant,,€€€€,,germany-2026,Restaurant Überfahrt,Rottach-Egern
michelin-2026-germany,michelin,2026,,One Star,,https://guide.michelin.com/us/en/bayern/simmershofen_1306812/restaurant/winzerhof-stahl,Winzerhof Stahl,Simmershofen,Germany,restaurant,,€€€€,,germany-2026,Winzerhof Stahl,Simmershofen
michelin-2026-germany,michelin,2026,,One Star,,https://guide.michelin.com/us/en/bayern/sommerhausen/restaurant/philipp,Philipp,Sommerhausen,Germany,restaurant,,€€€€,,germany-2026,Philipp,Sommerhausen
michelin-2026-germany,michelin,2026,,One Star,,https://guide.michelin.com/us/en/bayern/starnberg/restaurant/aubergine388304,Aubergine,Starnberg,Germany,restaurant,,€€€€,,germany-2026,Aubergine,Starnberg
michelin-2026-germany,michelin,2026,,One Star,,https://guide.michelin.com/us/en/bayern/ubersee_1280400/restaurant/june-1213481,June,Übersee,Germany,restaurant,,€€€,,germany-2026,June,Übersee
michelin-2026-germany,michelin,2026,,One Star,,https://guide.michelin.com/us/en/bayern/volkach/restaurant/weinstock,Weinstock,Volkach,Germany,restaurant,,€€€€,,germany-2026,Weinstock,Volkach
michelin-2026-germany,michelin,2026,,One Star,,https://guide.michelin.com/us/en/bayern/waldkirchen/restaurant/johanns,Johanns,Waldkirchen,Germany,restaurant,,€€€€,,germany-2026,Johanns,Waldkirchen
michelin-2026-germany,michelin,2026,,One Star,,https://guide.michelin.com/us/en/bayern/weissenbrunn/restaurant/gasthof-alex,Gasthof Alex,Weißenbrunn,Germany,restaurant,,€€€€,,germany-2026,Gasthof Alex,Weißenbrunn
michelin-2026-germany,michelin,2026,,One Star,,https://guide.michelin.com/us/en/bayern/wurzburg/restaurant/kuno-1408,KUNO 1408,Würzburg,Germany,restaurant,,€€€€,,germany-2026,KUNO 1408,Würzburg
michelin-2026-germany,michelin,2026,,One Star,,https://guide.michelin.com/us/en/bayern/wurzburg/restaurant/mizar,MiZAR,Würzburg,Germany,restaurant,,€€€€,,germany-2026,MiZAR,Würzburg
michelin-2026-germany,michelin,2026,,One Star,,https://guide.michelin.com/us/en/berlin-region/berlin/restaurant/bandol-sur-mer,Bandol sur mer,Berlin,Germany,restaurant,,€€€€,,germany-2026,Bandol sur mer,Berlin
michelin-2026-germany,michelin,2026,,One Star,,https://guide.michelin.com/us/en/berlin-region/berlin/restaurant/bonvivant-1197308,Bonvivant,Berlin,Germany,restaurant,,€€€€,,germany-2026,Bonvivant,Berlin
michelin-2026-germany,michelin,2026,,One Star,,https://guide.michelin.com/us/en/berlin-region/berlin/restaurant/bricole,Bricole,Berlin,Germany,restaurant,,€€€€,,germany-2026,Bricole,Berlin
michelin-2026-germany,michelin,2026,,One Star,,https://guide.michelin.com/us/en/berlin-region/berlin/restaurant/cookies-cream,Cookies Cream,Berlin,Germany,restaurant,,€€€€,,germany-2026,Cookies Cream,Berlin
michelin-2026-germany,michelin,2026,,One Star,,https://guide.michelin.com/us/en/berlin-region/berlin/restaurant/golvet,GOLVET,Berlin,Germany,restaurant,,€€€€,,germany-2026,GOLVET,Berlin
michelin-2026-germany,michelin,2026,,One Star,,https://guide.michelin.com/us/en/berlin-region/berlin/restaurant/hallmann-und-klee,hallmann & klee,Berlin,Germany,restaurant,,€€€,,germany-2026,hallmann & klee,Berlin
michelin-2026-germany,michelin,2026,,One Star,,https://guide.michelin.com/us/en/berlin-region/berlin/restaurant/hugos,Hugos,Berlin,Germany,restaurant,,€€€€,,germany-2026,Hugos,Berlin
michelin-2026-germany,michelin,2026,,One Star,,https://guide.michelin.com/us/en/berlin-region/berlin/restaurant/irma-la-douce,Irma la Douce,Berlin,Germany,restaurant,,€€€,,germany-2026,Irma la Douce,Berlin
michelin-2026-germany,michelin,2026,,One Star,,https://guide.michelin.com/us/en/berlin-region/berlin/restaurant/lorenz-adlon-esszimmer,Lorenz Adlon Esszimmer,Berlin,Germany,restaurant,,€€€€,,germany-2026,Lorenz Adlon Esszimmer,Berlin
michelin-2026-germany,michelin,2026,,One Star,,https://guide.michelin.com/us/en/berlin-region/berlin/restaurant/loumi,Loumi,Berlin,Germany,restaurant,,€€€€,,germany-2026,Loumi,Berlin
michelin-2026-germany,michelin,2026,,One Star,,https://guide.michelin.com/us/en/berlin-region/berlin/restaurant/matthias,Matthias,Berlin,Germany,restaurant,,€€€,,germany-2026,Matthias,Berlin
michelin-2026-germany,michelin,2026,,One Star,,https://guide.michelin.com/us/en/berlin-region/berlin/restaurant/nobelhart-schmutzig,Nobelhart & Schmutzig,Berlin,Germany,restaurant,,€€€€,,germany-2026,Nobelhart & Schmutzig,Berlin
michelin-2026-germany,michelin,2026,,One Star,,https://guide.michelin.com/us/en/berlin-region/berlin/restaurant/pars-restaurant,pars Restaurant,Berlin,Germany,restaurant,,€€€€,,germany-2026,pars Restaurant,Berlin
michelin-2026-germany,michelin,2026,,One Star,,https://guide.michelin.com/us/en/berlin-region/berlin/restaurant/tulus-lotrek,tulus lotrek,Berlin,Germany,restaurant,,€€€€,,germany-2026,tulus lotrek,Berlin
michelin-2026-germany,michelin,2026,,One Star,,https://guide.michelin.com/us/en/brandenburg/falkensee_1318711/restaurant/sawito,Sawito,Falkensee,Germany,restaurant,,€€€,,germany-2026,Sawito,Falkensee
michelin-2026-germany,michelin,2026,,One Star,,https://guide.michelin.com/us/en/brandenburg/werder/restaurant/alte-uberfahrt,Alte Überfahrt,Werder,Germany,restaurant,,€€€€,,germany-2026,Alte Überfahrt,Werder
michelin-2026-germany,michelin,2026,,One Star,,https://guide.michelin.com/us/en/hamburg-region/hamburg/restaurant/arc-restaurant,Arc Restaurant,Hamburg,Germany,restaurant,,€€€,,germany-2026,Arc Restaurant,Hamburg
michelin-2026-germany,michelin,2026,,One Star,,https://guide.michelin.com/us/en/hamburg-region/hamburg/restaurant/atlantic-restaurant,Atlantic Restaurant,Hamburg,Germany,restaurant,,€€€€,,germany-2026,Atlantic Restaurant,Hamburg
michelin-2026-germany,michelin,2026,,One Star,,https://guide.michelin.com/us/en/hamburg-region/hamburg/restaurant/glorie,GLORIE,Hamburg,Germany,restaurant,,€€€€,,germany-2026,GLORIE,Hamburg
michelin-2026-germany,michelin,2026,,One Star,,https://guide.michelin.com/us/en/hamburg-region/hamburg/restaurant/haebel,HAEBEL,Hamburg,Germany,restaurant,,€€€€,,germany-2026,HAEBEL,Hamburg
michelin-2026-germany,michelin,2026,,One Star,,https://guide.michelin.com/us/en/hamburg-region/hamburg/restaurant/heimatjuwel,Heimatjuwel,Hamburg,Germany,restaurant,,€€€,,germany-2026,Heimatjuwel,Hamburg
michelin-2026-germany,michelin,2026,,One Star,,https://guide.michelin.com/us/en/hamburg-region/hamburg/restaurant/jellyfish,Jellyfish,Hamburg,Germany,restaurant,,€€€€,,germany-2026,Jellyfish,Hamburg
michelin-2026-germany,michelin,2026,,One Star,,https://guide.michelin.com/us/en/hamburg-region/hamburg/restaurant/koer,Koer,Hamburg,Germany,restaurant,,€€€€,,germany-2026,Koer,Hamburg
michelin-2026-germany,michelin,2026,,One Star,,https://guide.michelin.com/us/en/hamburg-region/hamburg/restaurant/landhaus-scherrer,Landhaus Scherrer,Hamburg,Germany,restaurant,,€€€€,,germany-2026,Landhaus Scherrer,Hamburg
michelin-2026-germany,michelin,2026,,One Star,,https://guide.michelin.com/us/en/hamburg-region/hamburg/restaurant/petit-amour,Petit Amour,Hamburg,Germany,restaurant,,€€€€,,germany-2026,Petit Amour,Hamburg
michelin-2026-germany,michelin,2026,,One Star,,https://guide.michelin.com/us/en/hamburg-region/hamburg/restaurant/piment,Piment,Hamburg,Germany,restaurant,,€€€€,,germany-2026,Piment,Hamburg
michelin-2026-germany,michelin,2026,,One Star,,https://guide.michelin.com/us/en/hamburg-region/hamburg/restaurant/the-lisbeth,LISBETH,Hamburg,Germany,restaurant,,€€€,,germany-2026,LISBETH,Hamburg
michelin-2026-germany,michelin,2026,,One Star,,https://guide.michelin.com/us/en/hamburg-region/hamburg/restaurant/zeik,Zeik,Hamburg,Germany,restaurant,,€€€€,,germany-2026,Zeik,Hamburg
michelin-2026-germany,michelin,2026,,One Star,,https://guide.michelin.com/us/en/hessen/bad-hersfeld/restaurant/l-etable164933,L'étable,Bad Hersfeld,Germany,restaurant,,€€€€,,germany-2026,L'étable,Bad Hersfeld
michelin-2026-germany,michelin,2026,,One Star,,https://guide.michelin.com/us/en/hessen/darmstadt/restaurant/ox-1194853,OX,Darmstadt,Germany,restaurant,,€€€€,,germany-2026,OX,Darmstadt
michelin-2026-germany,michelin,2026,,One Star,,https://guide.michelin.com/us/en/hessen/eltville-am-rhein/restaurant/ente,Ente Wiesbaden - Pfortenhaus Kloster Eberbach,Eltville am Rhein,Germany,restaurant,,€€€€,,germany-2026,Ente Wiesbaden - Pfortenhaus Kloster Eberbach,Eltville am Rhein
michelin-2026-germany,michelin,2026,,One Star,,https://guide.michelin.com/us/en/hessen/eltville-am-rhein/restaurant/jean,Jean,Eltville am Rhein,Germany,restaurant,,€€€,,germany-2026,Jean,Eltville am Rhein
michelin-2026-germany,michelin,2026,,One Star,,https://guide.michelin.com/us/en/hessen/frankenberg/restaurant/philipp-soldan,Philipp Soldan,Frankenberg,Germany,restaurant,,€€€€,,germany-2026,Philipp Soldan,Frankenberg
michelin-2026-germany,michelin,2026,,One Star,,https://guide.michelin.com/us/en/hessen/frankfurt-am-main/restaurant/bidlabu,bidlabu,Frankfurt on the Main,Germany,restaurant,,€€€,,germany-2026,bidlabu,Frankfurt am Main
michelin-2026-germany,michelin,2026,,One Star,,https://guide.michelin.com/us/en/hessen/frankfurt-am-main/restaurant/erno-s-bistro,Erno's Bistro,Frankfurt on the Main,Germany,restaurant,,€€€€,,germany-2026,Erno's Bistro,Frankfurt am Main
michelin-2026-germany,michelin,2026,,One Star,,https://guide.michelin.com/us/en/hessen/frankfurt-am-main/restaurant/lohninger,Lohninger,Frankfurt on the Main,Germany,restaurant,,€€€€,,germany-2026,Lohninger,Frankfurt am Main
michelin-2026-germany,michelin,2026,,One Star,,https://guide.michelin.com/us/en/hessen/frankfurt-am-main/restaurant/main-tower-restaurant-lounge-1198316,MAIN TOWER Restaurant & Lounge,Frankfurt on the Main,Germany,restaurant,,€€€€,,germany-2026,MAIN TOWER Restaurant & Lounge,Frankfurt am Main
michelin-2026-germany,michelin,2026,,One Star,,https://guide.michelin.com/us/en/hessen/frankfurt-am-main/restaurant/masa-japanese-cuisine,Masa Japanese Cuisine,Frankfurt on the Main,Germany,restaurant,,€€€€,,germany-2026,Masa Japanese Cuisine,Frankfurt am Main
michelin-2026-germany,michelin,2026,,One Star,,https://guide.michelin.com/us/en/hessen/frankfurt-am-main/restaurant/restaurant-villa-merton,Restaurant Villa Merton,Frankfurt on the Main,Germany,restaurant,,€€€€,,germany-2026,Restaurant Villa Merton,Frankfurt am Main
michelin-2026-germany,michelin,2026,,One Star,,https://guide.michelin.com/us/en/hessen/frankfurt-am-main/restaurant/seven-swans,Seven Swans,Frankfurt on the Main,Germany,restaurant,,€€€€,,germany-2026,Seven Swans,Frankfurt am Main
michelin-2026-germany,michelin,2026,,One Star,,https://guide.michelin.com/us/en/hessen/frankfurt-am-main/restaurant/sommerfeld,Sommerfeld,Frankfurt on the Main,Germany,restaurant,,€€€€,,germany-2026,Sommerfeld,Frankfurt am Main
michelin-2026-germany,michelin,2026,,One Star,,https://guide.michelin.com/us/en/hessen/fulda/restaurant/christian-friends-tastekitchen,"Christian & Friends, Tastekitchen",Fulda,Germany,restaurant,,€€€€,,germany-2026,"Christian & Friends, Tastekitchen",Fulda
michelin-2026-germany,michelin,2026,,One Star,,https://guide.michelin.com/us/en/hessen/herleshausen/restaurant/la-vallee-verte,La Vallée Verte,Herleshausen,Germany,restaurant,,€€€€,,germany-2026,La Vallée Verte,Herleshausen
michelin-2026-germany,michelin,2026,,One Star,,https://guide.michelin.com/us/en/hessen/limburg-an-der-lahn/restaurant/360%C2%B0,360°,Limburg an der Lahn,Germany,restaurant,,€€€€,,germany-2026,360°,Limburg an der Lahn
michelin-2026-germany,michelin,2026,,One Star,,https://guide.michelin.com/us/en/mecklenburg-vorpommern/bad-doberan/restaurant/friedrich-franz,Friedrich Franz,Bad Doberan,Germany,restaurant,,€€€€,,germany-2026,Friedrich Franz,Bad Doberan
michelin-2026-germany,michelin,2026,,One Star,,https://guide.michelin.com/us/en/mecklenburg-vorpommern/dierhagen/restaurant/ostseelounge-1214302,Ostseelounge,Dierhagen,Germany,restaurant,,€€€€,,germany-2026,Ostseelounge,Dierhagen
michelin-2026-germany,michelin,2026,,One Star,,https://guide.michelin.com/us/en/mecklenburg-vorpommern/feldberger-seenlandschaft/restaurant/alte-schule-klassenzimmer,Alte Schule - Klassenzimmer,Feldberger Seenlandschaft,Germany,restaurant,,€€€€,,germany-2026,Alte Schule - Klassenzimmer,Feldberger Seenlandschaft
michelin-2026-germany,michelin,2026,,One Star,,https://guide.michelin.com/us/en/mecklenburg-vorpommern/heringsdorf/restaurant/kulmeck-by-tom-wickboldt,Kulmeck by Tom Wickboldt,Heringsdorf,Germany,restaurant,,€€€€,,germany-2026,Kulmeck by Tom Wickboldt,Heringsdorf
michelin-2026-germany,michelin,2026,,One Star,,https://guide.michelin.com/us/en/mecklenburg-vorpommern/krakow-am-see/restaurant/ich-weiss-ein-haus-am-see,Ich weiß ein Haus am See,Krakow am See,Germany,restaurant,,€€€€,,germany-2026,Ich weiß ein Haus am See,Krakow am See
michelin-2026-germany,michelin,2026,,One Star,,https://guide.michelin.com/us/en/mecklenburg-vorpommern/ostseebad-binz/restaurant/freustil,freustil,Ostseebad Binz,Germany,restaurant,,€€€,,germany-2026,freustil,Ostseebad Binz
michelin-2026-germany,michelin,2026,,One Star,,https://guide.michelin.com/us/en/mecklenburg-vorpommern/rostock/restaurant/gourmet-restaurant-der-butt,Gourmet-Restaurant Der Butt,Rostock,Germany,restaurant,,€€€€,,germany-2026,Gourmet-Restaurant Der Butt,Rostock
michelin-2026-germany,michelin,2026,,One Star,,https://guide.michelin.com/us/en/mecklenburg-vorpommern/schwerin/restaurant/gourmetrestaurant-1751,"Gourmetrestaurant ""1751""",Schwerin,Germany,restaurant,,€€€€,,germany-2026,"Gourmetrestaurant ""1751""",Schwerin
michelin-2026-germany,michelin,2026,,One Star,,https://guide.michelin.com/us/en/niedersachsen/bad-sachsa_1334125/restaurant/joseph-s-fine-dining,Joseph's Fine Dining,Bad Sachsa,Germany,restaurant,,€€€€,,germany-2026,Joseph's Fine Dining,Bad Sachsa
michelin-2026-germany,michelin,2026,,One Star,,https://guide.michelin.com/us/en/niedersachsen/cuxhaven/restaurant/sterneck,Sterneck,Cuxhaven,Germany,restaurant,,€€€€,,germany-2026,Sterneck,Cuxhaven
michelin-2026-germany,michelin,2026,,One Star,,https://guide.michelin.com/us/en/niedersachsen/hannover/restaurant/handwerk,Handwerk,Hanover,Germany,restaurant,,€€€€,,germany-2026,Handwerk,Hannover
michelin-2026-germany,michelin,2026,,One Star,,https://guide.michelin.com/us/en/niedersachsen/hannover/restaurant/marie-1204342,Marie,Hanover,Germany,restaurant,,€€€,,germany-2026,Marie,Hannover
michelin-2026-germany,michelin,2026,,One Star,,https://guide.michelin.com/us/en/niedersachsen/hohnhorst_1337121/restaurant/restaurant-mohn,Restaurant Mohn,Hohnhorst,Germany,restaurant,,€€€,,germany-2026,Restaurant Mohn,Hohnhorst
michelin-2026-germany,michelin,2026,,One Star,,https://guide.michelin.com/us/en/niedersachsen/norderney/restaurant/seesteg,Seesteg,Norderney,Germany,restaurant,,€€€,,germany-2026,Seesteg,Norderney
michelin-2026-germany,michelin,2026,,One Star,,https://guide.michelin.com/us/en/niedersachsen/osnabruck/restaurant/iko,IKO,Osnabrück,Germany,restaurant,,€€€€,,germany-2026,IKO,Osnabrück
michelin-2026-germany,michelin,2026,,One Star,,https://guide.michelin.com/us/en/niedersachsen/osnabruck/restaurant/kesselhaus1179716,Kesselhaus,Osnabrück,Germany,restaurant,,€€€€,,germany-2026,Kesselhaus,Osnabrück
michelin-2026-germany,michelin,2026,,One Star,,https://guide.michelin.com/us/en/niedersachsen/seesen_1340885/restaurant/harzfenster-by-johannes-steingruber,Harzfenster by Johannes Steingrüber,Seesen,Germany,restaurant,,€€€€,,germany-2026,Harzfenster by Johannes Steingrüber,Seesen
michelin-2026-germany,michelin,2026,,One Star,,https://guide.michelin.com/us/en/nordrhein-westfalen/aachen/restaurant/la-becasse,La Bécasse,Aachen,Germany,restaurant,,€€€€,,germany-2026,La Bécasse,Aachen
michelin-2026-germany,michelin,2026,,One Star,,https://guide.michelin.com/us/en/nordrhein-westfalen/aachen/restaurant/sankt-benedikt,Sankt Benedikt,Aachen,Germany,restaurant,,€€€€,,germany-2026,Sankt Benedikt,Aachen
michelin-2026-germany,michelin,2026,,One Star,,https://guide.michelin.com/us/en/nordrhein-westfalen/bergisch-gladbach/restaurant/schote-1215854,Schote,Bergisch Gladbach,Germany,restaurant,,€€€€,,germany-2026,Schote,Bergisch Gladbach
michelin-2026-germany,michelin,2026,,One Star,,https://guide.michelin.com/us/en/nordrhein-westfalen/bonn/restaurant/halbedel-s-gasthaus,halbedel's Gasthaus,Bonn,Germany,restaurant,,€€€€,,germany-2026,halbedel's Gasthaus,Bonn
michelin-2026-germany,michelin,2026,,One Star,,https://guide.michelin.com/us/en/nordrhein-westfalen/bonn/restaurant/theodor-s,Theodor's,Bonn,Germany,restaurant,,€€€€,,germany-2026,Theodor's,Bonn
michelin-2026-germany,michelin,2026,,One Star,,https://guide.michelin.com/us/en/nordrhein-westfalen/bonn/restaurant/yunico,Yunico,Bonn,Germany,restaurant,,€€€€,,germany-2026,Yunico,Bonn
michelin-2026-germany,michelin,2026,,One Star,,https://guide.michelin.com/us/en/nordrhein-westfalen/detmold/restaurant/porte-neuf,Porte Neuf,Detmold,Germany,restaurant,,€€€€,,germany-2026,Porte Neuf,Detmold
michelin-2026-germany,michelin,2026,,One Star,,https://guide.michelin.com/us/en/nordrhein-westfalen/dorsten/restaurant/goldener-anker,Goldener Anker,Dorsten,Germany,restaurant,,€€€€,,germany-2026,Goldener Anker,Dorsten
michelin-2026-germany,michelin,2026,,One Star,,https://guide.michelin.com/us/en/nordrhein-westfalen/dorsten/restaurant/rosin,Rosin,Dorsten,Germany,restaurant,,€€€€,,germany-2026,Rosin,Dorsten
michelin-2026-germany,michelin,2026,,One Star,,https://guide.michelin.com/us/en/nordrhein-westfalen/dortmund/restaurant/schwarzgold,SchwarzGold,Dortmund,Germany,restaurant,,€€€€,,germany-2026,SchwarzGold,Dortmund
michelin-2026-germany,michelin,2026,,One Star,,https://guide.michelin.com/us/en/nordrhein-westfalen/duisburg/restaurant/mod-by-sven-nothel,Mod by Sven Nöthel,Duisburg,Germany,restaurant,,€€€€,,germany-2026,Mod by Sven Nöthel,Duisburg
michelin-2026-germany,michelin,2026,,One Star,,https://guide.michelin.com/us/en/nordrhein-westfalen/dusseldorf/restaurant/agata-s,Agata's,Düsseldorf,Germany,restaurant,,€€€€,,germany-2026,Agata's,Düsseldorf
michelin-2026-germany,michelin,2026,,One Star,,https://guide.michelin.com/us/en/nordrhein-westfalen/dusseldorf/restaurant/im-schiffchen,Im Schiffchen,Düsseldorf,Germany,restaurant,,€€€€,,germany-2026,Im Schiffchen,Düsseldorf
michelin-2026-germany,michelin,2026,,One Star,,https://guide.michelin.com/us/en/nordrhein-westfalen/dusseldorf/restaurant/jae-1205584,Jae,Düsseldorf,Germany,restaurant,,€€€€,,germany-2026,Jae,Düsseldorf
michelin-2026-germany,michelin,2026,,One Star,,https://guide.michelin.com/us/en/nordrhein-westfalen/dusseldorf/restaurant/la-vie-by-thomas-buhner-1210743,LA VIE by thomas bühner,Düsseldorf,Germany,restaurant,,€€€€,,germany-2026,LA VIE by thomas bühner,Düsseldorf
michelin-2026-germany,michelin,2026,,One Star,,https://guide.michelin.com/us/en/nordrhein-westfalen/dusseldorf/restaurant/nagaya,Nagaya,Düsseldorf,Germany,restaurant,,€€€€,,germany-2026,Nagaya,Düsseldorf
michelin-2026-germany,michelin,2026,,One Star,,https://guide.michelin.com/us/en/nordrhein-westfalen/dusseldorf/restaurant/setzkasten,Setzkasten,Düsseldorf,Germany,restaurant,,€€€€,,germany-2026,Setzkasten,Düsseldorf
michelin-2026-germany,michelin,2026,,One Star,,https://guide.michelin.com/us/en/nordrhein-westfalen/dusseldorf/restaurant/tafelspitz-1876,1876 Daniel Dal-Ben,Düsseldorf,Germany,restaurant,,€€€€,,germany-2026,1876 Daniel Dal-Ben,Düsseldorf
michelin-2026-germany,michelin,2026,,One Star,,https://guide.michelin.com/us/en/nordrhein-westfalen/dusseldorf/restaurant/yoshi-by-nagaya,Yoshi by Nagaya,Düsseldorf,Germany,restaurant,,€€€€,,germany-2026,Yoshi by Nagaya,Düsseldorf
michelin-2026-germany,michelin,2026,,One Star,,https://guide.michelin.com/us/en/nordrhein-westfalen/dusseldorf/restaurant/zwanzig23-by-lukas-jakobi,Zwanzig23 by Lukas Jakobi,Düsseldorf,Germany,restaurant,,€€€€,,germany-2026,Zwanzig23 by Lukas Jakobi,Düsseldorf
michelin-2026-germany,michelin,2026,,One Star,,https://guide.michelin.com/us/en/nordrhein-westfalen/erkelenz/restaurant/troyka,Troyka,Erkelenz,Germany,restaurant,,€€€€,,germany-2026,Troyka,Erkelenz
michelin-2026-germany,michelin,2026,,One Star,,https://guide.michelin.com/us/en/nordrhein-westfalen/essen/restaurant/chefs-atelier,Chefs Atelier,Essen,Germany,restaurant,,€€€€,,germany-2026,Chefs Atelier,Essen
michelin-2026-germany,michelin,2026,,One Star,,https://guide.michelin.com/us/en/nordrhein-westfalen/essen/restaurant/hannappel,Hannappel,Essen,Germany,restaurant,,€€€€,,germany-2026,Hannappel,Essen
michelin-2026-germany,michelin,2026,,One Star,,https://guide.michelin.com/us/en/nordrhein-westfalen/essen/restaurant/kettner-s-kamota,Kettner's Kamota,Essen,Germany,restaurant,,€€€€,,germany-2026,Kettner's Kamota,Essen
michelin-2026-germany,michelin,2026,,One Star,,https://guide.michelin.com/us/en/nordrhein-westfalen/essen/restaurant/teko-by-lange-rodriguez,Teko by Lange Rodriguez,Essen,Germany,restaurant,,€€€€,,germany-2026,Teko by Lange Rodriguez,Essen
michelin-2026-germany,michelin,2026,,One Star,,https://guide.michelin.com/us/en/nordrhein-westfalen/gummersbach/restaurant/muhlenhelle,Mühlenhelle,Gummersbach,Germany,restaurant,,€€€€,,germany-2026,Mühlenhelle,Gummersbach
michelin-2026-germany,michelin,2026,,One Star,,https://guide.michelin.com/us/en/nordrhein-westfalen/haltern-am-see/restaurant/ratsstuben,Ratsstuben,Haltern am See,Germany,restaurant,,€€€€,,germany-2026,Ratsstuben,Haltern am See
michelin-2026-germany,michelin,2026,,One Star,,https://guide.michelin.com/us/en/nordrhein-westfalen/koln/restaurant/la-cuisine-rademacher,La Cuisine Rademacher,Cologne,Germany,restaurant,,€€€€,,germany-2026,La Cuisine Rademacher,Köln
michelin-2026-germany,michelin,2026,,One Star,,https://guide.michelin.com/us/en/nordrhein-westfalen/koln/restaurant/la-societe,La Société,Cologne,Germany,restaurant,,€€€€,,germany-2026,La Société,Köln
michelin-2026-germany,michelin,2026,,One Star,,https://guide.michelin.com/us/en/nordrhein-westfalen/koln/restaurant/le-moissonnier,Le Moissonnier Bistro,Cologne,Germany,restaurant,,€€€,,germany-2026,Le Moissonnier Bistro,Köln
michelin-2026-germany,michelin,2026,,One Star,,https://guide.michelin.com/us/en/nordrhein-westfalen/koln/restaurant/maximilian-lorenz,maximilian lorenz,Cologne,Germany,restaurant,,€€€€,,germany-2026,maximilian lorenz,Köln
michelin-2026-germany,michelin,2026,,One Star,,https://guide.michelin.com/us/en/nordrhein-westfalen/koln/restaurant/neobiota,NeoBiota,Cologne,Germany,restaurant,,€€€€,,germany-2026,NeoBiota,Köln
michelin-2026-germany,michelin,2026,,One Star,,https://guide.michelin.com/us/en/nordrhein-westfalen/koln/restaurant/pottkind,Pottkind,Cologne,Germany,restaurant,,€€€€,,germany-2026,Pottkind,Köln
michelin-2026-germany,michelin,2026,,One Star,,https://guide.michelin.com/us/en/nordrhein-westfalen/koln/restaurant/sahila-the-restaurant,Sahila - The Restaurant,Cologne,Germany,restaurant,,€€€€,,germany-2026,Sahila - The Restaurant,Köln
michelin-2026-germany,michelin,2026,,One Star,,https://guide.michelin.com/us/en/nordrhein-westfalen/koln/restaurant/taku,taku,Cologne,Germany,restaurant,,€€€€,,germany-2026,taku,Köln
michelin-2026-germany,michelin,2026,,One Star,,https://guide.michelin.com/us/en/nordrhein-westfalen/koln/restaurant/zur-tant,Zur Tant,Cologne,Germany,restaurant,,€€€,,germany-2026,Zur Tant,Köln
michelin-2026-germany,michelin,2026,,One Star,,https://guide.michelin.com/us/en/nordrhein-westfalen/meerbusch/restaurant/anthony-s-kitchen,Anthony's Kitchen,Meerbusch,Germany,restaurant,,€€€€,,germany-2026,Anthony's Kitchen,Meerbusch
michelin-2026-germany,michelin,2026,,One Star,,https://guide.michelin.com/us/en/nordrhein-westfalen/munster/restaurant/brust-oder-keule,BOK Restaurant Brust oder Keule,Münster,Germany,restaurant,,€€€€,,germany-2026,BOK Restaurant Brust oder Keule,Münster
michelin-2026-germany,michelin,2026,,One Star,,https://guide.michelin.com/us/en/nordrhein-westfalen/munster/restaurant/spitzner,Spitzner,Münster,Germany,restaurant,,€€€,,germany-2026,Spitzner,Münster
michelin-2026-germany,michelin,2026,,One Star,,https://guide.michelin.com/us/en/nordrhein-westfalen/odenthal/restaurant/zur-post83223,Zur Post,Odenthal,Germany,restaurant,,€€€€,,germany-2026,Zur Post,Odenthal
michelin-2026-germany,michelin,2026,,One Star,,https://guide.michelin.com/us/en/nordrhein-westfalen/paderborn/restaurant/balthasar,Balthasar,Paderborn,Germany,restaurant,,€€€€,,germany-2026,Balthasar,Paderborn
michelin-2026-germany,michelin,2026,,One Star,,https://guide.michelin.com/us/en/nordrhein-westfalen/pulheim/restaurant/gut-larchenhof,Gut Lärchenhof,Pulheim,Germany,restaurant,,€€€€,,germany-2026,Gut Lärchenhof,Pulheim
michelin-2026-germany,michelin,2026,,One Star,,https://guide.michelin.com/us/en/nordrhein-westfalen/rheda-wiedenbrck/restaurant/reuter,Reuter,Rheda-Wiedenbrück,Germany,restaurant,,€€€€,,germany-2026,Reuter,Rheda-Wiedenbrück
michelin-2026-germany,michelin,2026,,One Star,,https://guide.michelin.com/us/en/nordrhein-westfalen/schmallenberg/restaurant/hofstube,Hofstube Deimann,Schmallenberg,Germany,restaurant,,€€€€,,germany-2026,Hofstube Deimann,Schmallenberg
michelin-2026-germany,michelin,2026,,One Star,,https://guide.michelin.com/us/en/nordrhein-westfalen/sprockhvel/restaurant/tante-anna,Tante Anna,Sprockhövel,Germany,restaurant,,€€€€,,germany-2026,Tante Anna,Sprockhövel
michelin-2026-germany,michelin,2026,,One Star,,https://guide.michelin.com/us/en/nordrhein-westfalen/velbert/restaurant/haus-stemberg,Haus Stemberg ANNO 1864,Velbert,Germany,restaurant,,€€€,,germany-2026,Haus Stemberg ANNO 1864,Velbert
michelin-2026-germany,michelin,2026,,One Star,,https://guide.michelin.com/us/en/nordrhein-westfalen/wuppertal/restaurant/shiraz,Shiraz,Wuppertal,Germany,restaurant,,€€€€,,germany-2026,Shiraz,Wuppertal
michelin-2026-germany,michelin,2026,,One Star,,https://guide.michelin.com/us/en/rheinland-pfalz/andernach/restaurant/purs,PURS Nordic Japanese,Andernach,Germany,restaurant,,€€€€,,germany-2026,PURS Nordic Japanese,Andernach
michelin-2026-germany,michelin,2026,,One Star,,https://guide.michelin.com/us/en/rheinland-pfalz/bad-neuenahr-ahrweiler/restaurant/historisches-gasthaus-sanct-peter-restaurant-brogsitter,Restaurant Brogsitter - Historisches Gasthaus Sanct Peter,Bad Neuenahr-Ahrweiler,Germany,restaurant,,€€€€,,germany-2026,Restaurant Brogsitter - Historisches Gasthaus Sanct Peter,Bad Neuenahr-Ahrweiler
michelin-2026-germany,michelin,2026,,One Star,,https://guide.michelin.com/us/en/rheinland-pfalz/birkweiler/restaurant/schockes-kuche,Schockes Küche,Birkweiler,Germany,restaurant,,€€€€,,germany-2026,Schockes Küche,Birkweiler
michelin-2026-germany,michelin,2026,,One Star,,https://guide.michelin.com/us/en/rheinland-pfalz/darscheid/restaurant/kucher-s-gourmet,Kucher's Gourmet,Darscheid,Germany,restaurant,,€€€€,,germany-2026,Kucher's Gourmet,Darscheid
michelin-2026-germany,michelin,2026,,One Star,,https://guide.michelin.com/us/en/rheinland-pfalz/deidesheim/restaurant/schwarzer-hahn,Schwarzer Hahn,Deidesheim,Germany,restaurant,,€€€€,,germany-2026,Schwarzer Hahn,Deidesheim
michelin-2026-germany,michelin,2026,,One Star,,https://guide.michelin.com/us/en/rheinland-pfalz/kirchheim-an-der-weinstrasse/restaurant/schwarz-gourmet,Schwarz Gourmet,Kirchheim an der Weinstraße,Germany,restaurant,,€€€€,,germany-2026,Schwarz Gourmet,Kirchheim an der Weinstraße
michelin-2026-germany,michelin,2026,,One Star,,https://guide.michelin.com/us/en/rheinland-pfalz/knittelsheim/restaurant/irori-1214842,irori,Knittelsheim,Germany,restaurant,,€€€€,,germany-2026,irori,Knittelsheim
michelin-2026-germany,michelin,2026,,One Star,,https://guide.michelin.com/us/en/rheinland-pfalz/koblenz/restaurant/schiller-s-restaurant,Schiller's Manufaktur,Koblenz,Germany,restaurant,,€€€,,germany-2026,Schiller's Manufaktur,Koblenz
michelin-2026-germany,michelin,2026,,One Star,,https://guide.michelin.com/us/en/rheinland-pfalz/koblenz/restaurant/verbene,Verbene,Koblenz,Germany,restaurant,,€€€€,,germany-2026,Verbene,Koblenz
michelin-2026-germany,michelin,2026,,One Star,,https://guide.michelin.com/us/en/rheinland-pfalz/mainz/restaurant/favorite-restaurant,FAVORITE restaurant,Mainz,Germany,restaurant,,€€€€,,germany-2026,FAVORITE restaurant,Mainz
michelin-2026-germany,michelin,2026,,One Star,,https://guide.michelin.com/us/en/rheinland-pfalz/mainz/restaurant/stein-s-traube,Steins Traube,Mainz,Germany,restaurant,,€€€,,germany-2026,Steins Traube,Mainz
michelin-2026-germany,michelin,2026,,One Star,,https://guide.michelin.com/us/en/rheinland-pfalz/massweiler/restaurant/borst,Borst,Maßweiler,Germany,restaurant,,€€€,,germany-2026,Borst,Maßweiler
michelin-2026-germany,michelin,2026,,One Star,,https://guide.michelin.com/us/en/rheinland-pfalz/meisenheim/restaurant/meisenheimer-hof,Meisenheimer Hof,Meisenheim,Germany,restaurant,,€€€,,germany-2026,Meisenheimer Hof,Meisenheim
michelin-2026-germany,michelin,2026,,One Star,,https://guide.michelin.com/us/en/rheinland-pfalz/naurath-wald/restaurant/russel-s-landhaus,Rüssel's Landhaus,Naurath/Wald,Germany,restaurant,,€€€€,,germany-2026,Rüssel's Landhaus,Naurath/Wald
michelin-2026-germany,michelin,2026,,One Star,,https://guide.michelin.com/us/en/rheinland-pfalz/neuhtten/restaurant/le-temple,Le temple,Neuhütten,Germany,restaurant,,€€€€,,germany-2026,Le temple,Neuhütten
michelin-2026-germany,michelin,2026,,One Star,,https://guide.michelin.com/us/en/rheinland-pfalz/pirmasens/restaurant/die-brasserie,Die Brasserie,Pirmasens,Germany,restaurant,,€€€€,,germany-2026,Die Brasserie,Pirmasens
michelin-2026-germany,michelin,2026,,One Star,,https://guide.michelin.com/us/en/rheinland-pfalz/saarburg_1332732/restaurant/dopamin,Dopamin,Saarburg,Germany,restaurant,,€€€€,,germany-2026,Dopamin,Saarburg
michelin-2026-germany,michelin,2026,,One Star,,https://guide.michelin.com/us/en/rheinland-pfalz/selzen/restaurant/kaupers-restaurant-im-kapellenhof,Kaupers Restaurant im Kapellenhof,Selzen,Germany,restaurant,,€€€€,,germany-2026,Kaupers Restaurant im Kapellenhof,Selzen
michelin-2026-germany,michelin,2026,,One Star,,https://guide.michelin.com/us/en/rheinland-pfalz/trier/restaurant/bagatelle-78242,Bagatelle,Trier,Germany,restaurant,,€€€,,germany-2026,Bagatelle,Trier
michelin-2026-germany,michelin,2026,,One Star,,https://guide.michelin.com/us/en/rheinland-pfalz/trittenheim/restaurant/wein-und-tafelhaus,Wein- und Tafelhaus,Trittenheim,Germany,restaurant,,€€€€,,germany-2026,Wein- und Tafelhaus,Trittenheim
michelin-2026-germany,michelin,2026,,One Star,,https://guide.michelin.com/us/en/rheinland-pfalz/weisenheim-am-berg/restaurant/admiral,Admiral,Weisenheim am Berg,Germany,restaurant,,€€€€,,germany-2026,Admiral,Weisenheim am Berg
michelin-2026-germany,michelin,2026,,One Star,,https://guide.michelin.com/us/en/saarland/blieskastel/restaurant/hammerle-s-restaurant-barrique,Hämmerle's Restaurant,Blieskastel,Germany,restaurant,,€€€€,,germany-2026,Hämmerle's Restaurant,Blieskastel
michelin-2026-germany,michelin,2026,,One Star,,https://guide.michelin.com/us/en/saarland/sankt-ingbert/restaurant/midi,midi,Sankt Ingbert,Germany,restaurant,,€€€,,germany-2026,midi,Sankt Ingbert
michelin-2026-germany,michelin,2026,,One Star,,https://guide.michelin.com/us/en/saarland/sankt-wendel/restaurant/kunz,Restaurant Kunz,Sankt Wendel,Germany,restaurant,,€€€,,germany-2026,Restaurant Kunz,Sankt Wendel
michelin-2026-germany,michelin,2026,,One Star,,https://guide.michelin.com/us/en/sachsen-anhalt/halle-saale/restaurant/speiseberg,Speiseberg,Halle (saale),Germany,restaurant,,€€€€,,germany-2026,Speiseberg,Halle (saale)
michelin-2026-germany,michelin,2026,,One Star,,https://guide.michelin.com/us/en/sachsen-anhalt/wernigerode/restaurant/zeitwerk,Zeitwerk,Wernigerode,Germany,restaurant,,€€€€,,germany-2026,Zeitwerk,Wernigerode
michelin-2026-germany,michelin,2026,,One Star,,https://guide.michelin.com/us/en/sachsen/aue/restaurant/st-andreas,St. Andreas,Aue - Bad Schlema,Germany,restaurant,,€€€€,,germany-2026,St. Andreas,Aue
michelin-2026-germany,michelin,2026,,One Star,,https://guide.michelin.com/us/en/sachsen/dresden/restaurant/elements351459,elements,Dresden,Germany,restaurant,,€€€€,,germany-2026,elements,Dresden
michelin-2026-germany,michelin,2026,,One Star,,https://guide.michelin.com/us/en/sachsen/dresden/restaurant/genuss-atelier,Genuss-Atelier,Dresden,Germany,restaurant,,€€€,,germany-2026,Genuss-Atelier,Dresden
michelin-2026-germany,michelin,2026,,One Star,,https://guide.michelin.com/us/en/sachsen/dresden/restaurant/heiderand,Heiderand,Dresden,Germany,restaurant,,€€€,,germany-2026,Heiderand,Dresden
michelin-2026-germany,michelin,2026,,One Star,,https://guide.michelin.com/us/en/sachsen/leipzig/restaurant/frieda,Frieda,Leipzig,Germany,restaurant,,€€€€,,germany-2026,Frieda,Leipzig
michelin-2026-germany,michelin,2026,,One Star,,https://guide.michelin.com/us/en/sachsen/leipzig/restaurant/kuultivo,Kuultivo,Leipzig,Germany,restaurant,,€€€€,,germany-2026,Kuultivo,Leipzig
michelin-2026-germany,michelin,2026,,One Star,,https://guide.michelin.com/us/en/sachsen/leipzig/restaurant/stadtpfeiffer,Stadtpfeiffer,Leipzig,Germany,restaurant,,€€€€,,germany-2026,Stadtpfeiffer,Leipzig
michelin-2026-germany,michelin,2026,,One Star,,https://guide.michelin.com/us/en/sachsen/radebeul/restaurant/atelier-sanssouci,Atelier Sanssouci,Radebeul,Germany,restaurant,,€€€€,,germany-2026,Atelier Sanssouci,Radebeul
michelin-2026-germany,michelin,2026,,One Star,,https://guide.michelin.com/us/en/schleswig-holstein/flensburg/restaurant/das-grace,Das Grace,Flensburg,Germany,restaurant,,€€€€,,germany-2026,Das Grace,Flensburg
michelin-2026-germany,michelin,2026,,One Star,,https://guide.michelin.com/us/en/schleswig-holstein/hrnum/restaurant/kai3,KAI3,Hörnum,Germany,restaurant,,€€€€,,germany-2026,KAI3,Hörnum
michelin-2026-germany,michelin,2026,,One Star,,https://guide.michelin.com/us/en/schleswig-holstein/keitum/restaurant/tipken%C2%B4s,Tipken's by Nils Henkel,Keitum,Germany,restaurant,,€€€€,,germany-2026,Tipken's by Nils Henkel,Keitum
michelin-2026-germany,michelin,2026,,One Star,,https://guide.michelin.com/us/en/schleswig-holstein/kiel/restaurant/ahlmanns,Ahlmanns,Kiel,Germany,restaurant,,€€€€,,germany-2026,Ahlmanns,Kiel
michelin-2026-germany,michelin,2026,,One Star,,https://guide.michelin.com/us/en/schleswig-holstein/lubeck/restaurant/wullenwever,Wullenwever,Lübeck,Germany,restaurant,,€€€€,,germany-2026,Wullenwever,Lübeck
michelin-2026-germany,michelin,2026,,One Star,,https://guide.michelin.com/us/en/schleswig-holstein/scharbeutz/restaurant/diva,DiVa,Scharbeutz,Germany,restaurant,,€€€€,,germany-2026,DiVa,Scharbeutz
michelin-2026-germany,michelin,2026,,One Star,,https://guide.michelin.com/us/en/schleswig-holstein/timmendorfer-strand/restaurant/orangerie78167,Orangerie,Timmendorfer Strand,Germany,restaurant,,€€€€,,germany-2026,Orangerie,Timmendorfer Strand
michelin-2026-germany,michelin,2026,,One Star,,https://guide.michelin.com/us/en/schleswig-holstein/tinnum/restaurant/bodendorf-s,BODENDORF'S,Tinnum,Germany,restaurant,,€€€€,,germany-2026,BODENDORF'S,Tinnum
michelin-2026-germany,michelin,2026,,One Star,,https://guide.michelin.com/us/en/schleswig-holstein/wyk/restaurant/alt-wyk,Alt Wyk,Wyk,Germany,restaurant,,€€€€,,germany-2026,Alt Wyk,Wyk
michelin-2026-germany,michelin,2026,,One Star,,https://guide.michelin.com/us/en/thuringen/blankenhain/restaurant/masters,Masters,Blankenhain,Germany,restaurant,,€€€€,,germany-2026,Masters,Blankenhain
michelin-2026-germany,michelin,2026,,One Star,,https://guide.michelin.com/us/en/thuringen/blankenhain/restaurant/the-first,The First,Blankenhain,Germany,restaurant,,€€€€,,germany-2026,The First,Blankenhain
michelin-2026-germany,michelin,2026,,One Star,,https://guide.michelin.com/us/en/thuringen/dermbach/restaurant/bjornsox,BjörnsOx,Dermbach,Germany,restaurant,,€€€€,,germany-2026,BjörnsOx,Dermbach
michelin-2026-germany,michelin,2026,,One Star,,https://guide.michelin.com/us/en/thuringen/erfurt/restaurant/clara-restaurant-im-kaisersaal,Clara - Restaurant im Kaisersaal,Erfurt,Germany,restaurant,,€€€€,,germany-2026,Clara - Restaurant im Kaisersaal,Erfurt
michelin-2026-germany,michelin,2026,,Bib Gourmand,,https://guide.michelin.com/us/en/baden-wurttemberg/bad-herrenalb/restaurant/lamm81508,LAMM,Bad Herrenalb,Germany,restaurant,,€€,,germany-2026,LAMM,Bad Herrenalb
michelin-2026-germany,michelin,2026,,Bib Gourmand,,https://guide.michelin.com/us/en/baden-wurttemberg/bad-peterstal/restaurant/kamin-und-bauernstube,Kamin- und Bauernstube,Bad Peterstal,Germany,restaurant,,€€,,germany-2026,Kamin- und Bauernstube,Bad Peterstal
michelin-2026-germany,michelin,2026,,Bib Gourmand,,https://guide.michelin.com/us/en/baden-wurttemberg/bad-rippoldsau/restaurant/klosterle-hof,Klösterle Hof,Bad Rippoldsau,Germany,restaurant,,€€,,germany-2026,Klösterle Hof,Bad Rippoldsau
michelin-2026-germany,michelin,2026,,Bib Gourmand,,https://guide.michelin.com/us/en/baden-wurttemberg/baden-baden/restaurant/weinstube-zum-engel,Weinstube zum Engel,Baden-Baden,Germany,restaurant,,€€,,germany-2026,Weinstube zum Engel,Baden-Baden
michelin-2026-germany,michelin,2026,,Bib Gourmand,,https://guide.michelin.com/us/en/baden-wurttemberg/baiersbronn/restaurant/dorfstuben,Dorfstuben,Baiersbronn,Germany,restaurant,,€€,,germany-2026,Dorfstuben,Baiersbronn
michelin-2026-germany,michelin,2026,,Bib Gourmand,,https://guide.michelin.com/us/en/baden-wurttemberg/baiersbronn/restaurant/schatzhauser,Schatzhauser,Baiersbronn,Germany,restaurant,,€€,,germany-2026,Schatzhauser,Baiersbronn
michelin-2026-germany,michelin,2026,,Bib Gourmand,,https://guide.michelin.com/us/en/baden-wurttemberg/berghaupten/restaurant/hirsch80990,Hirsch,Berghaupten,Germany,restaurant,,€,,germany-2026,Hirsch,Berghaupten
michelin-2026-germany,michelin,2026,,Bib Gourmand,,https://guide.michelin.com/us/en/baden-wurttemberg/bonndorf-im-schwarzwald/restaurant/sommerau,Sommerau,Bonndorf im Schwarzwald,Germany,restaurant,,€€,,germany-2026,Sommerau,Bonndorf im Schwarzwald
michelin-2026-germany,michelin,2026,,Bib Gourmand,,https://guide.michelin.com/us/en/baden-wurttemberg/de-schwbisch-hall/restaurant/landhaus-zum-rossle,Landhaus Zum Rössle,Schwäbisch Hall,Germany,restaurant,,€€,,germany-2026,Landhaus Zum Rössle,Schwäbisch Hall
michelin-2026-germany,michelin,2026,,Bib Gourmand,,https://guide.michelin.com/us/en/baden-wurttemberg/ellwangen-(jagst)_1313960/restaurant/hirsch-1207191,Hirsch,Ellwangen,Germany,restaurant,,€€,,germany-2026,Hirsch,Ellwangen
michelin-2026-germany,michelin,2026,,Bib Gourmand,,https://guide.michelin.com/us/en/baden-wurttemberg/elzach/restaurant/rossle,Rössle,Elzach,Germany,restaurant,,€€,,germany-2026,Rössle,Elzach
michelin-2026-germany,michelin,2026,,Bib Gourmand,,https://guide.michelin.com/us/en/baden-wurttemberg/elzach/restaurant/schack-s-adler,Schäck's Adler,Elzach,Germany,restaurant,,€€,,germany-2026,Schäck's Adler,Elzach
michelin-2026-germany,michelin,2026,,Bib Gourmand,,https://guide.michelin.com/us/en/baden-wurttemberg/endingen-am-kaiserstuhl/restaurant/die-pfarrwirtschaft,Die Pfarrwirtschaft,Endingen am Kaiserstuhl,Germany,restaurant,,€€,,germany-2026,Die Pfarrwirtschaft,Endingen am Kaiserstuhl
michelin-2026-germany,michelin,2026,,Bib Gourmand,,https://guide.michelin.com/us/en/baden-wurttemberg/endingen-am-kaiserstuhl/restaurant/dutters-stube,Dutters Stube,Endingen am Kaiserstuhl,Germany,restaurant,,€€,,germany-2026,Dutters Stube,Endingen am Kaiserstuhl
michelin-2026-germany,michelin,2026,,Bib Gourmand,,https://guide.michelin.com/us/en/baden-wurttemberg/freiamt/restaurant/zur-krone72877,Zur Krone,Freiamt,Germany,restaurant,,€€,,germany-2026,Zur Krone,Freiamt
michelin-2026-germany,michelin,2026,,Bib Gourmand,,https://guide.michelin.com/us/en/baden-wurttemberg/frickingen/restaurant/lowen72973,Löwen,Frickingen,Germany,restaurant,,€€,,germany-2026,Löwen,Frickingen
michelin-2026-germany,michelin,2026,,Bib Gourmand,,https://guide.michelin.com/us/en/baden-wurttemberg/friedrichshafen_1309211/restaurant/pinus-im-seegut,Pinus im Seegut,Friedrichshafen,Germany,restaurant,,€€,,germany-2026,Pinus im Seegut,Friedrichshafen
michelin-2026-germany,michelin,2026,,Bib Gourmand,,https://guide.michelin.com/us/en/baden-wurttemberg/grenzach-wyhlen/restaurant/ruhrberger-hof,Rührberger Hof,Grenzach-Wyhlen,Germany,restaurant,,€€,,germany-2026,Rührberger Hof,Grenzach-Wyhlen
michelin-2026-germany,michelin,2026,,Bib Gourmand,,https://guide.michelin.com/us/en/baden-wurttemberg/hayingen/restaurant/rose,ROSE,Hayingen,Germany,restaurant,,€,,germany-2026,ROSE,Hayingen
michelin-2026-germany,michelin,2026,,Bib Gourmand,,https://guide.michelin.com/us/en/baden-wurttemberg/immenstaad-am-bodensee/restaurant/seehof,Seehof,Immenstaad am Bodensee,Germany,restaurant,,€€,,germany-2026,Seehof,Immenstaad am Bodensee
michelin-2026-germany,michelin,2026,,Bib Gourmand,,https://guide.michelin.com/us/en/baden-wurttemberg/isny-im-allgu/restaurant/allgauer-stuben,Allgäuer Stuben,Isny im Allgäu,Germany,restaurant,,€€,,germany-2026,Allgäuer Stuben,Isny im Allgäu
michelin-2026-germany,michelin,2026,,Bib Gourmand,,https://guide.michelin.com/us/en/baden-wurttemberg/kappelrodeck/restaurant/zum-rebstock,Zum Rebstock,Kappelrodeck,Germany,restaurant,,€€,,germany-2026,Zum Rebstock,Kappelrodeck
michelin-2026-germany,michelin,2026,,Bib Gourmand,,https://guide.michelin.com/us/en/baden-wurttemberg/karlsruhe/restaurant/bistro-margarete,Bistro Margarete,Karlsruhe,Germany,restaurant,,€€,,germany-2026,Bistro Margarete,Karlsruhe
michelin-2026-germany,michelin,2026,,Bib Gourmand,,https://guide.michelin.com/us/en/baden-wurttemberg/kenzingen/restaurant/scheidels-restaurant-zum-kranz,Scheidels Restaurant zum Kranz,Kenzingen,Germany,restaurant,,€€,,germany-2026,Scheidels Restaurant zum Kranz,Kenzingen
michelin-2026-germany,michelin,2026,,Bib Gourmand,,https://guide.michelin.com/us/en/baden-wurttemberg/kleines-wiesental/restaurant/sennhutte,Sennhütte,Kleines Wiesental,Germany,restaurant,,€€,,germany-2026,Sennhütte,Kleines Wiesental
michelin-2026-germany,michelin,2026,,Bib Gourmand,,https://guide.michelin.com/us/en/baden-wurttemberg/langenau/restaurant/stube-zwei-null,Stube ZWEI.NULL,Langenau,Germany,restaurant,,€€,,germany-2026,Stube ZWEI.NULL,Langenau
michelin-2026-germany,michelin,2026,,Bib Gourmand,,https://guide.michelin.com/us/en/baden-wurttemberg/mittelbiberach_1310820/restaurant/esszimmer-1204759,Esszimmer,Mittelbiberach,Germany,restaurant,,€€,,germany-2026,Esszimmer,Mittelbiberach
michelin-2026-germany,michelin,2026,,Bib Gourmand,,https://guide.michelin.com/us/en/baden-wurttemberg/oberboihingen/restaurant/zur-linde76225,Zur Linde,Oberboihingen,Germany,restaurant,,€,,germany-2026,Zur Linde,Oberboihingen
michelin-2026-germany,michelin,2026,,Bib Gourmand,,https://guide.michelin.com/us/en/baden-wurttemberg/ostrach/restaurant/landhotel-zum-hirsch,Landhotel zum Hirsch,Ostrach,Germany,restaurant,,€€,,germany-2026,Landhotel zum Hirsch,Ostrach
michelin-2026-germany,michelin,2026,,Bib Gourmand,,https://guide.michelin.com/us/en/baden-wurttemberg/sankt-mrgen/restaurant/zum-kreuz,Zum Kreuz,Sankt Märgen,Germany,restaurant,,€€,,germany-2026,Zum Kreuz,Sankt Märgen
michelin-2026-germany,michelin,2026,,Bib Gourmand,,https://guide.michelin.com/us/en/baden-wurttemberg/schluchsee/restaurant/brasserie-barbara,Brasserie Barbara,Schluchsee,Germany,restaurant,,€€,,germany-2026,Brasserie Barbara,Schluchsee
michelin-2026-germany,michelin,2026,,Bib Gourmand,,https://guide.michelin.com/us/en/baden-wurttemberg/staufen-im-breisgau/restaurant/die-krone,Die Krone,Staufen im Breisgau,Germany,restaurant,,€€,,germany-2026,Die Krone,Staufen im Breisgau
michelin-2026-germany,michelin,2026,,Bib Gourmand,,https://guide.michelin.com/us/en/baden-wurttemberg/sthlingen/restaurant/gasthaus-schwanen77903,Gasthaus Schwanen,Stühlingen,Germany,restaurant,,€€,,germany-2026,Gasthaus Schwanen,Stühlingen
michelin-2026-germany,michelin,2026,,Bib Gourmand,,https://guide.michelin.com/us/en/baden-wurttemberg/sulzbach_1316547/restaurant/krone-1209640,Die Krone,Sulzbach-Laufen,Germany,restaurant,,€€,,germany-2026,Die Krone,Sulzbach-Laufen
michelin-2026-germany,michelin,2026,,Bib Gourmand,,https://guide.michelin.com/us/en/baden-wurttemberg/sulzburg/restaurant/landgasthof-rebstock,Landgasthof Rebstock,Sulzburg,Germany,restaurant,,€€,,germany-2026,Landgasthof Rebstock,Sulzburg
michelin-2026-germany,michelin,2026,,Bib Gourmand,,https://guide.michelin.com/us/en/baden-wurttemberg/tengen/restaurant/gasthof-zur-sonne78132,Gasthof zur Sonne,Tengen,Germany,restaurant,,€€,,germany-2026,Gasthof zur Sonne,Tengen
michelin-2026-germany,michelin,2026,,Bib Gourmand,,https://guide.michelin.com/us/en/baden-wurttemberg/tiefenbronn/restaurant/bauernstuben,Bauernstuben,Tiefenbronn,Germany,restaurant,,€€,,germany-2026,Bauernstuben,Tiefenbronn
michelin-2026-germany,michelin,2026,,Bib Gourmand,,https://guide.michelin.com/us/en/baden-wurttemberg/todtnau/restaurant/derwaldfrieden,derWaldfrieden,Todtnau,Germany,restaurant,,€€,,germany-2026,derWaldfrieden,Todtnau
michelin-2026-germany,michelin,2026,,Bib Gourmand,,https://guide.michelin.com/us/en/baden-wurttemberg/weinheim/restaurant/ziegler,Ziegler,Weinheim,Germany,restaurant,,€€,,germany-2026,Ziegler,Weinheim
michelin-2026-germany,michelin,2026,,Bib Gourmand,,https://guide.michelin.com/us/en/baden-wurttemberg/wildberg/restaurant/talblick,Talblick,Wildberg,Germany,restaurant,,€€,,germany-2026,Talblick,Wildberg
michelin-2026-germany,michelin,2026,,Bib Gourmand,,https://guide.michelin.com/us/en/baden-wurttemberg/winterbach/restaurant/landgasthaus-hirsch,Landgasthaus Hirsch,Winterbach,Germany,restaurant,,€€,,germany-2026,Landgasthaus Hirsch,Winterbach
michelin-2026-germany,michelin,2026,,Bib Gourmand,,https://guide.michelin.com/us/en/baden-wurttemberg/zell-im-wiesental/restaurant/berggasthof-schlussel,Berggasthof Schlüssel,Zell im Wiesental,Germany,restaurant,,€€,,germany-2026,Berggasthof Schlüssel,Zell im Wiesental
michelin-2026-germany,michelin,2026,,Bib Gourmand,,https://guide.michelin.com/us/en/bayern/adelshofen/restaurant/zum-falken,Landhaus Zum Falken,Adelshofen,Germany,restaurant,,€€,,germany-2026,Landhaus Zum Falken,Adelshofen
michelin-2026-germany,michelin,2026,,Bib Gourmand,,https://guide.michelin.com/us/en/bayern/aldersbach/restaurant/das-asam,das asam,Aldersbach,Germany,restaurant,,€€,,germany-2026,das asam,Aldersbach
michelin-2026-germany,michelin,2026,,Bib Gourmand,,https://guide.michelin.com/us/en/bayern/bad-tlz/restaurant/jagerwirt,Jägerwirt,Bad Tölz,Germany,restaurant,,€€,,germany-2026,Jägerwirt,Bad Tölz
michelin-2026-germany,michelin,2026,,Bib Gourmand,,https://guide.michelin.com/us/en/bayern/bergkirchen/restaurant/gasthaus-weissenbeck,Gasthaus Weißenbeck,Bergkirchen,Germany,restaurant,,€€,,germany-2026,Gasthaus Weißenbeck,Bergkirchen
michelin-2026-germany,michelin,2026,,Bib Gourmand,,https://guide.michelin.com/us/en/bayern/bernried_1281441/restaurant/schwingshackl-heimatkuche-1213862,Schwingshackl HEIMATKÜCHE,Bernried,Germany,restaurant,,€€,,germany-2026,Schwingshackl HEIMATKÜCHE,Bernried
michelin-2026-germany,michelin,2026,,Bib Gourmand,,https://guide.michelin.com/us/en/bayern/bischofswiesen/restaurant/kulturhof-stanggass-gasthaus,Kulturhof Stanggass - Gasthaus,Bischofswiesen,Germany,restaurant,,€€,,germany-2026,Kulturhof Stanggass - Gasthaus,Bischofswiesen
michelin-2026-germany,michelin,2026,,Bib Gourmand,,https://guide.michelin.com/us/en/bayern/brugstadt/restaurant/weinhaus-stern,Weinhaus Stern,Bürgstadt,Germany,restaurant,,€€,,germany-2026,Weinhaus Stern,Burgstädt
michelin-2026-germany,michelin,2026,,Bib Gourmand,,https://guide.michelin.com/us/en/bayern/cham/restaurant/gasthaus-odenturm,Gasthaus Ödenturm,Cham,Germany,restaurant,,€,,germany-2026,Gasthaus Ödenturm,Cham
michelin-2026-germany,michelin,2026,,Bib Gourmand,,https://guide.michelin.com/us/en/bayern/dietramszell/restaurant/moarwirt,Moarwirt,Dietramszell,Germany,restaurant,,€€,,germany-2026,Moarwirt,Dietramszell
michelin-2026-germany,michelin,2026,,Bib Gourmand,,https://guide.michelin.com/us/en/bayern/dinkelsbhl/restaurant/ehemalige-sparkasse,Ehemalige Sparkasse,Dinkelsbühl,Germany,restaurant,,€€,,germany-2026,Ehemalige Sparkasse,Dinkelsbühl
michelin-2026-germany,michelin,2026,,Bib Gourmand,,https://guide.michelin.com/us/en/bayern/erlangen/restaurant/holzgarten,Holzgarten,Erlangen,Germany,restaurant,,€€,,germany-2026,Holzgarten,Erlangen
michelin-2026-germany,michelin,2026,,Bib Gourmand,,https://guide.michelin.com/us/en/bayern/finning/restaurant/zum-staudenwirt,Staudenwirt,Finning,Germany,restaurant,,€€,,germany-2026,Staudenwirt,Finning
michelin-2026-germany,michelin,2026,,Bib Gourmand,,https://guide.michelin.com/us/en/bayern/forstinning/restaurant/zum-vaas,Zum Vaas,Forstinning,Germany,restaurant,,€€,,germany-2026,Zum Vaas,Forstinning
michelin-2026-germany,michelin,2026,,Bib Gourmand,,https://guide.michelin.com/us/en/bayern/frammersbach/restaurant/schwarzkopf,Schwarzkopf,Frammersbach,Germany,restaurant,,€€,,germany-2026,Schwarzkopf,Frammersbach
michelin-2026-germany,michelin,2026,,Bib Gourmand,,https://guide.michelin.com/us/en/bayern/friedberg/restaurant/gasthaus-goldener-stern,Gasthaus Goldener Stern,Friedberg,Germany,restaurant,,€€,,germany-2026,Gasthaus Goldener Stern,Friedberg
michelin-2026-germany,michelin,2026,,Bib Gourmand,,https://guide.michelin.com/us/en/bayern/frstenfeldbruck/restaurant/furstenfelder,Fürstenfelder,Fürstenfeldbruck,Germany,restaurant,,€€,,germany-2026,Fürstenfelder,Fürstenfeldbruck
michelin-2026-germany,michelin,2026,,Bib Gourmand,,https://guide.michelin.com/us/en/bayern/gmund-am-tegernsee/restaurant/ostiner-stub-n,Hirsch & Jägerstüberl - Ostiner Stub'n,Gmund am Tegernsee,Germany,restaurant,,€€,,germany-2026,Hirsch & Jägerstüberl - Ostiner Stub'n,Gmund am Tegernsee
michelin-2026-germany,michelin,2026,,Bib Gourmand,,https://guide.michelin.com/us/en/bayern/grossheubach/restaurant/zur-krone,Zur Krone,Großheubach,Germany,restaurant,,€€,,germany-2026,Zur Krone,Großheubach
michelin-2026-germany,michelin,2026,,Bib Gourmand,,https://guide.michelin.com/us/en/bayern/hauzenberg/restaurant/anetseder,Anetseder,Hauzenberg,Germany,restaurant,,€€,,germany-2026,Anetseder,Hauzenberg
michelin-2026-germany,michelin,2026,,Bib Gourmand,,https://guide.michelin.com/us/en/bayern/hauzenberg/restaurant/landgasthaus-gidibauer-hof,Landgasthaus Gidibauer-Hof,Hauzenberg,Germany,restaurant,,€,,germany-2026,Landgasthaus Gidibauer-Hof,Hauzenberg
michelin-2026-germany,michelin,2026,,Bib Gourmand,,https://guide.michelin.com/us/en/bayern/illertissen/restaurant/vier-jahreszeiten-restaurant-imhof,Vier Jahreszeiten Restaurant Imhof,Illertissen,Germany,restaurant,,€€,,germany-2026,Vier Jahreszeiten Restaurant Imhof,Illertissen
michelin-2026-germany,michelin,2026,,Bib Gourmand,,https://guide.michelin.com/us/en/bayern/kirchlauter/restaurant/gutshof-andres,Gutshof Andres,Kirchlauter,Germany,restaurant,,€€,,germany-2026,Gutshof Andres,Kirchlauter
michelin-2026-germany,michelin,2026,,Bib Gourmand,,https://guide.michelin.com/us/en/bayern/kreuzwertheim_1295241/restaurant/landgasthof-zum-kaffelstein,Landgasthof zum Kaffelstein,Kreuzwertheim,Germany,restaurant,,€€,,germany-2026,Landgasthof zum Kaffelstein,Kreuzwertheim
michelin-2026-germany,michelin,2026,,Bib Gourmand,,https://guide.michelin.com/us/en/bayern/marktbergel/restaurant/rotes-ross164952,Rotes Ross,Marktbergel,Germany,restaurant,,€€,,germany-2026,Rotes Ross,Marktbergel
michelin-2026-germany,michelin,2026,,Bib Gourmand,,https://guide.michelin.com/us/en/bayern/marktbreit/restaurant/alter-esel,Alter Esel,Marktbreit,Germany,restaurant,,€€,,germany-2026,Alter Esel,Marktbreit
michelin-2026-germany,michelin,2026,,Bib Gourmand,,https://guide.michelin.com/us/en/bayern/marktbreit/restaurant/michels-stern,Michels Stern,Marktbreit,Germany,restaurant,,€€,,germany-2026,Michels Stern,Marktbreit
michelin-2026-germany,michelin,2026,,Bib Gourmand,,https://guide.michelin.com/us/en/bayern/mnchen/restaurant/gasthaus-waltz,Gasthaus Waltz,Munich,Germany,restaurant,,€€,,germany-2026,Gasthaus Waltz,München
michelin-2026-germany,michelin,2026,,Bib Gourmand,,https://guide.michelin.com/us/en/bayern/mnchen/restaurant/mokum,mokum,Munich,Germany,restaurant,,€€,,germany-2026,mokum,München
michelin-2026-germany,michelin,2026,,Bib Gourmand,,https://guide.michelin.com/us/en/bayern/neubeuern/restaurant/auers-schlosswirtschaft,Auers Schlosswirtschaft,Neubeuern,Germany,restaurant,,€€,,germany-2026,Auers Schlosswirtschaft,Neubeuern
michelin-2026-germany,michelin,2026,,Bib Gourmand,,https://guide.michelin.com/us/en/bayern/oberstdorf/restaurant/das-fetzwerk,Das Fetzwerk,Oberstdorf,Germany,restaurant,,€€,,germany-2026,Das Fetzwerk,Oberstdorf
michelin-2026-germany,michelin,2026,,Bib Gourmand,,https://guide.michelin.com/us/en/bayern/oberstdorf/restaurant/das-jagdhaus,Das Jagdhaus,Oberstdorf,Germany,restaurant,,€€,,germany-2026,Das Jagdhaus,Oberstdorf
michelin-2026-germany,michelin,2026,,Bib Gourmand,,https://guide.michelin.com/us/en/bayern/piding/restaurant/lohmayr-stub-n,Lohmayr Stub'n,Piding,Germany,restaurant,,€€,,germany-2026,Lohmayr Stub'n,Piding
michelin-2026-germany,michelin,2026,,Bib Gourmand,,https://guide.michelin.com/us/en/bayern/pilsach/restaurant/landgasthof-meier,MEIER,Pilsach,Germany,restaurant,,€€,,germany-2026,MEIER,Pilsach
michelin-2026-germany,michelin,2026,,Bib Gourmand,,https://guide.michelin.com/us/en/bayern/presseck/restaurant/gasthof-berghof-ursprung,Gasthof Berghof - Ursprung,Presseck,Germany,restaurant,,€€,,germany-2026,Gasthof Berghof - Ursprung,Presseck
michelin-2026-germany,michelin,2026,,Bib Gourmand,,https://guide.michelin.com/us/en/bayern/prien-am-chiemsee/restaurant/zum-fischer-am-see,Zum Fischer am See,Prien am Chiemsee,Germany,restaurant,,€€,,germany-2026,Zum Fischer am See,Prien am Chiemsee
michelin-2026-germany,michelin,2026,,Bib Gourmand,,https://guide.michelin.com/us/en/bayern/rdental/restaurant/froschgrundsee,Froschgrundsee,Rödental,Germany,restaurant,,€€,,germany-2026,Froschgrundsee,Rödental
michelin-2026-germany,michelin,2026,,Bib Gourmand,,https://guide.michelin.com/us/en/bayern/regensburg/restaurant/sticky-fingers,Sticky Fingers,Regensburg,Germany,restaurant,,€€,,germany-2026,Sticky Fingers,Regensburg
michelin-2026-germany,michelin,2026,,Bib Gourmand,,https://guide.michelin.com/us/en/bayern/riedenburg/restaurant/forst-s-landhaus,Forst's Landhaus,Riedenburg,Germany,restaurant,,€€,,germany-2026,Forst's Landhaus,Riedenburg
michelin-2026-germany,michelin,2026,,Bib Gourmand,,https://guide.michelin.com/us/en/bayern/ruderting/restaurant/landgasthof-zum-muller,Landgasthof zum Müller,Ruderting,Germany,restaurant,,€€,,germany-2026,Landgasthof zum Müller,Ruderting
michelin-2026-germany,michelin,2026,,Bib Gourmand,,https://guide.michelin.com/us/en/bayern/samerberg/restaurant/gasthof-alpenrose,Gasthof Alpenrose,Samerberg,Germany,restaurant,,€€,,germany-2026,Gasthof Alpenrose,Samerberg
michelin-2026-germany,michelin,2026,,Bib Gourmand,,https://guide.michelin.com/us/en/bayern/spalt/restaurant/gasthof-blumenthal,Gasthof Blumenthal,Spalt,Germany,restaurant,,€,,germany-2026,Gasthof Blumenthal,Spalt
michelin-2026-germany,michelin,2026,,Bib Gourmand,,https://guide.michelin.com/us/en/bayern/spiegelau_1291351/restaurant/das-palmberger-hoamart,Das Palmberger - hoamART,Spiegelau,Germany,restaurant,,€€,,germany-2026,Das Palmberger - hoamART,Spiegelau
michelin-2026-germany,michelin,2026,,Bib Gourmand,,https://guide.michelin.com/us/en/bayern/vhringen/restaurant/speisemeisterei-burgthalschenke,Speisemeisterei Burgthalschenke,Vöhringen,Germany,restaurant,,€€,,germany-2026,Speisemeisterei Burgthalschenke,Vöhringen
michelin-2026-germany,michelin,2026,,Bib Gourmand,,https://guide.michelin.com/us/en/bayern/wackersberg/restaurant/tolzer-schiessstatte-hager,Tölzer Schießstätte - Hager,Wackersberg,Germany,restaurant,,€€,,germany-2026,Tölzer Schießstätte - Hager,Wackersberg
michelin-2026-germany,michelin,2026,,Bib Gourmand,,https://guide.michelin.com/us/en/bayern/waging-am-see/restaurant/landhaus-tanner,Landhaus Tanner,Waging am See,Germany,restaurant,,€€,,germany-2026,Landhaus Tanner,Waging am See
michelin-2026-germany,michelin,2026,,Bib Gourmand,,https://guide.michelin.com/us/en/bayern/weissenstadt/restaurant/gasthaus-egertal,Gasthaus Egertal,Weissenstadt,Germany,restaurant,,€€,,germany-2026,Gasthaus Egertal,Weissenstadt
michelin-2026-germany,michelin,2026,,Bib Gourmand,,https://guide.michelin.com/us/en/bayern/wernberg-kblitz/restaurant/wirtsstube,Wirtsstube im Hotel Burkhard,Wernberg-Köblitz,Germany,restaurant,,€€,,germany-2026,Wirtsstube im Hotel Burkhard,Wernberg-Köblitz
michelin-2026-germany,michelin,2026,,Bib Gourmand,,https://guide.michelin.com/us/en/bayern/windorf/restaurant/feilmeiers-landleben,Feilmeiers Landleben,Windorf,Germany,restaurant,,€€,,germany-2026,Feilmeiers Landleben,Windorf
michelin-2026-germany,michelin,2026,,Bib Gourmand,,https://guide.michelin.com/us/en/berlin-region/berlin/restaurant/barra,Barra,Berlin,Germany,restaurant,,€€,,germany-2026,Barra,Berlin
michelin-2026-germany,michelin,2026,,Bib Gourmand,,https://guide.michelin.com/us/en/berlin-region/berlin/restaurant/byblos-1245987,CHEZ NASSIB,Berlin,Germany,restaurant,,€€,,germany-2026,CHEZ NASSIB,Berlin
michelin-2026-germany,michelin,2026,,Bib Gourmand,,https://guide.michelin.com/us/en/berlin-region/berlin/restaurant/lucky-leek,Lucky Leek,Berlin,Germany,restaurant,,€€,,germany-2026,Lucky Leek,Berlin
michelin-2026-germany,michelin,2026,,Bib Gourmand,,https://guide.michelin.com/us/en/berlin-region/berlin/restaurant/mami-s,MaMi's,Berlin,Germany,restaurant,,€€,,germany-2026,MaMi's,Berlin
michelin-2026-germany,michelin,2026,,Bib Gourmand,,https://guide.michelin.com/us/en/berlin-region/berlin/restaurant/mastan,MASTAN,Berlin,Germany,restaurant,,€€,,germany-2026,MASTAN,Berlin
michelin-2026-germany,michelin,2026,,Bib Gourmand,,https://guide.michelin.com/us/en/berlin-region/berlin/restaurant/november-brasserie,November Brasserie,Berlin,Germany,restaurant,,€€,,germany-2026,November Brasserie,Berlin
michelin-2026-germany,michelin,2026,,Bib Gourmand,,https://guide.michelin.com/us/en/berlin-region/berlin/restaurant/nussbaumerin,Nußbaumerin,Berlin,Germany,restaurant,,€€,,germany-2026,Nußbaumerin,Berlin
michelin-2026-germany,michelin,2026,,Bib Gourmand,,https://guide.michelin.com/us/en/berlin-region/berlin/restaurant/remi,Remi,Berlin,Germany,restaurant,,€€,,germany-2026,Remi,Berlin
michelin-2026-germany,michelin,2026,,Bib Gourmand,,https://guide.michelin.com/us/en/berlin-region/berlin/restaurant/salhino,Salhino,Berlin,Germany,restaurant,,€€,,germany-2026,Salhino,Berlin
michelin-2026-germany,michelin,2026,,Bib Gourmand,,https://guide.michelin.com/us/en/brandenburg/neuzelle_1322193/restaurant/wilde-klosterkuche,Wilde Klosterküche,Neuzelle,Germany,restaurant,,€€,,germany-2026,Wilde Klosterküche,Neuzelle
michelin-2026-germany,michelin,2026,,Bib Gourmand,,https://guide.michelin.com/us/en/hamburg-region/hamburg/restaurant/cyn-cyn,CYN CYN,Hamburg,Germany,restaurant,,€,,germany-2026,CYN CYN,Hamburg
michelin-2026-germany,michelin,2026,,Bib Gourmand,,https://guide.michelin.com/us/en/hamburg-region/hamburg/restaurant/gassenhaur,GASSENHAUR,Hamburg,Germany,restaurant,,€€,,germany-2026,GASSENHAUR,Hamburg
michelin-2026-germany,michelin,2026,,Bib Gourmand,,https://guide.michelin.com/us/en/hamburg-region/hamburg/restaurant/hygge-brasserie-bar,HYGGE Brasserie & Bar,Hamburg,Germany,restaurant,,€€,,germany-2026,HYGGE Brasserie & Bar,Hamburg
michelin-2026-germany,michelin,2026,,Bib Gourmand,,https://guide.michelin.com/us/en/hamburg-region/hamburg/restaurant/lenz,LENZ,Hamburg,Germany,restaurant,,€€,,germany-2026,LENZ,Hamburg
michelin-2026-germany,michelin,2026,,Bib Gourmand,,https://guide.michelin.com/us/en/hamburg-region/hamburg/restaurant/nil,Nil,Hamburg,Germany,restaurant,,€€,,germany-2026,Nil,Hamburg
michelin-2026-germany,michelin,2026,,Bib Gourmand,,https://guide.michelin.com/us/en/hamburg-region/hamburg/restaurant/zur-flottbeker-schmiede,Zur Flottbeker Schmiede,Hamburg,Germany,restaurant,,€€,,germany-2026,Zur Flottbeker Schmiede,Hamburg
michelin-2026-germany,michelin,2026,,Bib Gourmand,,https://guide.michelin.com/us/en/hessen/frankfurt-am-main/restaurant/bornheimer-ratskeller,Bornheimer Ratskeller,Frankfurt on the Main,Germany,restaurant,,€€,,germany-2026,Bornheimer Ratskeller,Frankfurt am Main
michelin-2026-germany,michelin,2026,,Bib Gourmand,,https://guide.michelin.com/us/en/hessen/frankfurt-am-main/restaurant/yaldy,YALDY,Frankfurt on the Main,Germany,restaurant,,€€,,germany-2026,YALDY,Frankfurt am Main
michelin-2026-germany,michelin,2026,,Bib Gourmand,,https://guide.michelin.com/us/en/hessen/freiensteinau/restaurant/landgasthof-zur-post,Landgasthof Zur Post,Freiensteinau,Germany,restaurant,,€,,germany-2026,Landgasthof Zur Post,Freiensteinau
michelin-2026-germany,michelin,2026,,Bib Gourmand,,https://guide.michelin.com/us/en/hessen/hchst-im-odenwald/restaurant/gaststube81589,Gaststube,Höchst im Odenwald,Germany,restaurant,,€€,,germany-2026,Gaststube,Höchst im Odenwald
michelin-2026-germany,michelin,2026,,Bib Gourmand,,https://guide.michelin.com/us/en/mecklenburg-vorpommern/schwerin/restaurant/cube-by-mika,Cube by Mika,Schwerin,Germany,restaurant,,€€,,germany-2026,Cube by Mika,Schwerin
michelin-2026-germany,michelin,2026,,Bib Gourmand,,https://guide.michelin.com/us/en/niedersachsen/bad-nenndorf/restaurant/august82886,Das August,Bad Nenndorf,Germany,restaurant,,€€,,germany-2026,Das August,Bad Nenndorf
michelin-2026-germany,michelin,2026,,Bib Gourmand,,https://guide.michelin.com/us/en/niedersachsen/dornum/restaurant/fahrhaus,Fährhaus,Dornum,Germany,restaurant,,€€,,germany-2026,Fährhaus,Dornum
michelin-2026-germany,michelin,2026,,Bib Gourmand,,https://guide.michelin.com/us/en/niedersachsen/friesoythe_1344188/restaurant/regional-friesoythe,Regional Friesoythe,Friesoythe,Germany,restaurant,,€€,,germany-2026,Regional Friesoythe,Friesoythe
michelin-2026-germany,michelin,2026,,Bib Gourmand,,https://guide.michelin.com/us/en/niedersachsen/lneburg/restaurant/rohms-deli,RÖHMS DELI,Lüneburg,Germany,restaurant,,€€,,germany-2026,RÖHMS DELI,Lüneburg
michelin-2026-germany,michelin,2026,,Bib Gourmand,,https://guide.michelin.com/us/en/nordrhein-westfalen/aachen/restaurant/bistro356408,Bistro,Aachen,Germany,restaurant,,€€,,germany-2026,Bistro,Aachen
michelin-2026-germany,michelin,2026,,Bib Gourmand,,https://guide.michelin.com/us/en/nordrhein-westfalen/dusseldorf/restaurant/essbar,EssBar fein & pfiffig,Düsseldorf,Germany,restaurant,,€€,,germany-2026,EssBar fein & pfiffig,Düsseldorf
michelin-2026-germany,michelin,2026,,Bib Gourmand,,https://guide.michelin.com/us/en/nordrhein-westfalen/dusseldorf/restaurant/munstermanns-kontor,Münstermanns Kontor,Düsseldorf,Germany,restaurant,,€€,,germany-2026,Münstermanns Kontor,Düsseldorf
michelin-2026-germany,michelin,2026,,Bib Gourmand,,https://guide.michelin.com/us/en/nordrhein-westfalen/gummersbach/restaurant/muhlenhelle-bistro,Mühlenhelle - Bistro,Gummersbach,Germany,restaurant,,€€,,germany-2026,Mühlenhelle - Bistro,Gummersbach
michelin-2026-germany,michelin,2026,,Bib Gourmand,,https://guide.michelin.com/us/en/nordrhein-westfalen/harsewinkel/restaurant/poppenborg-s-stubchen,Poppenborg's Stübchen,Harsewinkel,Germany,restaurant,,€€,,germany-2026,Poppenborg's Stübchen,Harsewinkel
michelin-2026-germany,michelin,2026,,Bib Gourmand,,https://guide.michelin.com/us/en/nordrhein-westfalen/hvelhof/restaurant/gasthof-brink,Gasthof Brink,Hövelhof,Germany,restaurant,,€€,,germany-2026,Gasthof Brink,Hövelhof
michelin-2026-germany,michelin,2026,,Bib Gourmand,,https://guide.michelin.com/us/en/nordrhein-westfalen/koln/restaurant/capricorn-i-aries-brasserie,Capricorn [ i ] Aries Brasserie,Cologne,Germany,restaurant,,€€,,germany-2026,Capricorn [ i ] Aries Brasserie,Köln
michelin-2026-germany,michelin,2026,,Bib Gourmand,,https://guide.michelin.com/us/en/nordrhein-westfalen/koln/restaurant/gasthaus-scherz,Gasthaus Scherz,Cologne,Germany,restaurant,,€€,,germany-2026,Gasthaus Scherz,Köln
michelin-2026-germany,michelin,2026,,Bib Gourmand,,https://guide.michelin.com/us/en/nordrhein-westfalen/koln/restaurant/henne-weinbar,HENNE.Weinbar,Cologne,Germany,restaurant,,€,,germany-2026,HENNE.Weinbar,Köln
michelin-2026-germany,michelin,2026,,Bib Gourmand,,https://guide.michelin.com/us/en/nordrhein-westfalen/neukirchen-vluyn/restaurant/little-john-s,Little John's,Neukirchen-Vluyn,Germany,restaurant,,€€,,germany-2026,Little John's,Neukirchen-Vluyn
michelin-2026-germany,michelin,2026,,Bib Gourmand,,https://guide.michelin.com/us/en/nordrhein-westfalen/vreden/restaurant/buschker-s-stuben,Am Kring - Büschker's Stuben,Vreden,Germany,restaurant,,€€,,germany-2026,Am Kring - Büschker's Stuben,Vreden
michelin-2026-germany,michelin,2026,,Bib Gourmand,,https://guide.michelin.com/us/en/rheinland-pfalz/andernach/restaurant/ai-pero,Ai Pero,Andernach,Germany,restaurant,,€€,,germany-2026,Ai Pero,Andernach
michelin-2026-germany,michelin,2026,,Bib Gourmand,,https://guide.michelin.com/us/en/rheinland-pfalz/bad-kreuznach/restaurant/im-kittchen,Im Kittchen,Bad Kreuznach,Germany,restaurant,,€€,,germany-2026,Im Kittchen,Bad Kreuznach
michelin-2026-germany,michelin,2026,,Bib Gourmand,,https://guide.michelin.com/us/en/rheinland-pfalz/deidesheim/restaurant/gasthaus-zur-kanne,Gasthaus zur Kanne,Deidesheim,Germany,restaurant,,€€,,germany-2026,Gasthaus zur Kanne,Deidesheim
michelin-2026-germany,michelin,2026,,Bib Gourmand,,https://guide.michelin.com/us/en/rheinland-pfalz/frankweiler/restaurant/weinstube-brand,Weinstube Brand,Frankweiler,Germany,restaurant,,€€,,germany-2026,Weinstube Brand,Frankweiler
michelin-2026-germany,michelin,2026,,Bib Gourmand,,https://guide.michelin.com/us/en/rheinland-pfalz/freinsheim/restaurant/weinreich,WEINreich,Freinsheim,Germany,restaurant,,€€,,germany-2026,WEINreich,Freinsheim
michelin-2026-germany,michelin,2026,,Bib Gourmand,,https://guide.michelin.com/us/en/rheinland-pfalz/geisfeld_1330179/restaurant/kaufmann-s,Kaufmann's Restaurant am Schlosspark,Gersfeld,Germany,restaurant,,€€,,germany-2026,Kaufmann's Restaurant am Schlosspark,Gersfeld
michelin-2026-germany,michelin,2026,,Bib Gourmand,,https://guide.michelin.com/us/en/rheinland-pfalz/hardert/restaurant/corona-hotel-zur-post,Restaurant Corona im Hotel zur Post,Hardert,Germany,restaurant,,€€,,germany-2026,Restaurant Corona im Hotel zur Post,Hardert
michelin-2026-germany,michelin,2026,,Bib Gourmand,,https://guide.michelin.com/us/en/rheinland-pfalz/jugenheim-in-rheinhessen/restaurant/weedenhof,Weedenhof,Jugenheim in Rheinhessen,Germany,restaurant,,€€,,germany-2026,Weedenhof,Jugenheim in Rheinhessen
michelin-2026-germany,michelin,2026,,Bib Gourmand,,https://guide.michelin.com/us/en/rheinland-pfalz/meerfeld/restaurant/poststuben,Poststuben,Meerfeld,Germany,restaurant,,€€,,germany-2026,Poststuben,Meerfeld
michelin-2026-germany,michelin,2026,,Bib Gourmand,,https://guide.michelin.com/us/en/rheinland-pfalz/neupotz/restaurant/gehrlein-s-hardtwald,Gehrlein's Hardtwald,Neupotz,Germany,restaurant,,€€,,germany-2026,Gehrlein's Hardtwald,Neupotz
michelin-2026-germany,michelin,2026,,Bib Gourmand,,https://guide.michelin.com/us/en/rheinland-pfalz/neupotz/restaurant/zum-lamm,Zum Lamm,Neupotz,Germany,restaurant,,€€,,germany-2026,Zum Lamm,Neupotz
michelin-2026-germany,michelin,2026,,Bib Gourmand,,https://guide.michelin.com/us/en/saarland/blieskastel/restaurant/landgenuss,Landgenuss,Blieskastel,Germany,restaurant,,€€,,germany-2026,Landgenuss,Blieskastel
michelin-2026-germany,michelin,2026,,Bib Gourmand,,https://guide.michelin.com/us/en/sachsen/aue/restaurant/lotters-wirtschaft-tausendguldenstube,Lotters Wirtschaft - Tausendgüldenstube,Aue - Bad Schlema,Germany,restaurant,,€€,,germany-2026,Lotters Wirtschaft - Tausendgüldenstube,Aue
michelin-2026-germany,michelin,2026,,Bib Gourmand,,https://guide.michelin.com/us/en/sachsen/dresden/restaurant/deli351464,DELI,Dresden,Germany,restaurant,,€€,,germany-2026,DELI,Dresden
michelin-2026-germany,michelin,2026,,Bib Gourmand,,https://guide.michelin.com/us/en/sachsen/pirna/restaurant/felsenbirne,Felsenbirne,Pirna,Germany,restaurant,,€€,,germany-2026,Felsenbirne,Pirna
michelin-2026-germany,michelin,2026,,Bib Gourmand,,https://guide.michelin.com/us/en/sachsen/wilthen/restaurant/erbgericht-tautewalde,Erbgericht Tautewalde,Wilthen,Germany,restaurant,,€€,,germany-2026,Erbgericht Tautewalde,Wilthen
michelin-2026-germany,michelin,2026,,Bib Gourmand,,https://guide.michelin.com/us/en/schleswig-holstein/neuendorf-bei-wilster/restaurant/zum-duckerstieg,Zum Dückerstieg,Neuendorf bei Wilster,Germany,restaurant,,€€,,germany-2026,Zum Dückerstieg,Neuendorf bei Wilster
michelin-2026-germany,michelin,2026,,Bib Gourmand,,https://guide.michelin.com/us/en/schleswig-holstein/tangstedt/restaurant/gutskuche,Gutsküche,Tangstedt,Germany,restaurant,,€€,,germany-2026,Gutsküche,Tangstedt
michelin-2026-germany,michelin,2026,,Bib Gourmand,,https://guide.michelin.com/us/en/thuringen/nordhausen/restaurant/feine-speiseschenke,Feine Speiseschenke,Nordhausen,Germany,restaurant,,€,,germany-2026,Feine Speiseschenke,Nordhausen
