"line","venue_name","city_label","decision","reason"
"1","Chao Shang Chao (Chaoyang)","Beijing","use:ve_f4a69bd8e0","(medium) Legacy venue ""Chao Hotel Sanlitun"": the only free Three Stars venue in Beijing after the exact matches; it also holds Best Chef 2025 Three Knives, and that list names Chao Shang Chao (Chaoyang), Beijing; unique both ways; name to rename CSV"
"2","Xin Rong Ji (Xinyuan South Road)","Beijing","use:ve_ed8fe96699","(high) Legacy venue ""Xinrongji"": same city, same category (Three Stars 2025), the only Xin Rong Ji venue in Beijing; name to rename CSV"
"3","Blackswan","Beijing","use:ve_b075220a1b","(high) Legacy venue ""黑天鹅餐厅"": its name is the Michelin Chinese name 黑天鹅 plus 餐厅 (restaurant); same category (Two Stars); name to rename CSV, Chinese name to name_native"
"4","Jingji","Beijing","new","Legacy Two Stars row 1558 for Jingji sits on the Jing venue (ve_262d31b59b, matched by line 16); Jing is a separate restaurant; no Jingji venue exists; row 1558 goes to the Beijing retire review"
"6","Lamdre","Beijing","use:ve_c95452bfed","(high) Legacy venue ""Ling Long"" (ve_c95452bfed): same city, same category (Two Stars 1571), same price tier ($$$$ / ¥¥¥¥); award 1571 sits between King's Joy (1563) and Lu Shang Lu (1574), the Lamdre slot in card order; the venue Asia 50 Best 2025 row is No. 50, and 50 Best lists No. 50 as Lamdre (Beijing), while Ling Long (Shanghai) is No. 27 and sits on its own venue ve_b925f98f4d (match, line 272); the name Ling Long is a lookup error, not a misfile; judgment item 4 resolved; name to rename CSV; the La Liste, OAD and Best Chef rows on this venue need a check at cleanup"
"7","Lu Shang Lu","Beijing","use:ve_643f7f9a62","(medium) Legacy venue ""Honglu Beijing Restaurant"": same city, same category (Two Stars); the legacy Two Stars award ids run in Michelin card order (1555 Blackswan, 1558 Jingji, 1563 King's Joy, 1571 Lamdre, 1574 this venue, 1575 Shanghai Cuisine), so 1574 is Lu Shang Lu; the only other free Two Stars venue is Shanghai Cuisine (line 8); no other award on this venue; name to rename CSV"
"8","Shanghai Cuisine","Beijing","use:ve_edc5ed438c","(medium) Legacy venue ""Laojitang Shanghai Private Kitchens"": same city, same category (Two Stars); the name says Shanghai home cooking, the Michelin card is Shanghai Cuisine (屋里厢); award id 1575 is last in the Two Stars card order; unique both ways; name to rename CSV"
"9","Cai Yi Xuan","Beijing","use:ve_bf3adf5226","(high) Legacy venue ""Four Seasons Beijing"": same category (One Star); the Michelin page puts Cai Yi Xuan at 2F, Four Seasons Hotel, 48 Liangmaqiao Road; name to rename CSV"
"10","Chao Shang Chao (Xicheng)","Beijing","new","No Chao Shang Chao (Xicheng) venue in Beijing; the Chaoyang branch is line 1"
"12","Furong","Beijing","use:ve_74763ed659","(high) Legacy venue ""Dongcheng Furong Restaurant"": same city, same category (One Star); name agrees"
"13","Gastro Esthetics DaDong","Beijing","use:ve_6672d45c44","(high) Legacy venue ""Beijing Da Dong"": same city, same category (One Star); name agrees (美‧大董); name to rename CSV"
"14","Giada Garden","Beijing","use:ve_567d9f103c","(medium) Legacy venue ""Jade Garden"": same city, same category (One Star); Giada is Italian for jade; no other award on the venue; name to rename CSV"
"17","Lei Garden (Jinbao Tower)","Beijing","use:ve_f9a80a0cc1","(high) Legacy venue ""Jinbao Tower"": same category (One Star); the Michelin card is Lei Garden (Jinbao Tower); name to rename CSV"
"18","Lu Style (Anding Road)","Beijing","new","Possible legacy partner ""Liu's Family And Restaurant"" (ve_a1d719f4d1, One Star) has no checkable link to Lu Style (鲁采); under-merge; the legacy venue goes to the cleanup list"
"19","Mansion Cuisine by Jingyan","Beijing","use:ve_1af2a4131e","(medium) Legacy venue ""J & E Mansion"": same city, same category (One Star); Mansion plus J-E for Jingyan; no second candidate; name to rename CSV"
"20","MO Jasmine","Beijing","use:ve_4473c30ea7","(high) Legacy venue ""Jasmine restaurant"": same city, same category (One Star); the Michelin card is MO Jasmine (茉); name to rename CSV"
"21","Poetry‧Wine (Dongsanhuan Middle Road)","Beijing","use:ve_88553fb416","(high) Legacy venue ""Shijiu"": same city, same category (One Star); the Michelin Chinese name 拾久 reads Shi Jiu; name to rename CSV"
"22","Rong Pao","Beijing","new","Legacy One Star row 4111 sits on ""Rong Rest. Beijing Dawang Rd. Br."" (ve_cafb98b169), which line 50 (Rong Cuisine, Bib) uses; that venue is the Rong Cuisine branch, not Rong Pao; row 4111 goes to the Beijing retire review"
"23","Seventh Son","Beijing","new","Do NOT pair with ve_a73796bf14 ""Seventh Son (Tsim Sha Tsui)"": that venue is a Hong Kong branch misfiled in Beijing (OAD 2025 No. 415); no Beijing Seventh Son venue"
"24","Sheng Yong Xing (Chaoyang)","Beijing","use:ve_8db1436125","(high) Legacy venue ""Shengyongxing Restaurant"" (One Star): same city, same category; name agrees; the Bib twin ve_75b6c17535 is not used"
"25","The Beijing Kitchen (Jianguo Road)","Beijing","use:ve_39d22a063e","(high) Legacy venue ""Beijing Kitchen"": same city, same category (One Star); name agrees"
"26","The Georg","Beijing","use:ve_40083176bc","(high) Legacy venue ""The Georg By Georg Jensen Hus"": same city, same category (One Star); name agrees; name to rename CSV"
"27","The House of Dynasties","Beijing","use:ve_c90b07f1bf","(high) Legacy venue ""Longting"": same city, same category (One Star); the Michelin Chinese name 龙庭 reads Long Ting; name to rename CSV"
"29","Xin Rong Ji (Jianguomenwai Street)","Beijing","new","No Xin Rong Ji (Jianguomenwai Street) venue in Beijing; the only Beijing Xin Rong Ji venue is used by line 2"
"30","Xin Rong Ji (Jinrong Street)","Beijing","new","No Xin Rong Ji (Jinrong Street) venue in Beijing; the only Beijing Xin Rong Ji venue is used by line 2"
"31","Zhiguan Courtyard","Beijing","use:ve_11145845a4","(high) Legacy venue ""Zhiguan Restaurant"": same city, same category (One Star); name agrees"
"32","Zijin Mansion","Beijing","new","Legacy ""The Imperial Mansion, Beijing Marriott Executive Apartments"" (ve_5afad52421) is a different place: the Michelin page puts Zijin Mansion at 3F, Waldorf Astoria Hotel, 5-15 Jinyu Hutong; legacy venue to cleanup list"
"33","Bao Bao Hao","Beijing","new","No legacy candidate; new Bib in 2026"
"34","Bao Du Jin Sheng Long (Dongcheng)","Beijing","use:ve_fbbf6d56c4","(high) Legacy venue ""Quick-Fried Tripe Jinshenglong"": same city, same category (Bib); 爆肚 means quick-fried tripe, Jin Sheng Long agrees; name to rename CSV"
"35","Bao Yuan","Beijing","use:ve_f45b2bb7ce","(high) Legacy venue ""Baoyuan Dumplings Restaurant"": same city, same category (Bib); name agrees (宝源); name to rename CSV"
"36","Fujian Cuisine (Dongsanhuan North Road)","Beijing","new","No legacy candidate"
"37","Hong Fan Qie (Yuyuantan South Road)","Beijing","use:ve_1488ed42ea","(high) Legacy venue ""Hongfanqie"": same city, same category (Bib); name agrees"
"38","Hua Sheng Feng (Dongsanhuan South Road)","Beijing","new","No legacy candidate with a checkable link; under-merge"
"40","Jingyi (Liulichang East Street)","Beijing","use:ve_fb2d8a30a9","(high) Legacy venue ""Jingyi Restaurant"": same city, same category (Bib); name agrees"
"41","Ladychai","Beijing","use:ve_8a5b0b0df3","(high) Legacy venue ""Old Beijing Chaishi"": same city, same category (Bib); the Michelin Chinese name 柴氏风味斋 reads Chaishi; name to rename CSV"
"42","Lao Chuan Ban","Beijing","use:ve_2b7c417eb0","(high) Legacy venue ""Sichuan Provincial Government Restaurant"": same city, same category (Bib); 老川办 means old Sichuan office; name to rename CSV"
"43","Liu Ma Ma Dumplings (Chaoyang)","Beijing","new","No legacy candidate with a checkable link; under-merge"
"44","Man Heng Ji","Beijing","new","No legacy candidate with a checkable link; under-merge"
"45","Mingyuan Restaurant","Beijing","use:ve_a119bb8427","(high) Legacy venue ""Mingyuan"": same city, same category (Bib); name agrees"
"46","My Soup","Beijing","new","No legacy candidate with a checkable link; under-merge"
"47","No. 69 Fangzhuanchang Zhajiangmian (Fangzhuanchang Hutong)","Beijing","use:ve_4fb3596a23","(high) Legacy venue ""Fangzhuanchang Hutong"": same city, same category (Bib); the Michelin card names Fangzhuanchang Hutong; name to rename CSV"
"48","Pang Mei Noodles (Xiang'er Hutong)","Beijing","use:ve_6f82b3520a","(high) Legacy venue ""Pangmei Noodle Restaurant"": same city, same category (Bib); name agrees"
"49","Qiantang Garden (Shuangyushu North Road)","Beijing","use:ve_0b0173ebae","(high) Legacy venue ""Qiantang Garden Restaurant"": same city, same category (Bib); name agrees"
"50","Rong Cuisine (Baiziwan South Er Road)","Beijing","use:ve_cafb98b169","(medium) Legacy venue ""Rong Rest. Beijing Dawang Rd. Br."": holds a Bib and a One Star row; the name is the Rong Cuisine (荣小馆) branch; the Bib row pairs here, the One Star row belongs to Rong Pao (line 22, new); name to rename CSV"
"52","Tianchumiaoxiang Vegetarian (Chaoyang)","Beijing","use:ve_abd6c983fc","(high) Legacy venue ""Tianchu Miaoxiang"": same city, same category (Bib); name agrees"
"53","Tong He Ju (Yuetan South Street)","Beijing","use:ve_bc7ea4dff4","(high) Legacy venue ""Tongheju"": same city, same category (Bib); name agrees"
"54","Xiang Bin Xuan (Huayuan Road)","Beijing","use:ve_025cd433e8","(high) Legacy venue ""Xiangbinxuan Restaurant"": same city, same category (Bib); name agrees"
"55","Xiang Lin Tian Xia","Beijing","use:ve_450c5c9eb7","(high) Legacy venue ""XIANG LIN TIAN XIA RESTAURANT"": same city, same category (Bib); name agrees; name to rename CSV"
"56","Yibin","Beijing","use:ve_ab89dbb319","(high) Legacy venue ""Yibin Burning Noodle"": same city, same category (Bib); the Michelin Chinese name 宜宾招待所 names Yibin; name to rename CSV"
"57","Yu Hua Tai (Xicheng)","Beijing","use:ve_e08de51373","(high) Legacy venue ""Yuhuatai Restaurant"": same city, same category (Bib); name agrees"
"58","Zhong","Beijing","new","Possible legacy partner ""Zhong'an Restaurant"" (ve_8f106a1302, Bib) has no checkable link to Zhong (钟餐厅); under-merge; the legacy venue goes to the cleanup list"
"59","Fleurs Et Festin","Xiamen","new","No free legacy One Star venue in Xiamen after lines 61 and 65; the legacy data has no Fleurs Et Festin row"
"60","Hatter","Fuzhou","new","No free legacy One Star venue in Fuzhou after lines 62 and 64; Michelin lists Hatter as a new One Star in the 2026 edition"
"61","Hokklo","Xiamen","use:ve_33c0ec99ea","(high) Legacy venue ""Waldorf Astoria Xiamen"": same city, same category (One Star), same price tier ($$$ / ¥¥¥); the Michelin page puts Hokklo at 6F, Waldorf Astoria Hotel, 1 Lianhua North Road; name to rename CSV"
"62","Jiangnan Wok ‧ Rong","Fuzhou","use:ve_548b41f4ff","(high) Legacy venue ""Jiang Nan NYC"": same city, same category (One Star), same price tier ($$$ / ¥¥¥); name agrees (Jiang Nan = Jiangnan); the only other free Fuzhou One Star venue is Wenru (line 64); unique both ways; name to rename CSV"
"63","Qing You Yu","Quanzhou","use:ve_85c6feef1b","(high) Legacy venue ""Qing Yu"": same city, same category (One Star), same price tier ($$$ / ¥¥¥); name agrees (庆有余); the only Quanzhou One Star in the legacy data and in 2026; name to rename CSV"
"64","Wenru No.9","Fuzhou","use:ve_d82e2354e6","(high) Legacy venue ""Wenru No.9 Assembly Hall"": same city, same category (One Star); name agrees; the extra legacy Bib row 5099 on this venue is an orphan (Michelin lists Wenru No.9 as One Star in both Fujian editions); name to rename CSV"
"65","Yanyu (Jiahe Road)","Xiamen","use:ve_3c1c176fb0","(high) Legacy venue ""宴遇"": its name is the Michelin Chinese name 宴遇 of Yanyu (Jiahe Road); same city, same category (One Star); name to rename CSV, Chinese name to name_native"
"66","167 Shan Hai Li","Fuzhou","new","No legacy candidate; the Fuzhou legacy Bib block starts at award 10223, which is priced $ and 167 Shan Hai Li is ¥¥"
"67","A Qiu Niu Pai (Huxin Street)","Quanzhou","use:ve_5c6146eda4","(high) Legacy venue ""Aqiu Niupai Shop"": same city, same category (Bib); name agrees (阿秋牛排); award 11763 is first in the card order; name to rename CSV"
"68","A Xi Xia Mian","Xiamen","use:ve_a709525134","(high) Legacy venue ""Xi Xia Chinese Cuisine"": same city, same category (Bib); 阿西虾面 = A Xi Xia Mian and the name shares Xi Xia; award 12970 is first in the card order; name to rename CSV"
"69","A Xin Xian Lao (Gongnong Road)","Fuzhou","use:ve_aa194713b5","(medium) Legacy venue ""Xingxian Restaurant"", award 10223 ($ / ¥), the first Fuzhou Bib row; two cards sort before Guan Zhong (10224), and only A Xin Xian Lao has the legacy price; Rule 6b (Ben ruling Sep 27): the run puts this one legacy row on this card and the legacy price agrees; the venue holds no other award; the legacy name is card Xingxian (Mawei) (line 121), which is ¥¥, not $; token: 信鲜 xin xian → Xingxian, so it cannot own this row (lookup noise); name to rename CSV; judgment item 1 resolved Sep 27"
"70","A Zhong Shi Fang","Xiamen","use:ve_4a3f18795d","(high) Legacy venue ""Azhong Restaurant"": same city, same category (Bib); name agrees (阿忠); name to rename CSV"
"71","Antstory","Quanzhou","use:ve_a8a1e98cc4","(high) Legacy venue ""Ant Privacy Kitchen"": same city, same category (Bib); 蚂蚁私厨 means ant private kitchen; award 11764 is second in the card order; name to rename CSV"
"72","Bai Jia Chun Hao De Lai Jiang Mu Ya (Zhongxing Road)","Xiamen","use:ve_dfa9421242","(high) Legacy venue ""好德来姜母鸭"": its name is part of the Michelin Chinese name 百家春好德来姜母鸭; same city, same category (Bib); name to rename CSV, Chinese name to name_native"
"73","Che Qiao Tou Wen A Shui Wan (Daxi Street)","Quanzhou","use:ve_0ba160383c","(medium) Legacy venue ""West Street"": same city, same category (Bib); awards 11765, 11766, 11767 sit between Antstory and Hall Thing; the 2026 cards in that range are exactly Che Qiao Tou, Chun Sheng, De Wen, and the legacy prices ($, $$, $) agree with ¥, ¥¥, ¥; Michelin puts Che Qiao Tou at 9 Daxi Street, Licheng, in the same old town as West Street; name to rename CSV"
"74","Chen Xian Sen Sha Cha Mian","Xiamen","use:ve_16b408725d","(medium) Legacy venue ""Zhonghua Cheng Noodles With Satay Sauce"": same city, same category (Bib), same price tier ($ / ¥); award 12973 sits between Bai Jia Chun (12972) and Chic 1699 (12974); Chen Xian Sen Sha Cha Mian is the only card in that slot; sha cha mian = satay noodles; name to rename CSV"
"75","Chic 1699","Xiamen","use:ve_015c3461ad","(high) Legacy venue ""Chic 1699 Yuanyang Privacy Kitchen"": same city, same category (Bib); name agrees (Chic 1699, 远洋私厨); name to rename CSV"
"76","Chun Sheng","Quanzhou","use:ve_9f2b2906c2","(medium) Legacy venue ""Quanzhou"": same city, same category (Bib); award 11766 is the middle slot of the 3-for-3 run (see line 73) and the only $$ row in it, Chun Sheng is ¥¥; the legacy name is only the city; name to rename CSV"
"77","Cong Hui Tongan Lao Mei Shi Fan Dian","Xiamen","use:ve_4cf56bc68c","(high) Legacy venue ""Cong Hui Tong an Feng Rou"": same city, same category (Bib); name agrees (聪辉同安); name to rename CSV"
"78","Da Tong Shao Jiu Lang","Xiamen","new","Possible legacy partner ""Longshandong"" (ve_2e5a4bf130, award 12976, $$) fits the slot for Da Tong Shao Jiu Lang or Dai Tai (line 79); two ¥¥ candidates, no checkable link; under-merge; the legacy venue goes to the cleanup list"
"79","Dai Tai","Xiamen","new","Possible legacy partner ""Longshandong"" (ve_2e5a4bf130) fits the slot for Da Tong Shao Jiu Lang (line 78) or Dai Tai; two candidates, no checkable link; under-merge"
"80","De Wen Xia Zai Mian","Quanzhou","use:ve_f62c27d4bf","(medium) Legacy venue ""Quanzhou Mianxian Hu & Xianfan"": same city, same category (Bib), same price tier ($ / ¥); award 11767 is the third slot of the 3-for-3 run (see line 73); the legacy name is a generic dish name, not a shop name; name to rename CSV"
"81","Fu Ding Zheng Zong Bian Rou (Jianxin Road)","Ningde","use:ve_af3baeb42c","(high) Legacy venue ""Fuding Authentic Bianrou"": same city, same category (Bib); 福鼎正宗扁肉 means Fuding authentic bianrou; award 11433 is first in the Ningde card order; name to rename CSV"
"82","Fu Yu Da Tong Ya Rou Zhou","Xiamen","use:ve_51eafde305","(high) Legacy venue ""Fuyu Datong Duck Zhou"": same city, same category (Bib); 浮屿大同鸭肉粥 = Fuyu Datong duck congee; name to rename CSV"
"83","Guan Zhong Wang Shi (Gulou)","Fuzhou","use:ve_8bb1dc1f91","(high) Legacy venue ""Guan Zhong Wang Shi"": same city, same category (Bib); name agrees; award 10224 is second in the Fuzhou Bib card order"
"84","Guo Gong Fan Dian","Xiamen","use:ve_ebab369dd0","(high) Legacy venue ""Guogong Restaurant"": same city, same category (Bib); name agrees (国供饭店); name to rename CSV"
"85","Hall Thing (Licheng)","Quanzhou","use:ve_708f092edb","(medium) Legacy venue ""Licheng District, Quanzhou"": same city, same category (Bib), same price tier ($$ / ¥¥); award 11768 sits between De Wen and Jian Lai Fa; Hall Thing (Licheng) is the only card in that slot and the district agrees; name to rename CSV"
"86","Hao Shi Lai","Xiamen","use:ve_5c2048e226","(high) Legacy venue ""好食来大排档"": its name is the Michelin Chinese name 好食来大排档 of Hao Shi Lai; same city, same category (Bib); name to rename CSV, Chinese name to name_native"
"87","Homeme18"" (Huming Road)","Xiamen","new","No legacy candidate; the legacy card order goes from Hao Shi Lai (12979) to Lao Song (12980) with no slot for Homeme18"""
"88","Hou Jie Lao Hua (216 Tonghu Road)","Fuzhou","use:ve_858d4a4ba7","(high) Legacy venue ""Backstreet Laohua"": same city, same category (Bib); 后街捞化 means back-street lao hua; award 10225 sits in the card order between Guan Zhong Wang Shi and Jing Li (match line 91, award 10226); name to rename CSV"
"89","Hu Yu Zhong Wu Qu Bian Rou","Ningde","use:ve_eda15577f1","(medium) Legacy venue ""Yuzhong County"": same city, same category (Bib), same price tier ($ / ¥); award 11434 sits between Fu Ding (11433) and Shou Ning (match line 110, 11435); name shares Yu Zhong (裕忠); the legacy name is a failed place lookup; name to rename CSV"
"90","Jian Lai Fa","Quanzhou","use:ve_37341fa372","(high) Legacy venue ""Jianlaifa Restaurant"": same city, same category (Bib); name agrees (建来发); name to rename CSV"
"92","Lai Cuo Cheng Bian Shi Dian","Xiamen","new","No legacy candidate; the legacy card order goes from Hao Shi Lai (12979) to Lao Song (12980) with no slot for Lai Cuo Cheng"
"93","Lao A Bo","Quanzhou","new","No legacy candidate; the legacy card order goes from Jian Lai Fa (11769) to Luo Ji (11770) with no slot for Lao A Bo"
"94","Lao Song Bian Shi Dian","Xiamen","use:ve_19c49ddd1f","(high) Legacy venue ""Laosongbian Food Shop"": same city, same category (Bib); 劳松扁食店 = Lao Song bian shi dian; name to rename CSV"
"95","Lin Yi Nen Ming Pai Zhu Xue Hua","Fuzhou","new","No legacy candidate; the legacy card order goes from Jing Li (10226) to Longkushan (10227) with no slot for Lin Yi Nen"
"96","Longkushan Eatery","Fuzhou","use:ve_27c58623d2","(high) Legacy venue ""Longkushan Food Store"": same city, same category (Bib); name agrees; name to rename CSV"
"97","Lu Niang Zi (Huli)","Xiamen","new","No legacy candidate; the legacy card order goes from Lao Song (12980) to Ming Yue (12981) with no slot for Lu Niang Zi"
"98","Luo Ji Mian Xian Hu","Quanzhou","use:ve_983ce43901","(high) Legacy venue ""Luojimian Line Hu"": same city, same category (Bib); 罗记面线糊 = Luo Ji mian xian hu (面线 = noodle line); name to rename CSV"
"99","Mei Ya Bo Hua Sheng Tang","Fuzhou","use:ve_16e9923170","(medium) Legacy venue ""Huashengtang"": same city, same category (Bib), same price tier ($ / ¥); 花生汤 = hua sheng tang; award 10228 sits between Longkushan (10227) and Min Shi Fu (10229), so the card is Mei Ya Bo, not Ye Jia Hua Sheng Tang (line 122); name to rename CSV"
"100","Min Shi Fu","Fuzhou","use:ve_e6415390b3","(medium) Legacy venue ""Minwei Restaurant"": same city, same category (Bib), same price tier ($$ / ¥¥); award 10229 sits between Mei Ya Bo and Shan Hai Nan Yan; Min Shi Fu is the only card in that slot; name shares Min (闽); name to rename CSV"
"101","Ming Yue Xia Mian (Xiahe Road)","Xiamen","use:ve_ab77079d98","(high) Legacy venue ""Mingyue Xiamian"": same city, same category (Bib); name agrees (明月虾面); name to rename CSV"
"102","Minnan Minnan (Siming)","Xiamen","use:ve_545d5d504b","(high) Legacy venue ""Minhe South"": same city, same category (Bib); the Michelin Chinese name 闽和南 reads Min He Nan (Minhe South); name to rename CSV"
"103","Ning Chuan Zu Yao Yu Wan","Ningde","new","No legacy candidate; the Ningde legacy block has 3 rows and all 3 are taken (lines 81, 89, 110)"
"104","Pan Ya Yuan","Xiamen","new","Possible legacy partner ""Pan Pacific Xiamen"" (ve_a8506ea06f, award 12983, $$) fits the slot for Pan Ya Yuan or Panda's (line 105); the Michelin page puts Pan Ya Yuan inside Huihe Stone Cultural Park, not in a hotel; no checkable link; under-merge; the legacy venue goes to the cleanup list"
"105","Panda's","Xiamen","new","Possible legacy partner ""Pan Pacific Xiamen"" (ve_a8506ea06f) fits the slot for Pan Ya Yuan (line 104) or Panda's; the Michelin page puts Panda's at 170 Xiangdianli, Huli; no checkable link; under-merge"
"106","Shan Gu Tang (Xiahe Road)","Xiamen","use:ve_ecff937fc5","(medium) Legacy venue ""Zhongshan Road"", award 12984 ($ / ¥), the only row between Pan Pacific (12983) and Shan Li Yan (12985), and Shan Gu Tang is the only card in that slot; Rule 6b (Ben ruling Sep 27): the run puts this one legacy row on this card and the legacy price agrees; the venue holds no other award; the legacy name is a street name, not a restaurant, so it cannot own this row (lookup noise); name to rename CSV; consistent with line 109; judgment item 3 resolved Sep 27"
"107","Shan Hai Nan Yan","Fuzhou","use:ve_8eebb0534c","(medium) Legacy venue ""Nan'ao Shan"": same city, same category (Bib), same price tier ($$ / ¥¥); award 10230 sits between Min Shi Fu and Shang Xing; Shan Hai Nan Yan is the only card in that slot; name shares Nan and Shan; name to rename CSV"
"108","Shan Li Yan Sha Cha Mian","Xiamen","use:ve_7874ea5ed1","(medium) Legacy venue ""Sili Noodles With Barbeque Sauce"": same city, same category (Bib), same price tier ($ / ¥); award 12985 sits after Shan Gu Tang and before the $$ slot 12986, so Shan Li Yan is the only card that fits; 沙茶面 (sha cha mian) is the barbecue-sauce noodle and the name shares Li; name to rename CSV"
"109","Shang Xing","Fuzhou","use:ve_3966886aeb","(medium) Legacy venue ""Shangxiahang"": same city, same category (Bib), same price tier ($$ / ¥¥); award 10231 is the next slot after Shan Hai Nan Yan; name shares Shang X-; note: Shangxiahang is a Taijiang district and Michelin puts Shang Xing at 41-3 Beierhuan Middle Road, Gulou, so the legacy name is a district-level lookup, not a restaurant; name to rename CSV"
"111","Si Xia Li (Huli)","Xiamen","new","Possible legacy partner ""Liunian Privacy Kitchen"" (ve_4fd25151b1, award 12986, $$) fits the slot for Si Xia Li or Tong'an Fan Dian (line 112); two ¥¥ candidates, no checkable link; under-merge; the legacy venue goes to the cleanup list"
"112","Tong'an Fan Dian (Huachang Road)","Xiamen","new","Possible legacy partner ""Liunian Privacy Kitchen"" (ve_4fd25151b1) fits the slot for Si Xia Li (line 111) or Tong'an Fan Dian; two candidates, no checkable link; under-merge"
"113","Wai Tou Niu Rou (Meiling Road)","Quanzhou","new","Legacy ""Lucky Zhang's (8大道张家興)"" (award 11771) sits in the slot for Wai Tou or Zhang Lin; the Zhang name points to Zhang Lin (line 128); no legacy row left for Wai Tou"
"114","Wu Lan Sha Cha Mian","Xiamen","new","No legacy candidate; the legacy card order goes from Liunian (12986) to Wu Tang (12987) and the one slot there is $$, Wu Lan is ¥"
"115","Wu Tang Sha Cha Mian","Xiamen","use:ve_f8917f2b64","(high) Legacy venue ""Wutang Noodles With Barbeque Sauce"": same city, same category (Bib); 乌糖沙茶面 = Wu Tang sha cha mian; name to rename CSV"
"116","Wuwei Natural Food","Xiamen","use:ve_5b34bc394e","(high) Legacy venue ""Wu Wei Shu Shi"": same city, same category (Bib); the Michelin Chinese name 无味舒食 reads Wu Wei Shu Shi; name to rename CSV"
"117","Xian Xiong Qi","Xiamen","new","Possible legacy partner ""Chaofucheng Restaurant"" (ve_f54a56aa5f, award 12989, $$) fits the slot for Xian Xiong Qi, Xiang Mo Jin Nian (line 118) or Xiao Cheng Xi (line 119); three ¥¥ candidates, no checkable link; under-merge; the legacy venue goes to the cleanup list"
"118","Xiang Mo Jin Nian","Xiamen","new","Possible legacy partner ""Chaofucheng Restaurant"" (ve_f54a56aa5f) has three ¥¥ candidates (lines 117, 118, 119); no checkable link; under-merge"
"119","Xiao Cheng Xi","Xiamen","new","Possible legacy partner ""Chaofucheng Restaurant"" (ve_f54a56aa5f) has three ¥¥ candidates (lines 117, 118, 119); no checkable link; under-merge"
"120","Xiao Dong Men Niu Rou Shui Fen Lao Dian","Ningde","new","No legacy candidate; the Ningde legacy block has 3 rows and all 3 are taken (lines 81, 89, 110)"
"121","Xingxian (Mawei)","Fuzhou","new","No legacy row for Xingxian (Mawei): legacy ""Xingxian Restaurant"" ve_aa194713b5 holds 10223 ($), the A Xin Xian Lao slot, and goes to line 69 (rule 6b, Ben ruling Sep 27); this card is ¥¥; judgment item 1 resolved Sep 27"
"122","Ye Jia Hua Sheng Tang","Fuzhou","new","Possible legacy partner ""InterContinental Fuzhou"" (ve_8bdd363d0b, award 10232, $) fits the slot for Ye Jia or Yi Qiang (line 123); two candidates, no checkable link; under-merge; the legacy venue goes to the cleanup list"
"123","Yi Qiang (Dadao Road)","Fuzhou","new","Possible legacy partner ""InterContinental Fuzhou"" (ve_8bdd363d0b, award 10232, $) fits the slot for Ye Jia (line 122) or Yi Qiang; two candidates, no checkable link; under-merge"
"124","Yi Tong Lou","Fuzhou","use:ve_43df8a2af9","(medium) Legacy venue ""Tongli Rouyan Laopu"": same city, same category (Bib), same price tier ($$ / ¥¥); award 10233 sits just before Yong Zhou Ji (10234) and Yi Tong Lou is the only ¥¥ card in that slot; name shares Tong; note: the legacy name can be a separate meat-swallow shop, Fable can examine; name to rename CSV"
"125","Yong Zhou Ji Bian Rou (Jinrong South Road)","Fuzhou","use:ve_5782845a81","(high) Legacy venue ""Jinrong South Road"": same city, same category (Bib); the Michelin card name gives the address (Jinrong South Road); award 10234 is in the Y slot of the card order; name to rename CSV"
"126","Yu Xian Lou","Fuzhou","use:ve_8ddc148987","(high) Legacy venue ""Yuxiandu"": same city, same category (Bib); name agrees (鱼仙 = Yu Xian); award 10235 is last in the Fuzhou Bib card order; name to rename CSV"
"127","Yue Hua Sha Cha Mian","Xiamen","use:ve_16ecb158f6","(high) Legacy venue ""月华沙茶面"": its name is the Michelin Chinese name 月华沙茶面 of Yue Hua Sha Cha Mian; same city, same category (Bib); name to rename CSV, Chinese name to name_native"
"128","Zhang Lin A Shan Jiang Mu Ya","Quanzhou","use:ve_9e3ff3f767","(medium) Legacy venue ""Lucky Zhang's（ 8大道张家興）"": same city, same category (Bib), same price tier ($ / ¥); award 11771 sits between Luo Ji and Zhong Ji (match line 130); the candidates are Wai Tou and Zhang Lin, and the family name 张 (Zhang) agrees with Zhang Lin; Michelin says Zhang Lin opened in 1999 under a different name; name to rename CSV, Chinese part of the name to name_native only after Ben confirms"
"129","Zhen Zhen Hai Li Jian","Xiamen","use:ve_e2e5854a3f","(medium) Legacy venue ""Luchengxuan"": same city, same category (Bib), same price tier ($ / ¥); award 12991 comes after Yue Hua (12990), last in the card order; Zhen Zhen Hai Li Jian is the only card after Yue Hua; no name link; name to rename CSV"
"131","Zhuang Ji Quan Fu Lu Mian Guan","Quanzhou","use:ve_d658df99a8","(medium) Legacy venue ""Jiufu Minnan Flavor"": same city, same category (Bib), same price tier ($ / ¥); award 11773 comes after Zhong Ji (11772, match line 130), last in the card order; Zhuang Ji is the only card after Zhong Ji; name to rename CSV"
"134","Taian Table","Guangzhou","use:ve_1f3c3fd54c","(high) Venue ""Taian Men"" (La Liste 2026 95.5, no Michelin row): same city; Taian Men is the pinyin of 泰安门, the Chinese name Michelin gives Taian Table; the only Taian venue in Guangzhou; the stage candidate Tai'an Table (Shanghai) is a separate restaurant; the legacy data has no Two Stars row for Taian Table; name to rename CSV"
"135","The Bay by Chef Fei","Shenzhen","new","Shenzhen has no legacy Michelin rows; no Shenzhen venue with a name link; Shenzhen is new in the 2026 edition"
"136","Yun Jing","Shenzhen","new","Shenzhen has no legacy Michelin rows; no Shenzhen venue with a name link"
"137","BingSheng Mansion (Xiancun Road)","Guangzhou","use:ve_346f053e97","(high) Legacy venue ""Bingsheng Taste"": same city, same category (One Star 2025), same price tier ($$$ / ¥¥¥); award 5219, the first One Star row; the Guangzhou legacy rows hold the 2025 edition, so the card order is the 2025 order; BingSheng Mansion is the first 2025 One Star card; brand name agrees (Bingsheng); the other BingSheng card goes to Sichu (line 138); unique both ways; the venue also holds orphan Bib row 5220 (cleanup list); name to rename CSV"
"138","BingSheng Private Kitchen (Tianhe East Road)","Guangzhou","use:ve_de7979639f","(high) Legacy venue ""Sichu"": same city, same category (One Star 2025), same price tier ($$$ / ¥¥¥); award 5222, the second One Star row; Sichu is the pinyin of 私厨 (Private Kitchen), and Michelin gives 炳胜私厨; unique both ways; name to rename CSV"
"139","Chao Shang Chao","Shenzhen","new","Shenzhen has no legacy Michelin rows; Chao Shang Chao in Beijing (line 1) is a separate branch"
"140","Chōwa","Guangzhou","use:ve_1acc9ddd6e","(medium) Legacy venue ""Guangzhou Restaurant"": same city, same category (One Star 2025), same price tier ($$$$ / ¥¥¥¥); award 5224 sits between Sichu (5222, line 138) and Hongtufu (5226, line 143); the Guangzhou legacy rows hold the 2025 edition, so the card order is the 2025 order; Chōwa is the only 2025 One Star card in that slot (new One Star in 2025); the legacy name is the city name, so it gives no evidence; the venue also holds a Best Chef 2025 2-Knife row that I did not examine; name to rename CSV"
"142","Fumée","Shenzhen","new","Shenzhen has no legacy Michelin rows; no Shenzhen venue with a name link"
"143","Hongtu Hall","Guangzhou","use:ve_6340373046","(high) Legacy venue ""Hongtufu Restaurant"": same city, same category (One Star 2025), same price tier ($$ / ¥¥); Hongtufu is the pinyin of 宏图府, the Chinese name Michelin gives Hongtu Hall; award 5226 sits before Imperial Treasure Fine Teochew (5227, match line 144); unique both ways; name to rename CSV"
"145","Jade River","Guangzhou","use:ve_cbb08ffdee","(high) Venue ""Yutang Chunnuan Restaurant"" (La Liste 2026 93, no Michelin row): same city; Yutang Chunnuan is the pinyin of 玉堂春暖, the Chinese name Michelin gives Jade River; the only venue with that name in Guangzhou; the legacy Michelin row for Jade River sits on a second venue, ""Jade Garden"" ve_23e6576d23 (award 5228), which goes to the cleanup list as a merge candidate; name to rename CSV"
"146","Lai Heen","Guangzhou","new","Review row (same_key_other_city): the stage found Lai Heen in Macau and Hong Kong only; Guangzhou Lai Heen (Ritz-Carlton) is a separate branch; the legacy Guangzhou One Star rows have no row in the Lai Heen position (5228 Jade Garden, then 5229 Lingnan)"
"147","Lei Garden (Yuexiu)","Guangzhou","use:ve_8517995e19","(high) Legacy venue ""Lei Garden"": same city, same category (One Star 2025), same price tier ($$ / ¥¥); award 20847 (outside the main One Star block); name agrees; the only Lei Garden venue in Guangzhou; name to rename CSV"
"148","Lingnan House","Guangzhou","use:ve_a4cfa692ff","(high) Legacy venue ""Lingnan Restaurant"": same city, same category (One Star 2025), same price tier ($$$ / ¥¥¥); award 5229 comes after Jade Garden (5228), in the Lingnan House position; name agrees (Lingnan); unique both ways; name to rename CSV"
"149","Opus 388","Shenzhen","new","Shenzhen has no legacy Michelin rows; no Shenzhen venue with a name link"
"150","Song","Guangzhou","new","No legacy One Star row in the Song position: between Lingnan (5229) and Wisca (5232) the only row is 5231 ""Four Seasons Hotel"" ($$$$), and Song is ¥¥; legacy Bib venue ""Song Sichuan Cuisine"" ve_5bb470fe65 carries this name but holds a Bib row (see line 202)"
"151","Stiller","Guangzhou","new","No legacy One Star row fits: the only row in the slot (5231 ""Four Seasons Hotel"") is $$$$ and Stiller is ¥¥¥"
"152","Suyab Courtyard・Pickmoon Gourmet","Guangzhou","new","Legacy row 5231 ""Four Seasons Hotel"" ($$$$) sits in this slot, but two 2025 cards fit it (Rêver, closed in 2026, and Suyab); Michelin puts Suyab in Panyu, not in a Four Seasons hotel; hotel name contradicts, and no name links; legacy venue to the cleanup list"
"153","Wisca (Haizhu)","Guangzhou","use:ve_e5e6bb6ea3","(medium) Legacy venue ""South China Agricultural University Wisca Reataurant"": same city, same category (One Star 2025), same price tier ($$ / ¥¥); award 5232 comes before Yu Garden (5233, match line 157); name agrees (Wisca), the only Wisca card; but the legacy name puts the venue at another Wisca branch (university campus, Tianhe), not Haizhu; same pattern as Fujian line 109; name to rename CSV"
"154","Xin Ji","Guangzhou","new","No legacy One Star row between Wisca (5232) and Yu Garden (5233, match line 157); legacy Bib venue ""Xinji Seafood Restaurant"" ve_680ba6ae90 carries this name but holds a Bib row (see line 220)"
"155","Xin Rong Ji","Shenzhen","new","Review row (same_key_other_city): the stage found Xin Rong Ji in Taizhou, Shanghai, Beijing and Hong Kong only; Shenzhen has no legacy Michelin rows; separate branch"
"156","Yong","Guangzhou","new","No legacy One Star row between Wisca (5232) and Yu Garden (5233, match line 157)"
"158","Yu Yue Heen","Guangzhou","use:ve_3959d1eab4","(high) Legacy venue ""Yu Yue Heen - Four Seasons Hotel Guangzhou"": same city, same category (One Star 2025), same price tier ($$$$ / ¥¥¥¥); award 5234, last in the One Star block; name agrees; the "" - Four Seasons Hotel Guangzhou"" part is a hotel suffix and must not stay in venues.name (Sep 14 ruling); name to rename CSV"
"159","Baode (Dunhe Road)","Guangzhou","new","Baode (Dunhe Road) is not in the 2025 Bib list; no legacy Bib row before Chuang Fa (10330)"
"160","Chuang Fa","Guangzhou","use:ve_1b2c03f776","(high) Legacy venue ""创发茶餐厅"": same city, same category (Bib Gourmand 2025), same price tier ($ / ¥); award 10330, the first Bib row; Chinese name agrees (创发); Chinese-script name to name_native first; name to rename CSV"
"161","Cuihu (Nanshan)","Shenzhen","new","Shenzhen has no legacy Michelin rows; no Shenzhen venue with a name link"
"162","Da Ge Fan (Tangxiayong West Road)","Guangzhou","use:ve_b69e4aa4be","(high) Legacy venue ""Dagefan"": same city, same category (Bib Gourmand 2025), same price tier ($$ / ¥¥); award 10331; Dagefan is the pinyin of 大鸽饭; unique both ways; name to rename CSV"
"163","Da Tang Liang Tang","Shenzhen","new","Shenzhen has no legacy Michelin rows; no Shenzhen venue with a name link"
"164","Dai Yong Town","Guangzhou","new","No legacy Bib row between Dagefan (10331) and 达杨原味炖品 (10332); Dai Yong Town is missing from the legacy snapshot"
"165","Dayang (Wenming Road)","Guangzhou","use:ve_9a84effcd4","(high) Legacy venue ""达杨原味炖品"": same city, same category (Bib Gourmand 2025), same price tier ($ / ¥); award 10332; Chinese name reads the same (达杨/达扬原味炖品, both Dayang); Chinese-script name to name_native first; name to rename CSV"
"166","Dioswa Bistro","Shenzhen","new","Shenzhen has no legacy Michelin rows; no Shenzhen venue with a name link"
"167","E Qian Ya Hou","Guangzhou","new","E Qian Ya Hou is not in the 2025 Bib list; no legacy Bib row fits"
"168","Ease (Yuexiu)","Guangzhou","use:ve_0e534fbaaf","(high) Legacy venue ""Rongyi"": same city, same category (Bib Gourmand 2025), same price tier ($$ / ¥¥); award 10333; Rongyi is the pinyin of 榕意, the Chinese name Michelin gives Ease; unique both ways; name to rename CSV"
"169","Enning Liu Fu Ji (Donghua East Road)","Guangzhou","use:ve_3b5cc5997a","(high) Legacy venue ""Sining Liufuji"": same city, same category (Bib Gourmand 2025), same price tier ($ / ¥); award 10334; name agrees (Liufuji = Liu Fu Ji, 刘福记); unique both ways; name to rename CSV"
"170","Fa Sing Garden (Jinsui Road)","Guangzhou","use:ve_7c2a8db0cc","(medium) Legacy venue ""Bingsheng Seafood Restaurant"": same city, same category (Bib Gourmand 2025), same price tier ($$ / ¥¥); award 10335 sits between Sining Liufuji (10334, line 169) and Feitun Rougu Tea (10336, line 172); the Guangzhou legacy rows hold the 2025 edition, so the card order is the 2025 order; Fa Sing Garden is the only 2025 card in that slot; the legacy name is another restaurant brand, not a card in this guide, so it gives no evidence; name to rename CSV"
"171","Fat Kee","Shenzhen","new","Shenzhen has no legacy Michelin rows; no Shenzhen venue with a name link"
"172","FT · Bak Kut Teh (Yuexiu)","Guangzhou","use:ve_36e6b1664a","(high) Legacy venue ""Feitun Rougu Tea"": same city, same category (Bib Gourmand 2025), same price tier ($ / ¥); award 10336; Feitun Rougu Tea is the pinyin of 肥豚肉骨茶 (FT · Bak Kut Teh); unique both ways; name to rename CSV"
"173","Gao San Jie Dou Hua Dian","Shenzhen","new","Shenzhen has no legacy Michelin rows; no Shenzhen venue with a name link"
"174","Ge Ji Mei Ji Xian","Shenzhen","new","Shenzhen has no legacy Michelin rows; no Shenzhen venue with a name link"
"175","Hai Men Yu Zi Dian (Yanling Road)","Guangzhou","use:ve_02939d941a","(high) Legacy venue ""Haimen Yuzai Shop"": same city, same category (Bib Gourmand 2025), same price tier ($$ / ¥¥); award 10337; name agrees (海门鱼仔店); unique both ways; name to rename CSV"
"176","Hai Xian Jie Cai Guan","Guangzhou","use:ve_be11ec0b37","(high) Legacy venue ""Haixian Street Restaurant"": same city, same category (Bib Gourmand 2025), same price tier ($$ / ¥¥); award 10338; name agrees (海鲜街 = Haixian Street); unique both ways; name to rename CSV"
"177","Hua Ge Si Chu","Guangzhou","use:ve_00c898a89c","(high) Legacy venue ""Huage Privacy Kitchen"": same city, same category (Bib Gourmand 2025), same price tier ($ / ¥); award 10339; name agrees (华哥私厨 = Huage private kitchen); unique both ways; name to rename CSV"
"178","Hua Zhou B Ji Fan Dian","Shenzhen","new","Shenzhen has no legacy Michelin rows; no Shenzhen venue with a name link"
"179","Hui Xing Yuan","Guangzhou","use:ve_4ed10d8cc8","(high) Legacy venue ""Huixingyuan Restaurant"": same city, same category (Bib Gourmand 2025), same price tier ($ / ¥); award 10340; name agrees (汇兴源); unique both ways; name to rename CSV"
"180","Hunan Cuisine","Guangzhou","use:ve_466ef261dc","(medium) Legacy venue ""Hunan Restaurant"": same city, same category (Bib Gourmand 2025), same price tier ($$ / ¥¥); award 10341; between Huixingyuan (10340, line 179) and Jianji (10343, line 182) there are 2 legacy rows ($$, $) and 2 2025 cards (Hunan Cuisine ¥¥, Jia Yuan ¥), the same price pattern; the legacy name is a cuisine name, so it gives little evidence; name to rename CSV"
"181","Jia Yuan","Guangzhou","use:ve_b47c884651","(medium) Legacy venue ""Yayuan Restaurant"", award 10342 ($ / ¥); Rule 6b (Ben ruling Sep 27): the run puts this one legacy row on this card and the legacy price agrees; the venue holds no other award; the legacy name is card Ya Yuan (line 223), which is ¥¥, not $, so it cannot own this row (lookup noise); name to rename CSV; judgment item G1 resolved Sep 27"
"182","Jian Ji (Liwan)","Guangzhou","use:ve_ad61d5e039","(high) Legacy venue ""Jianji Noodles Restaurant"": same city, same category (Bib Gourmand 2025), same price tier ($ / ¥); award 10343; name agrees (坚记, Jian Ji); unique both ways; name to rename CSV"
"183","Jie Yang Lao Er Guo Tiao Tang","Shenzhen","new","Shenzhen has no legacy Michelin rows; no Shenzhen venue with a name link"
"184","Jiu Jiu Noodle","Shenzhen","new","Shenzhen has no legacy Michelin rows; no Shenzhen venue with a name link"
"185","Lao Xiguan Laifen (Wenming Road)","Guangzhou","use:ve_16e5a2e0f0","(high) Legacy venue ""Lao Xiguan Laifen"": same city, same category (Bib Gourmand 2025), same price tier ($ / ¥); award 10344; name agrees; unique both ways; name to rename CSV"
"186","Liang Jie Nanning Pumiao Shengzha Mifen","Guangzhou","use:ve_4f80d1c56e","(high) Legacy venue ""Liangjie Nanning Pu Miao Sheng Zha Rice Noodle"": same city, same category (Bib Gourmand 2025), same price tier ($ / ¥); award 10345; name agrees; unique both ways; name to rename CSV"
"187","Lingnan Haiyanlou (Binjiang East Road)","Guangzhou","use:ve_348be5a2fb","(medium) Legacy venue ""LN Hotel Five"": same city, same category (Bib Gourmand 2025), same price tier ($$ / ¥¥); award 10346 sits between Liangjie (10345, line 186) and Minji Food (10347, line 192); the Guangzhou legacy rows hold the 2025 edition, so the card order is the 2025 order; the price fits Lingnan Haiyanlou (¥¥), not Mamak (¥); ""LN"" is the Lingnan group short name; Michelin puts the restaurant at 2-3F, Jiangpan Huating, 1040 Binjiang East Road, not in a hotel, so the hotel part of the legacy name does not agree; name to rename CSV"
"188","Little Tok Panjang","Shenzhen","new","Shenzhen has no legacy Michelin rows; no Shenzhen venue with a name link"
"189","Mai Yu Lao Sha Guo Zhou","Shenzhen","new","Shenzhen has no legacy Michelin rows; no Shenzhen venue with a name link"
"190","Mamak","Guangzhou","new","Legacy row 10347 ""Minji Food"" sits in the Mamak / Mian Ji slot, and its name links to Mian Ji (line 192); no legacy row left for Mamak"
"191","Mei Lu Xiao Chu","Guangzhou","new","Mei Lu Xiao Chu is not in the 2025 Bib list; no legacy Bib row fits"
"192","Mian Ji (Yuexiu)","Guangzhou","use:ve_40135edd08","(medium) Legacy venue ""Minji Food"": same city, same category (Bib Gourmand 2025), same price tier ($ / ¥); award 10347 sits between LN Hotel Five (10346, line 187) and 南园酒家 (10348, line 193); the Guangzhou legacy rows hold the 2025 edition, so the card order is the 2025 order; two 2025 cards fit (Mamak, Mian Ji), and the name fragment Minji is close to Mianji (勉记); name to rename CSV"
"193","Nan Yuan","Guangzhou","use:ve_51d39ce232","(high) Legacy venue ""南园酒家"": same city, same category (Bib Gourmand 2025), same price tier ($$ / ¥¥); award 10348; Chinese name agrees exactly (南园酒家); agrees with the simulation hint; Chinese-script name to name_native first; name to rename CSV"
"194","Pier 3","Shenzhen","new","Shenzhen has no legacy Michelin rows; no Shenzhen venue with a name link"
"195","Qi Cun Da Tou Hui","Guangzhou","use:ve_1cbfbbefdc","(medium) Legacy venue ""Taotaoju"": same city, same category (Bib Gourmand 2025), same price tier ($$ / ¥¥); award 10354; in 2025 Michelin named this card ""Taste Soar × Da Tou Hui"" (the 2026 URL keeps that slug), so it sorts under T; between Soodle (10352, line 203) and Tong Ji (10356, line 208) there are 3 legacy rows ($$, $$, $) and 3 2025 cards (Stay Here ¥¥, Taste Soar ¥¥, Temple Street ¥), the same price pattern; the legacy name is another restaurant brand, not a card in this guide; name to rename CSV"
"196","Rex Shan Shui Chang Fen","Shenzhen","new","Shenzhen has no legacy Michelin rows; no Shenzhen venue with a name link"
"197","Rong Yi Fa Niu Za Dian (Yuexiu)","Guangzhou","use:ve_14f90c6a05","(high) Legacy venue ""容易发牛杂店"": same city, same category (Bib Gourmand 2025), same price tier ($ / ¥); award 10349; Chinese name reads the same (容易发 / 容意发牛杂店, both Rong Yi Fa); Chinese-script name to name_native first; name to rename CSV"
"198","Ru Yi Chuan Tong Zhu Sheng Mian","Guangzhou","new","Ru Yi Chuan Tong Zhu Sheng Mian is not in the 2025 Bib list; no legacy Bib row fits"
"199","Sa Er Ta Dongxiang Shou Zhua","Guangzhou","use:ve_4a18464f0a","(high) Legacy venue ""Sa'erta Dongxiang Shouzhua Restaurant"": same city, same category (Bib Gourmand 2025), same price tier ($$ / ¥¥); award 10350; name agrees; unique both ways; name to rename CSV"
"200","Show Hands","Shenzhen","new","Shenzhen has no legacy Michelin rows; no Shenzhen venue with a name link"
"201","Si Mao Cai Guan","Guangzhou","new","Si Mao Cai Guan is not in the 2025 Bib list; no legacy Bib row fits"
"202","Song Yuan","Guangzhou","use:ve_5bb470fe65","(medium) Legacy venue ""Song Sichuan Cuisine"", award 10351 ($$ / ¥¥); Rule 6b (Ben ruling Sep 27): the run puts this one legacy row on this card and the legacy price agrees; the venue holds no other award; the legacy name is card Song (line 150), which is One Star, and the row is Bib, so it cannot own this row (lookup noise); name to rename CSV; judgment item G1 resolved Sep 27"
"203","Soodle","Guangzhou","use:ve_214cfada26","(high) Legacy venue ""Shudao Soodle (Kaihua Int'l. Shop)"": same city, same category (Bib Gourmand 2025), same price tier ($$ / ¥¥); award 10352; name agrees (Soodle; Shudao is the pinyin of 蔬稻); unique both ways; name to rename CSV"
"204","Stay Here","Guangzhou","use:ve_a3e49b0fb3","(medium) Legacy venue ""Sheraton Guangzhou Hotel"", award 10353 ($$ / ¥¥); Rule 6b (Ben ruling Sep 27): the run puts this one legacy row on this card and the legacy price agrees; the venue holds no other award; the legacy name is a hotel at another address (208 Tianhe Road), so it cannot own this row (lookup noise); name to rename CSV; judgment item G1 resolved Sep 27"
"205","Tai Shan Lao Biao Xian Tang Yuan (Xihua Road)","Guangzhou","new","Tai Shan Lao Biao Xian Tang Yuan is not in the 2025 Bib list; no legacy Bib row fits"
"206","Tai Shan Lao Huang Shan Fan","Shenzhen","new","Shenzhen has no legacy Michelin rows; no Shenzhen venue with a name link"
"207","Temple Street","Guangzhou","use:ve_60213ad03e","(medium) Legacy venue ""Beijing Road Pedestrian Street Comprehensive Management Office"": same city, same category (Bib Gourmand 2025), same price tier ($ / ¥); award 10355; last row of the 3-row run before Tong Ji (see line 195); Temple Street is the last card in the run; the legacy name is a place name, so it gives no evidence; name to rename CSV"
"208","Tong Ji","Guangzhou","use:ve_326f6967cf","(high) Legacy venue ""同记鸡粥"": same city, same category (Bib Gourmand 2025), same price tier ($ / ¥); award 10356; Chinese name agrees (同记); Chinese-script name to name_native first; name to rename CSV"
"209","Wei Shi Jia","Guangzhou","use:ve_d786202a4e","(high) Legacy venue ""Weishi Furniture Fangcai"": same city, same category (Bib Gourmand 2025), same price tier ($ / ¥); award 10357; Weishi is the pinyin of 味食 (味食家); unique both ways; name to rename CSV"
"210","Wen Ji Yixinji","Guangzhou","use:ve_931133988a","(medium) Legacy venue ""Wenjian"": same city, same category (Bib Gourmand 2025), same price tier ($$ / ¥¥); award 10358 sits between Weishi (10357, line 209) and Xiangqun (10359, line 212); the Guangzhou legacy rows hold the 2025 edition, so the card order is the 2025 order; Wen Ji Yixinji is the only 2025 card in that slot; the name fragment Wen agrees; name to rename CSV"
"211","Wuchuan Hao Wei Lai","Guangzhou","new","Wuchuan Hao Wei Lai is not in the 2025 Bib list; no legacy Bib row fits"
"212","Xiang Qun (Longjin East Road)","Guangzhou","use:ve_594cd8ed54","(high) Legacy venue ""Xiangqun Restaurant"": same city, same category (Bib Gourmand 2025), same price tier ($ / ¥); award 10359; name agrees (向群); unique both ways; name to rename CSV"
"213","Xiao Fu Rong","Shenzhen","new","Shenzhen has no legacy Michelin rows; no Shenzhen venue with a name link"
"214","Xiao Long Niu Rou Mian (Futian)","Shenzhen","new","Shenzhen has no legacy Michelin rows; no Shenzhen venue with a name link"
"215","Xiguan Zhuyuan (Lizhiwan)","Guangzhou","new","Legacy row 10360 ""Xiguan Zhuyuan"" is one row for two cards (Lizhiwan and Shiba Fu, both ¥); no name, address or Chinese name picks one; rule: both new, legacy venue to the cleanup list"
"216","Xiguan Zhuyuan (Shiba Fu)","Guangzhou","new","Legacy row 10360 ""Xiguan Zhuyuan"" is one row for two cards (Lizhiwan and Shiba Fu, both ¥); no name, address or Chinese name picks one; rule: both new, legacy venue to the cleanup list"
"217","Xin Hu Cun Cu Rou (Longhua Jianshe Road)","Shenzhen","new","Shenzhen has no legacy Michelin rows; no Shenzhen venue with a name link"
"218","Xin Ji Ke Jia Wei Dao","Shenzhen","new","Shenzhen has no legacy Michelin rows; no Shenzhen venue with a name link"
"219","Xin Tai Le (Yuexiu)","Guangzhou","use:ve_386b5b5e79","(high) Legacy venue ""新泰乐黄鳝专门店"": same city, same category (Bib Gourmand 2025), same price tier ($$ / ¥¥); award 10361; Chinese name agrees (新泰乐); Chinese-script name to name_native first; name to rename CSV"
"220","Xin Wen Ji (Panfu Road)","Guangzhou","use:ve_680ba6ae90","(medium) Legacy venue ""Xinji Seafood Restaurant"", award 10362 ($$ / ¥¥); Rule 6b (Ben ruling Sep 27): the run puts this one legacy row on this card and the legacy price agrees; the venue holds no other award; the legacy name is card Xin Ji (line 154), which is One Star, and the row is Bib, so it cannot own this row (lookup noise); name to rename CSV; judgment item G1 resolved Sep 27"
"221","Xing Fu Yi Zhan (Yulei Third Street)","Guangzhou","use:ve_1907996693","(high) Legacy venue ""Happiness Station"": same city, same category (Bib Gourmand 2025), same price tier ($$ / ¥¥); award 10363; Happiness Station is the English of 幸福驿站 (Xing Fu Yi Zhan); unique both ways; name to rename CSV"
"222","Xingning Ke Jia Cai Guan (Meicun Road)","Shenzhen","new","Shenzhen has no legacy Michelin rows; no Shenzhen venue with a name link"
"223","Ya Yuan","Guangzhou","new","Legacy row 10364 ""Qiaomeishijia"" ($$) sits after Happiness Station, and two 2025 ¥¥ cards fit it (Ya Yuan, Yao Ji) with no name link; legacy venue ""Yayuan Restaurant"" carries this name but sits in the Jia Yuan slot (line 181); rule: new"
"224","Yao Ji","Guangzhou","new","Legacy row 10364 ""Qiaomeishijia"" ($$) fits two 2025 cards (Ya Yuan, Yao Ji) and no name links; rule: both new, legacy venue to the cleanup list"
"225","Yong Zuo","Guangzhou","use:ve_d399685f96","(medium) Legacy venue ""Yongli Restaurant"": same city, same category (Bib Gourmand 2025), same price tier ($ / ¥); award 10365 sits between Qiaomeishijia (10364) and Zhuzaiji (10366, line 230); the Guangzhou legacy rows hold the 2025 edition, so the card order is the 2025 order; two ¥ cards fit (Yong Zuo, Zhou Men), and the name fragment Yong agrees with Yong Zuo only; name to rename CSV"
"226","Yu Yuen","Guangzhou","new","Yu Yuen is not in the 2025 Bib list; no legacy Bib row fits"
"227","Yuan Sheng Tai","Shenzhen","new","Shenzhen has no legacy Michelin rows; no Shenzhen venue with a name link"
"228","Ze 8 (Haizhu)","Guangzhou","new","No legacy Bib row fits: between Yongli (10365) and Zhuzaiji (10366) there is no row"
"229","Zhou Men","Guangzhou","new","No legacy Bib row fits: between Yongli (10365) and Zhuzaiji (10366) there is no row"
"230","Zhu Zai Ji Shi Fu (Jiangnan Avenue)","Guangzhou","use:ve_a9e4115195","(high) Legacy venue ""Zhuzaiji Restaurant Head Office"": same city, same category (Bib Gourmand 2025), same price tier ($$ / ¥); award 10366; name agrees (Zhuzaiji = Zhu Zai Ji, 朱仔记); price tier differs ($$ / ¥), which can change between editions; unique both ways; name to rename CSV"
"231","Zijin Shi Fang","Guangzhou","use:ve_3431b7271e","(high) Legacy venue ""Zijin Restaurant"": same city, same category (Bib Gourmand 2025), same price tier ($ / ¥); award 10368, the last Bib row; name agrees (紫金); legacy row 10367 ""Guangzhou Restaurant"" between Zhuzaiji and Zijin has no card (cleanup list); name to rename CSV"
"234","Amazing Chinese Cuisine (Changning)","Shanghai","use:ve_d3814835da","(high) Legacy venue ""Jingxihui"": same city, same category (Two Stars), same price tier ($$$$ / ¥¥¥¥); award 3097, the first Two Stars row; Jingxihui is the pinyin of 菁禧荟, the Chinese name Michelin gives Amazing Chinese Cuisine; name to rename CSV"
"235","Bao Li Xuan","Shanghai","use:ve_b172568649","(high) Legacy venue ""Shanghai Bvlgari Hotel-Banquet Hall"": same city, same category (Two Stars), same price tier ($$$$ / ¥¥¥¥); award 3098, the second Two Stars row; the Michelin page says that Bao Li Xuan is the Chinese restaurant of the Bvlgari Hotel (3F, Chamber of Commerce Shanghai, Lane 108 North Shanxi Road); the hotel name agrees; name to rename CSV"
"236","Canton 8 (Huangpu)","Shanghai","use:ve_821f15690f","(high) Legacy venue ""Xiyue No.8"": same city, same category (Two Stars), same price tier ($$ / ¥¥); award 3100; Xiyue No.8 reads the same as 喜粤8号 (Xi Yue 8 Hao); name to rename CSV"
"240","Ji Pin Court","Shanghai","use:ve_894c978cf0","(high) Legacy venue ""Ji Pin Xiao Xian"": same city, same category (Two Stars), same price tier ($$$ / ¥¥¥); award 3120 sits between Imperial Treasure (match, 3119) and T'ang Court (match, 3129); Ji Pin Court is the only card in that slot; the brand Ji Pin (吉品) agrees; name to rename CSV"
"244","The House of Rong","Shanghai","use:ve_8ff48e1c8f","(high) Legacy venue ""Xin Rong Ji"" is The House of Rong under its old name: the old Michelin page xin-rong-ji-nanyang-road now opens The House of Rong (170 Nanyang Road); Asia 50 Best 2021 No. 61, 2024 No. 78 and 2025 No. 82 all name Xin Rong Ji (Nanyang Road); same city, same category (Two Stars 3134), same price ($$$$ / ¥¥¥¥); judgment item S1 resolved Sep 27; name to rename CSV (name_native 荣府宴)"
"245","Tou Zao","Shanghai","use:ve_a4c83564e5","(medium) Legacy venue ""Taotaoju"": Two Stars 3136, the last Two Stars row (Tou Zao slot, 1 for 1, $$$$ / ¥¥¥¥); its Best Chef 2025 One Knife row is Tou Zao (Best Chef 2025 lists Jiang Qiaomu of Tou Zao, Shanghai); Michelin promoted Tou Zao to Two Stars in 2026; both rows are Tou Zao rows, so rule 12 does not apply; judgment item S2 resolved Sep 27; name to rename CSV"
"246","Ambré Ciel","Hangzhou","new","No legacy row fits: the first Hangzhou One Star row is 5288 (Guiyu); no free Hangzhou venue holds an Ambre Ciel award; misfile query: no hit"
"248","Carved Dragons (Jiaojiang)","Taizhou","new","The only Taizhou One Star legacy row is 8424 (Laobian), and it goes to Lao Bian Jiu Jia by name; the legacy data has no Carved Dragons row"
"249","Cheng Long Hang (Huangpu)","Shanghai","use:ve_c146f02657","(high) Legacy venue ""Chenglonghang"": same city, same category (One Star), same price tier ($$$ / ¥¥¥); award 8010, directly after Canton Table (match, 8009); Chenglonghang is the pinyin of 成隆行; name to rename CSV"
"250","Cheng Yuan","Yangzhou","use:ve_bd23f794b5","(medium) Legacy venue ""Chuanchengyuan"": same city, same category (One Star), same price tier ($$$ / ¥¥¥); award 9095 is the only Yangzhou One Star row; two cards (Cheng Yuan ¥¥¥, Shang Palace ¥¥); only Cheng Yuan has the legacy price; the legacy name contains Chengyuan (橙园); price tie-break (precedent Fujian 108 and 124); name to rename CSV"
"251","Da Dong (Xuhui)","Shanghai","use:ve_182038319c","(medium) Legacy venue ""Dadong Restaurant"": same city, same category (One Star), same price ($$$ / ¥¥¥), no other award, not used by another line; name agrees (大董); its row 8021 sits in the Gastro Esthetics slot (line 258 matched another venue), so 8021 is an orphan for the retire batch (name wins, Ben ruling Sep 27); ""Xiao Dadong"" ve_1a25a746ec is a separate brand with its own La Liste row (rule 12) and its row 8012 goes to the retire batch; judgment item S4 resolved Sep 27; name to rename CSV"
"252","Dai Yuet Heen","Nanjing","use:ve_51d92fd612","(high) Legacy venue ""The Ritz-Carlton, Nanjing"": same city, same category (One Star), same price tier ($$$ / ¥¥¥); award 6675, the first One Star row, sits before Jiangnan Wok (6677); the Michelin page puts Dai Yuet Heen at 39F, The Ritz-Carlton, 18 Zhongshan Road; the hotel name agrees; Pin Ning Fu is also in this hotel but takes 6680 by name and price; name to rename CSV"
"253","Dingshan · Jiangyan","Suzhou","new","Rule 6. The One Star row in this slot is 8339 (before Pingjiang River 8341, $$$ / ¥¥¥), but it sits on legacy venue ""Yaba Shengjian"" ve_f2972577c8; Ya Ba Sheng Jian is another card in this guide (Bib, line 448); judgment item J3; row 8339 to the retire batch"
"254","Fabula","Shanghai","use:ve_d485a840c0","(medium) Legacy venue ""Shanghai Grandmother Restaurant"": same city, same category (One Star), same price tier ($$$$ / ¥¥¥¥); award 8013 sits between Xiao Dadong (Da Dong, 8012) and Fu 1015 (8017); Fabula is the only card in that slot; the legacy name is another restaurant brand (not a card), so it gives no evidence; Fabula is new in 2026, and the legacy rows hold the 2026 edition; name to rename CSV"
"255","Fu 1015","Shanghai","use:ve_5ffdc0cb19","(high) Legacy venue ""福1015"": same city, same category (One Star), same price tier ($$$$ / ¥¥¥¥); award 8017; the name agrees (福一零一五); the venue also holds Asia 50 Best 2023 and 2024 rows; name to rename CSV"
"256","Fu 1039","Shanghai","use:ve_61f1a5a54b","(high) Legacy venue ""Fu Yi Ling San Jiu"": same city, same category (One Star), same price tier ($$$ / ¥¥¥); award 8018; Fu Yi Ling San Jiu is the pinyin of 福一零三九; name to rename CSV"
"259","Guiyu (Xihu)","Hangzhou","use:ve_70ca3373b2","(high) Legacy venue ""桂语山房高级餐厅"": same city, same category (One Star), same price tier ($$$ / ¥¥¥); award 5288, the first One Star row; the Chinese name 桂语山房 is the Michelin native name of Guiyu; La Liste 2026 row 5287 on this venue has the same name; Chinese-script name to name_native first; name to rename CSV"
"260","Hangzhou House","Hangzhou","use:ve_1dc8aff442","(medium) Legacy venue ""Grandma's Home"": same city, same category (One Star), same price tier ($$$ / ¥¥¥); award 5289 sits between Guiyu (5288) and Jin Sha (5301, match); Hangzhou House is the only card in that slot; Grandma's Home is a different brand that is not a card and the venue has no other award (no evidence, no rule 12 risk); venue ""Lanxuan Restaurant"" ve_37a333f8af (La Liste 2026 only) reads the same as 兰轩, but the Lanxuan brand has more than one branch; judgment item Z1; name to rename CSV"
"261","Huaiyang Delights (Jingan)","Shanghai","use:ve_958e8f01d5","(medium) Legacy venue ""Shanghai Delight"": same city, same category (One Star), same price tier ($$$ / ¥¥¥); award 8022 sits between the Gastro Esthetics slot (8021) and Il Ristorante (match, 8023); Huaiyang Delights is the only card in that slot; the name shares Delight; name to rename CSV"
"263","Jiangnan Wok · Yun","Nanjing","new","Rule 12. Legacy venue ""江南小灶 JiangNan Wok"" ve_1bd53c45d6 holds One Star 6677 in this slot (same price $$$$ / ¥¥¥¥), but it also holds La Liste 2026 (6676) and OAD 2025 No. 131 (6678) under the name JiangNan Wok; Jiangnan Wok (ground floor) and Jiangnan Wok · Yun (42F) are two restaurants in Shangri-La Nanjing; the Yun page says Yun is an elevated version of Jiangnan Wok; judgment item J2; row 6677 to the retire batch"
"265","Jin Xuan","Shanghai","use:ve_fb81fae00f","(high) Legacy venue ""Jin Xuan - The Ritz-Carlton Shanghai, Pudong"": same city, same category (One Star), same price tier ($$$$ / ¥¥¥¥); award 8031; the name agrees (金轩); Forbes rows name the same restaurant; name to rename CSV (remove the hotel part)"
"266","L'éclat 19","Hangzhou","use:ve_7d700ff172","(high) Legacy venue ""Vallie Hotel"": same city, same category (One Star), same price tier ($$$$ / ¥¥¥¥); award 5303 sits between Jin Sha (5301) and Longjing Manor (5304), the L'eclat 19 slot; the Michelin page puts L'eclat 19 inside Vallie Hotel, 85-3 Zhijiang Road; the hotel name agrees; name to rename CSV"
"267","Lao Bian Jiu Jia (Jindai Road)","Taizhou","use:ve_220fd92029","(high) Legacy venue ""Laobian"": same city, same category (One Star), same price tier ($$ / ¥¥); award 8424, the only Taizhou One Star row; Laobian is the pinyin of 老扁 in 老扁酒家; name to rename CSV"
"268","Lao Zheng Xing","Shanghai","use:ve_615254eaed","(high) Legacy venue ""老正兴菜馆"": same city, same category (One Star), same price tier ($$ / ¥¥); award 8032; the Chinese name agrees (老正兴); Chinese-script name to name_native first; name to rename CSV"
"269","le Comptoir de Pierre Gagnaire","Shanghai","use:ve_fa442b75d7","(high) Legacy venue ""Le Comotoir De Pierre Gagnaire"": same city, same category (One Star), same price tier ($$$$ / ¥¥¥¥); award 8033; the name agrees (spelling error in the legacy name); name to rename CSV"
"270","Lei Garden (Pudong)","Shanghai","use:ve_c8ceea9779","(medium) Legacy venue ""Lei Garden Restaurant"": same city, same category (One Star); award 8040 is the only legacy row between le Comptoir (8033) and Ling Long (match, 8047); the name agrees with both Lei Garden cards; the legacy price $$$ agrees only with Pudong (¥¥¥), not Xuhui (¥¥); name to rename CSV"
"271","Lei Garden (Xuhui)","Shanghai","new","The only Lei Garden legacy row (8040, $$$) goes to Lei Garden (Pudong), line 270; the price ¥¥ does not agree; no other Shanghai venue with a name link"
"273","Longjing Manor","Hangzhou","use:ve_6999ba83ec","(high) Legacy venue ""Dragon Well Manor"": same city, same category (One Star), same price tier ($$$ / ¥¥¥); award 5304; Dragon Well is the meaning of Longjing (龙井草堂); OAD 2025 No. 111 (5305) on this venue has the same name; name to rename CSV"
"274","Lu Style (Huangpu)","Shanghai","use:ve_3685a7f175","(high) Legacy venue ""Lucai Seafood"": same city, same category (One Star), same price tier ($$$ / ¥¥¥); award 8049, the first row after Ling Long (8047); Lucai is the pinyin of 鲁采; name to rename CSV"
"275","Maison Lameloise","Shanghai","use:ve_3b54c9f5ca","(high) Review row. Venue ""Laimei Luzi"": same city, same category (One Star 18173), same price tier ($$$$ / ¥¥¥¥); Laimei Luzi is the pinyin of 莱美露滋, the Chinese name Michelin gives Maison Lameloise; the venue also holds La Liste and OAD rows; the stage candidate (Chagny, France) is the original Maison Lameloise, a separate restaurant; name to rename CSV"
"276","Meet the Bund (Zhongshan Dong Er Road)","Shanghai","use:ve_78e5d38e3e","(high) Venue ""M on the Bund"" (no Michelin row, status closed, reactivate): same city; its Asia 50 Best rows 2024 No. 50 and 2025 No. 14 are the ranks of Meet the Bund (50 Best list); M on the Bund is a different restaurant that closed; legacy Michelin row 8050 in this slot sits on ""Mr&Mrs Bund"" (ve_fcc020e302), which holds World 50 Best 2013 for Mr & Mrs Bund, so that venue is not used (cleanup); judgment item S3; name to rename CSV"
"278","Ming Court (Minhang)","Shanghai","use:ve_faf602fed0","(high) Legacy venue ""Mingge"": same city, same category (One Star), same price tier ($$$ / ¥¥¥); award 8053; Mingge is the pinyin of 明阁; name to rename CSV"
"279","Moose (Changning)","Shanghai","new","Legacy venue ""Luyuan"" (ve_ca1a6e2ce6, award 8054, $$$) reads the same as 鹿园 (Moose), but two Moose cards (lines 279, 280) have the same price ¥¥¥ and fit one slot; no address links one of them; under-merge; the legacy venue goes to the cleanup list"
"280","Moose (Pudong)","Shanghai","new","Legacy venue ""Luyuan"" (ve_ca1a6e2ce6, award 8054) fits Moose (Changning) or Moose (Pudong); same price, no address link; under-merge; see line 279"
"282","Obscura","Shanghai","new","Award 8065 in this slot (after Narisawa 8055) sits on legacy venue ""Sir Elly's"" (ve_a8f2e06702); Sir Elly's is a different restaurant (The Peninsula) and the venue holds its Asia 50 Best, Forbes, Best Chef and OAD rows; a use: would give Obscura the awards of another restaurant; under-merge; judgment item S2"
"283","Oriental Sense & Palate","Shanghai","use:ve_35c10411c4","(medium) Legacy venue ""Taste of China"": same city, same category (One Star), same price tier ($$$$ / ¥¥¥¥); award 8068 is the second of two rows (8065, 8068) for the two O cards (Obscura, Oriental Sense & Palate) in card order; the legacy name is a failed lookup; the venue also holds orphan Bib row 8069 (cleanup); name to rename CSV"
"284","Pin Ning Fu","Nanjing","use:ve_b7fc0083cc","(high) Legacy venue ""Ningfu"": same city, same category (One Star), same price tier ($$ / ¥¥); award 6680, the last One Star row; Ningfu is the pinyin of 宁府 in 品宁府; name to rename CSV"
"285","Pingjiangsong","Suzhou","use:ve_3f7b8ed781","(high) Legacy venue ""Pingjiang River"": same city, same category (One Star), same price tier ($$$$ / ¥¥¥¥); award 8341, the last One Star row; Pingjiang is the pinyin of 平江 in 平江颂; Pingjiangsong is the only ¥¥¥¥ One Star card in Suzhou; name to rename CSV"
"286","Ren He Guan (Xuhui)","Shanghai","use:ve_6fc43f582e","(high) Legacy venue ""Renhe Restaurant"": same city, same category (One Star), same price tier ($$ / ¥¥); award 8070; Renhe is the pinyin of 人和; name to rename CSV"
"287","Sense","Hangzhou","new","Review row. No legacy One Star row between Longjing Manor (5304) and Yu Zhi Lan (5306, match); the stage candidate Sense (Vught) is in another country; the Michelin page puts Sense at 2077 Yuewang Road, Xiaoshan; no Hangzhou venue with no Michelin row fits (Hubin 28, Man Ho, Lanxuan)"
"288","Seventh Son","Shanghai","new","No legacy row sits between Renhe (8070) and Yongxing (8071, Sheng Yong Xing); the Seventh Son venues are in Hong Kong (ve_712b801106) and Beijing (ve_a73796bf14, Tsim Sha Tsui, a misfile); no Shanghai venue with a name link"
"289","Shang Palace","Yangzhou","new","Review row. The stage candidates are Shang Palace in Hong Kong and Singapore (other cities); the only Yangzhou One Star row (9095) goes to Cheng Yuan by price; no Yangzhou venue has a Shangri-La or Shang Palace name"
"290","Sheng Yong Xing (Huangpu)","Shanghai","use:ve_8855f2f247","(high) Legacy venue ""Yongxing Restaurant"": same city, same category (One Star), same price tier ($$$ / ¥¥¥); award 8071 sits after Renhe (8070); the cards in the slot are Seventh Son and Sheng Yong Xing, and the name Yong Xing (永兴) agrees only with Sheng Yong Xing (晟永兴); name to rename CSV"
"291","Sole","Shanghai","use:ve_92b5f3a2f3","(high) Legacy venue ""Sole Lla"": same city, same category (One Star), same price tier ($$$ / ¥¥¥); award 8072; the name Sole agrees; name to rename CSV"
"292","Song","Hangzhou","new","No legacy One Star row between Longjing Manor (5304) and Yu Zhi Lan (5306, match); no Hangzhou venue holds a Song award"
"293","Vivant by Johnny Pham","Shanghai","use:ve_5358922bfc","(high) Legacy venue ""Vivant"": same city, same category (One Star), same price tier ($$$$ / ¥¥¥¥); award 8073; the name agrees; a Best Chef 2025 row names Vivant; Vivant is new in 2026, and this agrees with the 2026 edition in the legacy rows; name to rename CSV"
"294","Wild Yeast","Hangzhou","new","No legacy One Star row between Longjing Manor (5304) and Yu Zhi Lan (5306, match); no Hangzhou venue holds a Wild Yeast award"
"295","Wu You Xian","Shanghai","use:ve_5129a7ce2d","(medium) Legacy venue ""Xian"": same city, same category (One Star), same price tier ($$ / ¥¥); award 8075 sits between Vivant (8073) and Yi Long Court (match, 8081); the cards in the slot are Wu You Xian (¥¥) and Xin Rong Ji (¥¥¥¥); the price and the name part Xian (鲜) agree only with Wu You Xian; name to rename CSV"
"296","Xi Ding Jia Yan","Suzhou","new","No free legacy One Star row fits: 8339 is the Dingshan slot and 8341 is Pingjiangsong; Michelin names Xi Ding Jia Yan as a new One Star in the 2026 edition"
"297","Xin Rong Ji","Hangzhou","new","Review row. No legacy One Star row between Longjing Manor (5304) and Yu Zhi Lan (5306, match); Hangzhou has no Xin Rong Ji venue; all stage candidates are in other cities (Taizhou, Shanghai, Beijing, Hong Kong); judgment item Z4"
"298","Xin Rong Ji (Jiaojiang)","Taizhou","new","No free legacy One Star row; Taizhou venues ""Xin Rong Ji"" ve_4173a16a48 (La Liste 2026 only) and ""Xinrongji"" ve_ad8e3e0807 (Asia 50 Best 2021 only) do not name a branch; two Xin Rong Ji cards in Taizhou (Jiaojiang, Linhai); under-merge; judgment item Z4"
"299","Xin Rong Ji (Linhai)","Taizhou","use:ve_ad8e3e0807","(high) Venue ""Xinrongji"" (no Michelin row, no price): its only row is Asia 50 Best 2021 No. 76, which 50 Best names Xin Rong Ji (Linhai), Taizhou; same city; category exception (G3 list); ""Xinrongji Cuisine Linghu Branch"" ve_c4eac998eb is the same restaurant by name (Linghu branch = 239 Linhai Avenue) but its Bib row and $$ price are Rong Cun data (line 403); judgment item Z4 resolved Sep 27; name to rename CSV"
"300","Xin Rong Ji (West Nanjing Road)","Shanghai","new","No legacy One Star row in the slot before Yi Long Court (8081); legacy venue ""Xin Rong Ji"" (ve_8ff48e1c8f) has the same name, but it holds Two Stars 3134 in the House of Rong slot, and the Asia 50 Best rows on it do not name a branch; under-merge; judgment item S1"
"302","Yong Fu (Hongkou)","Shanghai","new","The legacy rows after Yi Long Court (8081) are Ye Shanghai ($$$) and Zhoushe; the price ¥¥¥¥ does not agree with Ye Shanghai; no Shanghai venue with a name link (Yongfoo Elite is 雍福会, a different restaurant)"
"304","Yong Yi Ting","Shanghai","new","Legacy venue ""Ye Shanghai"" (ve_92475d27da, award 8084, $$$) fits Yong Yi Ting or Yue Hai Tang (line 306); two ¥¥¥ cards, no checkable link; under-merge; the legacy venue goes to the cleanup list"
"306","Yue Hai Tang","Shanghai","new","Legacy venue ""Ye Shanghai"" (ve_92475d27da, award 8084) fits Yong Yi Ting (line 304) or Yue Hai Tang; two ¥¥¥ cards, no checkable link; under-merge"
"307","Zhou She (Minhang)","Shanghai","use:ve_8b3a664168","(high) Legacy venue ""Zhoushe"": same city, same category (One Star), same price tier ($$$ / ¥¥¥); award 8085, the last One Star row; Zhoushe is the pinyin of 周舍; name to rename CSV"
"308","157 Shi Fang","Shanghai","new","The only legacy row before Blossom (match, 12138) is 12137 ($), and it goes to A Yong Mian Guan (line 310); the price ¥¥ does not agree; no Shanghai venue with a name link"
"309","A Cheng","Suzhou","use:ve_eca1f440c7","(high) Legacy venue ""Acheng Homely Restaurant"": same city, same category (Bib), same price tier ($$ / ¥¥); award 12321, the first Bib row; Acheng is the pinyin of 阿成 in 阿成饭店; name to rename CSV"
"310","A Yong Mian Guan (Dongshufang Road)","Shanghai","use:ve_eca27cd696","(medium) Legacy venue ""Noodle Restaurant"": same city, same category (Bib), same price tier ($ / ¥); award 12137 is the only row before Blossom (match, 12138); the cards in the slot are 157 Shi Fang (¥¥) and A Yong Mian Guan (¥), so only A Yong Mian Guan agrees; Noodle Restaurant = 面馆 (mian guan), a generic name; name to rename CSV"
"311","Ayu Renjiashao","Wenzhou","use:ve_fa7734074b","(medium) Legacy venue ""Wenzhou"": same city, same category (Bib), same price tier ($$ / ¥¥); award 12925, the first Bib row, sits before Chang Ren Hun Tun Pu (12926); Ayu Renjiashao is the only ¥¥ card before it; Wenzhou is a city name (no evidence); name to rename CSV"
"312","Bai Nian Hun Tun Lao Dian","Wenzhou","new","No free legacy row fits: the only row before Chang Ren Hun Tun Pu (12926) is 12925 ($$), and this card is ¥; the legacy data has no Bai Nian Hun Tun Lao Dian row"
"313","Bai Sheng Ren Jia (Wuzhong)","Suzhou","use:ve_ed781f677a","(high) Legacy venue ""Baisheng Household"": same city, same category (Bib), same price tier ($$ / ¥¥); award 12322; Baisheng Household is 百盛人家; name to rename CSV"
"314","Bao Zhong Bao Shi Fu","Hangzhou","use:ve_5439a35462","(high) Legacy venue ""Baozhongbao Restaurant"": same city, same category (Bib), same price tier ($$ / ¥¥); award 10379, the first Bib row; Baozhongbao is the pinyin of 宝中宝; name to rename CSV"
"315","Bei Men Niu Xie Geng","Taizhou","use:ve_1c6912f8ae","(medium) Legacy venue ""Binhaizhen"": same city, same category (Bib), same price tier ($ / ¥); award 12501; Taizhou is complete: 19 rows (12501-12519) and 19 cards with the same price pattern, and stage match Yi Qin Shou Da Mian sits on 12518 in its card position; Binhaizhen is a place name (no evidence); name to rename CSV"
"317","Cai Gen Xiang Xiao Guan","Yangzhou","use:ve_0cf7c0fc2d","(medium) Legacy venue ""熊二湘菜馆 Xiong Er Xiang Cai Guan"": same city, same category (Bib), same price tier ($ / ¥); award 12993, the first Bib row, before Fan Shui (12994); Cai Gen Xiang Xiao Guan is the only card before Fan Shui; the legacy name is another brand that is not a card (no evidence); name_native to the cleanup step; name to rename CSV"
"318","Chang Ren Hun Tun Pu","Wenzhou","use:ve_47575e3f57","(high) Legacy venue ""Changren Wonton"": same city, same category (Bib), same price tier ($ / ¥); award 12926; Changren Wonton is 长人馄饨; name to rename CSV"
"319","Chang Xian De (Tianning)","Changzhou","use:ve_a9d88204ae","(medium) Legacy venue ""Tianning Temple"": same city, same category (Bib), same price tier ($ / ¥); award 9749, the first Bib row; Changzhou is complete: 9 rows and 9 cards with the same price pattern; Tianning agrees with the branch label (Tianning); name to rename CSV"
"320","Chi Man","Nanjing","use:ve_4f7a800d7e","(medium) Legacy venue ""Gate of China, Nanjing"": same city, same category (Bib), same price tier ($$ / ¥¥); award 11278; run argument: 3 rows (11278-11280, $$ $ $$) sit before Fang Po (11281), and exactly 3 cards (Chi Man, Cui Jie Xiao Chi, Du Shi Li De Xiang Cun, ¥¥ ¥ ¥¥) fit with the same price pattern; Gate of China is a place name (no evidence); name to rename CSV"
"321","Chun","Shanghai","new","The only legacy row between Blossom (12138) and Dahuchun (12140) is 12139 ($$), and it goes to Cong's Kitchen (line 322); the price ¥ does not agree; no Shanghai venue with a name link"
"322","Cong's Kitchen","Shanghai","use:ve_0460a32c7d","(medium) Legacy venue ""Yuting Restaurant"": same city, same category (Bib), same price tier ($$ / ¥¥); award 12139 sits between Blossom (12138) and Dahuchun (12140); the cards in the slot are Chun (¥) and Cong's Kitchen (¥¥), so only Cong's Kitchen agrees; the legacy name is a failed lookup; Cong's Kitchen is new in 2026; name to rename CSV"
"323","Cui Jie Xiao Chi","Nanjing","use:ve_d3f69a8eff","(medium) Legacy venue ""Xiaoli Steamed Bun Stuffed With Juicy Pork"": same city, same category (Bib), same price tier ($ / ¥); award 11279; run argument (3 rows before Fang Po, 3 cards, same price pattern); the legacy name is a different brand that is not a card (no evidence); name to rename CSV"
"324","Da Hu Chun (Middle Sichuan Road)","Shanghai","use:ve_dc479eb6ab","(high) Legacy venue ""Dahuchun"": same city, same category (Bib), same price tier ($ / ¥); award 12140; Dahuchun is the pinyin of 大壶春; name to rename CSV"
"325","Datou Yingshi Xiaoguan","Hangzhou","new","Rule 7. Award 10381 (""Four Seasons Hotel Hangzhou At West Lake"", $$) is the only $$ row between Bao Zhong Bao (10379) and Fang Lao Da (10383); three ¥¥ cards fit (Datou Yingshi Xiaoguan, Definitely Fresh, Dou Lai Fan Dian); the hotel name links to none of them; row 10381 to the cleanup list"
"326","Definitely Fresh (Xihu)","Hangzhou","new","Rule 7. Award 10381 (""Four Seasons Hotel Hangzhou At West Lake"", $$) is the only $$ row in this slot; three ¥¥ cards fit (Datou Yingshi Xiaoguan, Definitely Fresh, Dou Lai Fan Dian); row 10381 to the cleanup list"
"327","Dou Lai Fan Dian","Hangzhou","new","Rule 7. Award 10381 (""Four Seasons Hotel Hangzhou At West Lake"", $$) is the only $$ row in this slot; three ¥¥ cards fit; Dou Lai Fan Dian is also new in 2026 (press release); row 10381 to the cleanup list"
"328","Du Shi Li De Xiang Cun","Nanjing","use:ve_3cbcb3b38a","(medium) Legacy venue ""Nanjing Dahui"": same city, same category (Bib), same price tier ($$ / ¥¥); award 11280; run argument (3 rows before Fang Po, 3 cards, same price pattern); the legacy name gives no evidence; name to rename CSV"
"329","Easeful Cuisine (Jingan)","Shanghai","use:ve_f1bfe13e78","(medium) Legacy venue ""JadeGarden"": same city, same category (Bib), same price tier ($$ / ¥¥); award 12141 sits between Dahuchun (12140) and Gongdelin (12142); Easeful Cuisine is the only card in that slot; the legacy name is another restaurant brand (not a card), so it gives no evidence; name to rename CSV"
"330","Er Ba Jiu Su Mian Guan","Hangzhou","use:ve_027040b69f","(medium) Legacy venue ""Wumingshi Noodle Restaurant"", award 10382 ($ / ¥); Rule 6b (Ben ruling Sep 27): the run puts this one legacy row on this card and the legacy price agrees; the venue holds no other award; the legacy name is 无名氏面馆, a MICHELIN Selected restaurant (not Bib), so it cannot own this row (lookup noise); name to rename CSV; judgment item Z2 resolved Sep 27"
"331","Fan Shui Chang Yu Mian (North Jiefang Road)","Yangzhou","use:ve_8c3f87f67f","(high) Legacy venue ""Fanshuichang Fish Noodles"": same city, same category (Bib), same price tier ($ / ¥); award 12994; Fanshui Chang Yu Mian is 范水长鱼面 (long fish noodles); name to rename CSV"
"332","Fang Lao Da (Shangcheng)","Hangzhou","use:ve_4f22bd0e88","(high) Legacy venue ""Fanglaoda Noodles"": same city, same category (Bib), same price tier ($ / ¥); award 10383; Fanglaoda is the pinyin of 方老大; name to rename CSV"
"333","Fang Po","Nanjing","use:ve_404cbd8475","(high) Legacy venue ""Fangpo Gaotuan Shop"": same city, same category (Bib), same price tier ($ / ¥); award 11281; Fangpo Gaotuan is the pinyin of 芳婆糕团 in 芳婆糕团店; name to rename CSV"
"334","Fang Xiang by Detan (Zhonglou)","Changzhou","use:ve_dd9529abf4","(high) Legacy venue ""Detan Hotel"": same city, same category (Bib), same price tier ($$ / ¥¥); award 9750; complete 9-for-9 run; Detan agrees with the card name (Fang Xiang by Detan); name to rename CSV"
"335","Fu Lin Xuan (Jiqingmen Street)","Nanjing","use:ve_feb8000925","(medium) Legacy venue ""Tan Fulin Xuan Vegetarian Food Restaurant"": same city, same category (Bib), same price tier ($$ / ¥¥); award 11282, the first row after Fang Po; Fulin Xuan is the pinyin of 富临轩; Fu Lin Xuan is the first card after Fang Po; the words Tan and Vegetarian do not agree with the card; name to rename CSV"
"336","Fu Xing Mian Wang (Hedong Road)","Hangzhou","new","No free legacy row fits: Fang Lao Da (10383) and Fu Yuan Ju (10384) are adjacent rows; the legacy data has no Fu Xing Mian Wang row"
"337","Fu Yuan Ju (Shangcheng)","Hangzhou","use:ve_ed743bab06","(high) Legacy venue ""Fuyuanju"": same city, same category (Bib), same price tier ($$ / ¥¥); award 10384; Fuyuanju is the pinyin of 福缘居; name to rename CSV"
"338","Fullie's Seafood House","Taizhou","use:ve_9345ef8e01","(medium) Legacy venue ""Asan Seafood"": same city, same category (Bib), same price tier ($$ / ¥¥); award 12502; Taizhou is complete: 19 rows (12501-12519) and 19 cards with the same price pattern, and stage match Yi Qin Shou Da Mian sits on 12518 in its card position; Asan Seafood is a different brand that is not a card (no evidence); name to rename CSV"
"339","Ge Jia Wu Farmer’s House","Suzhou","use:ve_69a5bf5664","(medium) Legacy venue ""Suzhehui Peasant-Style Yard"": same city, same category (Bib), same price tier ($$ / ¥¥); award 12323; slot proof: 5 rows (12323-12327, $$ $ $$ $$ $$) sit between Bai Sheng (12322) and San Xing (12328); the $ row must be Gusu Fusion, so Ge Jia Wu is the only card for 12323; Peasant-Style Yard agrees with Farmer’s House (农家乐); Suzhehui is another brand (no evidence); name to rename CSV"
"340","Ge Lang Guan","Hangzhou","new","Rule 7. Eight legacy rows (10385-10393, $$ $ $$ $$ $$ $ $ $$) sit between Fu Yuan Ju (10384) and Xiao Lao Hun Tun (10394), and 16 cards fit; no legacy name links to this card (the names are other brands, a hotel, a city, or other Michelin Selected restaurants); the price pattern fixes no position; rows to the cleanup list"
"341","Gong De Lin (West Nanjing Road)","Shanghai","use:ve_674ed12b78","(high) Legacy venue ""Gongdelin"": same city, same category (Bib), same price tier ($$ / ¥¥); award 12142; Gongdelin is the pinyin of 功德林; name to rename CSV"
"342","Gu Jia Bao Zi","Nanjing","new","Rule 7. Award 11283 (""Jinling"", $) is the only free legacy row between Fu Lin Xuan (11282) and Jin Ling Yang Jia (11284); three ¥ cards fit that slot (Gu Jia Bao Zi, Hao Po Tang Bao, Jin Ling Wang Jia Hun Tun); Jinling is a city name (no evidence); judgment item J1"
"343","Guang Ying Ju · Lao Zheng Xing","Nanjing","new","No free legacy row fits: the only row between 11282 and 11284 is 11283 ($), and this card is ¥¥; the legacy data has no Guang Ying Ju or Lao Zheng Xing row"
"344","Guoping Seafood","Taizhou","use:ve_156612d964","(medium) Legacy venue ""Qunhui Seafood Lobster"": same city, same category (Bib), same price tier ($$ / ¥¥); award 12503; Taizhou is complete: 19 rows (12501-12519) and 19 cards with the same price pattern, and stage match Yi Qin Shou Da Mian sits on 12518 in its card position; Qunhui Seafood Lobster is a different brand that is not a card (no evidence); name to rename CSV"
"345","Gusu Fusion","Suzhou","new","Rule 6. The row in this slot is 12324 ($ / ¥), but it sits on legacy venue ""Tongdexing"" ve_5f54cf44b8; Tong De Xing is another card in this guide (line 424); the Michelin addresses differ (Gusu Fusion: 28 Pingqiaozhi Street; Tong De Xing: 6 Jiayu Fang, Renmin Road); judgment item J3"
"346","Hao Po Tang Bao","Nanjing","new","Rule 7. Award 11283 (""Jinling"", $) is the only free legacy row in this slot; three ¥ cards fit (Gu Jia Bao Zi, Hao Po Tang Bao, Jin Ling Wang Jia Hun Tun); Jinling is a city name (no evidence); judgment item J1"
"347","Hao Sheng","Shanghai","use:ve_8cbb6e9fa9","(high) Legacy venue ""Hao Sheng II"": same city, same category (Bib), same price tier ($$ / ¥¥); award 12143; the name Hao Sheng (豪生) agrees; name to rename CSV"
"348","He Jiu Jia","Wenzhou","use:ve_1d76320fee","(medium) Legacy venue ""Wenzhou Restaurant"": same city, same category (Bib), same price tier ($$ / ¥¥); award 12927; price proof: 5 rows ($$ $ $ $$ $) sit between Chang Ren Hun Tun Pu and Xiao Cai Yuan (match 12932), and the first $$ row can only be He Jiu Jia (the only ¥¥ card before Shuang Jing Tou); the legacy name is a city name plus a generic word (no evidence); name to rename CSV"
"349","He Shan Mian Jia","Shanghai","new","Award 12144 in this slot sits on legacy venue ""Jia Jia Tang Bao"" (ve_e3b3682b0c); Jia Jia Tang Bao is a different restaurant (not a card) and the venue holds an OAD row (12145) under that name; a use: would give He Shan Mian Jia the award of another restaurant; under-merge; judgment item S2"
"350","He Wei Xiao Chao","Taizhou","use:ve_edd7b52006","(high) Legacy venue ""Hewei Side Dish"": same city, same category (Bib), same price tier ($ / ¥); award 12504; Taizhou is complete: 19 rows (12501-12519) and 19 cards with the same price pattern, and stage match Yi Qin Shou Da Mian sits on 12518 in its card position; Hewei is the pinyin of 何炜 in 何炜小炒; name to rename CSV"
"351","Heng Qian Kou Huang Zhu Ying San Xian Mian","Wenzhou","new","Rule 7. Two $ rows (12928 ""Pullman Wenzhou"", 12929 ""Chuan Jiang Hao Zi"") sit between He Jiu Jia (12927) and Shuang Jing Tou (12930); seven ¥ cards fit; the legacy names (a hotel and a different brand) link to none of them; rows 12928 and 12929 to the cleanup list"
"352","Ho Hung Kee","Shanghai","new","No free legacy row fits: 12144 ($) goes to the He Shan Mian Jia slot and 12146 is Jing Mei; the Ho Hung Kee venues are in Hong Kong (a separate restaurant); no Shanghai venue with a name link"
"353","Hong Da Xing Li Fan Dian","Taizhou","use:ve_116a14d35a","(high) Legacy venue ""Hongda Xingli Restaurant"": same city, same category (Bib), same price tier ($$ / ¥¥); award 12505; Taizhou is complete: 19 rows (12501-12519) and 19 cards with the same price pattern, and stage match Yi Qin Shou Da Mian sits on 12518 in its card position; Hongda Xingli is the pinyin of 鸿达兴利, and Restaurant is the meaning of 饭店; name to rename CSV"
"354","Hou Pin Xiao Yuan","Nanjing","new","No free legacy row fits: the only row between 11282 and 11284 is 11283 ($), and this card is ¥¥; the legacy data has no Hou Pin Xiao Yuan row"
"355","Hu Yuan Mei Shi","Yangzhou","use:ve_763d077255","(medium) Legacy venue ""何园"": same city, same category (Bib), same price tier ($ / ¥); award 12995 sits between Fan Shui (12994) and Lao Hu (12996); Hu Yuan Mei Shi is the only card in that slot; 何园 (He Garden) is a place name (no evidence); name_native to the cleanup step; name to rename CSV"
"356","Hua Yue Dou Xiang","Changzhou","use:ve_a4f1a3bf9c","(medium) Legacy venue ""Wuyue Square"": same city, same category (Bib), same price tier ($ / ¥); award 9751; complete 9-for-9 run; Wuyue Square is a place name (no evidence); name to rename CSV"
"357","Hui Pu Pai Dang","Taizhou","use:ve_91b0601a41","(high) Legacy venue ""Huipu Snack Booth"": same city, same category (Bib), same price tier ($$ / ¥¥); award 12506; Taizhou is complete: 19 rows (12501-12519) and 19 cards with the same price pattern, and stage match Yi Qin Shou Da Mian sits on 12518 in its card position; Huipu is the pinyin of 回浦, and snack booth is the meaning of 排档; name to rename CSV"
"358","Hui Xin Xiao Chi Dian (Deyuan Road)","Hangzhou","new","Rule 7. Eight legacy rows (10385-10393, $$ $ $$ $$ $$ $ $ $$) sit between Fu Yuan Ju (10384) and Xiao Lao Hun Tun (10394), and 16 cards fit; no legacy name links to this card (the names are other brands, a hotel, a city, or other Michelin Selected restaurants); the price pattern fixes no position; rows to the cleanup list"
"359","Jin Hong Lao Zi Hao Zhu Zang Fen","Wenzhou","new","Rule 7. Two $ rows (12928 ""Pullman Wenzhou"", 12929 ""Chuan Jiang Hao Zi"") sit between He Jiu Jia (12927) and Shuang Jing Tou (12930); seven ¥ cards fit; the legacy names (a hotel and a different brand) link to none of them; rows 12928 and 12929 to the cleanup list"
"360","Jin Ling Wang Jia Hun Tun (Jiqing Road)","Nanjing","use:ve_2766d50b55","(medium) Legacy venue ""Jinling"", award 11283 ($ / ¥); three ¥ cards fit the slot, but ""Jinling"" is the first word of this card only, and the next row shows the same lookup behavior (Jin Ling Yang Jia became ""Jinling Yangjia Wonton Restaurant""); the venue holds no other award; judgment item J1 resolved Sep 27 (Ben); name to rename CSV; delete slug ""jinling"" at cleanup if wanted"
"361","Jin Ling Yang Jia Hun Tun Dian (Caodu Lane)","Nanjing","use:ve_d03a39c2c2","(high) Legacy venue ""Jinling Yangjia Wonton Restaurant"": same city, same category (Bib), same price tier ($ / ¥); award 11284; Jinling Yangjia Wonton is 金陵杨家馄饨; name to rename CSV"
"362","Jin Wen Yu Yuan (Huiyuan Road)","Wenzhou","new","Rule 7. Two $ rows (12928 ""Pullman Wenzhou"", 12929 ""Chuan Jiang Hao Zi"") sit between He Jiu Jia (12927) and Shuang Jing Tou (12930); seven ¥ cards fit; the legacy names (a hotel and a different brand) link to none of them; rows 12928 and 12929 to the cleanup list"
"363","Jingmei Wuxi Noodles (Yanping Road)","Shanghai","use:ve_6f5ab461ea","(high) Legacy venue ""Jing Mei Su Mian"": same city, same category (Bib), same price tier ($ / ¥); award 12146; the name Jing Mei (井梅) agrees; name to rename CSV"
"364","Jiu Wei","Taizhou","use:ve_959d4758e4","(medium) Legacy venue ""Noodle Nine"": same city, same category (Bib), same price tier ($$ / ¥¥); award 12507; Taizhou is complete: 19 rows (12501-12519) and 19 cards with the same price pattern, and stage match Yi Qin Shou Da Mian sits on 12518 in its card position; Nine is the meaning of 玖 in 玖味, but Noodle does not agree; name to rename CSV"
"365","Jiu Yan (Hehai East Road)","Changzhou","use:ve_50fcf225a9","(medium) Legacy venue ""Yanzhi"": same city, same category (Bib), same price tier ($$ / ¥¥); award 9752; complete 9-for-9 run; the legacy name gives no evidence; name to rename CSV"
"366","Juan Juan Zao Dian Dian","Wenzhou","new","Rule 7. Two $ rows (12928 ""Pullman Wenzhou"", 12929 ""Chuan Jiang Hao Zi"") sit between He Jiu Jia (12927) and Shuang Jing Tou (12930); seven ¥ cards fit; the legacy names (a hotel and a different brand) link to none of them; rows 12928 and 12929 to the cleanup list"
"367","King's Choice (Huyu Road)","Hangzhou","new","Rule 7. Eight legacy rows (10385-10393, $$ $ $$ $$ $$ $ $ $$) sit between Fu Yuan Ju (10384) and Xiao Lao Hun Tun (10394), and 16 cards fit; no legacy name links to this card (the names are other brands, a hotel, a city, or other Michelin Selected restaurants); the price pattern fixes no position; rows to the cleanup list"
"368","Lai Cui Mian Guan (Ji Mao Road)","Hangzhou","new","Rule 7. Eight legacy rows (10385-10393, $$ $ $$ $$ $$ $ $ $$) sit between Fu Yuan Ju (10384) and Xiao Lao Hun Tun (10394), and 16 cards fit; no legacy name links to this card (the names are other brands, a hotel, a city, or other Michelin Selected restaurants); the price pattern fixes no position; rows to the cleanup list"
"369","Lan Xin (Jinxian Road)","Shanghai","use:ve_885573af29","(high) Legacy venue ""Lanxin Restaurant"": same city, same category (Bib), same price tier ($ / ¥); award 12147; Lanxin is the pinyin of 兰心; name to rename CSV"
"370","Lao Chen Jia","Suzhou","new","Rule 6 and rule 7. Rows 12325-12327 ($$) fit 4 ¥¥ cards (Lao Chen Jia, Ling Ling Jiu Jia, Liu Yi Lou, Oriental Chao); 12325 must be Lao Chen Jia or Ling Ling Jiu Jia, but its name is a Ligongdi branch, and the Michelin page puts Lao Chen Jia at 10 Shilinsi Lane, Gusu; row 12325 to the cleanup list"
"371","Lao Di Fang Mian Guan","Shanghai","use:ve_4bb832227c","(medium) Legacy venue ""Usual Place Noodle Restaurant"": same city, same category (Bib), same price tier ($ / ¥); award 12148 is the last row before Lu Bo Lang (match, 12149); Usual Place Noodle Restaurant is the English meaning of 老地方面馆; name to rename CSV"
"372","Lao Hu Mian Guan","Yangzhou","use:ve_bdcb7d5b71","(high) Legacy venue ""Laohu Noodle Restaurant"": same city, same category (Bib), same price tier ($ / ¥); award 12996; Laohu Mian Guan is 老虎面馆; name to rename CSV"
"373","Lao Huang Chao Ma Ci","Taizhou","use:ve_f0739c29ee","(high) Legacy venue ""Linhai Chaomaci"": same city, same category (Bib), same price tier ($ / ¥); award 12508; Taizhou is complete: 19 rows (12501-12519) and 19 cards with the same price pattern, and stage match Yi Qin Shou Da Mian sits on 12518 in its card position; Chaomaci is the pinyin of 炒麻糍 in 老黄炒麻糍; name to rename CSV"
"374","Lao Tai Zhou","Taizhou","use:ve_4b0e487c12","(medium) Legacy venue ""Taizhou"": same city, same category (Bib), same price tier ($ / ¥); award 12509; Taizhou is complete: 19 rows (12501-12519) and 19 cards with the same price pattern, and stage match Yi Qin Shou Da Mian sits on 12518 in its card position; Taizhou is a city name (no evidence); name to rename CSV"
"375","Lao Wen Zhou Hun Tun Dan","Wenzhou","new","Rule 7. Two $ rows (12928 ""Pullman Wenzhou"", 12929 ""Chuan Jiang Hao Zi"") sit between He Jiu Jia (12927) and Shuang Jing Tou (12930); seven ¥ cards fit; the legacy names (a hotel and a different brand) link to none of them; rows 12928 and 12929 to the cleanup list"
"376","Li Ji Gu Tou Tang","Taizhou","use:ve_fe82420389","(high) Legacy venue ""Liji Old Brand Bone Soup Shop"": same city, same category (Bib), same price tier ($ / ¥); award 12510; Taizhou is complete: 19 rows (12501-12519) and 19 cards with the same price pattern, and stage match Yi Qin Shou Da Mian sits on 12518 in its card position; Liji Bone Soup is 李记骨头汤; name to rename CSV"
"377","Li Ji Qing Zhen Guan","Nanjing","use:ve_1f01073866","(high) Legacy venue ""Liji Islamic Restaurant"": same city, same category (Bib), same price tier ($ / ¥); award 11285; Liji is the pinyin of 李记, and Islamic is the meaning of 清真; name to rename CSV"
"378","Ling Ling Jiu Jia","Suzhou","new","Rule 6 and rule 7. Rows 12325-12327 ($$) fit 4 ¥¥ cards; the Ligongdi branch name on 12325 does not agree with the Michelin address of Ling Ling Jiu Jia (Cangbei Road, Wuzhong); 12326 (""留园"", a garden) and 12327 (""Zhuomian"") give no evidence and more than one card fits each"
"379","Little Pigtail Noodle Shop","Hangzhou","new","Rule 7. Eight legacy rows (10385-10393, $$ $ $$ $$ $$ $ $ $$) sit between Fu Yuan Ju (10384) and Xiao Lao Hun Tun (10394), and 16 cards fit; no legacy name links to this card (the names are other brands, a hotel, a city, or other Michelin Selected restaurants); the price pattern fixes no position; rows to the cleanup list"
"380","Liu Jia You Meng Mei","Suzhou","new","No free legacy row fits: all rows between Bai Sheng (12322) and San Xing (12328) are $$ except 12324 (the Gusu Fusion slot); Michelin names Liu Jia You Meng Mei as a new Bib in the 2026 edition"
"381","Liu She Ji","Yangzhou","use:ve_2368174d5b","(medium) Legacy venue ""Liuji, Dengzhou"": same city, same category (Bib), same price tier ($ / ¥); award 12997; run argument: 2 rows (12997-12998, $ $) sit between Lao Hu (12996) and Shuang Dong (12999), and exactly 2 cards fit (Liu She Ji, Liuyuanchun Teahouse); Liuji (刘记) reads close to Liu She Ji (刘佘记); name to rename CSV"
"382","Liu Yi Lou (Nanxin Road)","Suzhou","new","Rule 7. Rows 12326 (""留园"") and 12327 (""Zhuomian"") are $$, and each has more than one ¥¥ card that fits (Ling Ling Jiu Jia, Liu Yi Lou, Oriental Chao); the legacy names give no evidence; rows 12326 and 12327 to the cleanup list"
"383","Liuyuanchun Teahouse","Yangzhou","use:ve_01b7949aea","(medium) Legacy venue ""Quyuan"", award 12998 ($ / ¥), the only row between Liu She Ji (12997) and Shuang Dong (12999); Rule 6b (Ben ruling Sep 27): the run puts this one legacy row on this card and the legacy price agrees; the venue holds no other award; the legacy name is Quyuan Teahouse, a Selected restaurant, not a card, so it cannot own this row (lookup noise); name to rename CSV; judgment item J4 resolved Sep 27"
"385","Ma Er Si Fang Cai","Hangzhou","new","Rule 7. Eight legacy rows (10385-10393, $$ $ $$ $$ $$ $ $ $$) sit between Fu Yuan Ju (10384) and Xiao Lao Hun Tun (10394), and 16 cards fit; no legacy name links to this card (the names are other brands, a hotel, a city, or other Michelin Selected restaurants); the price pattern fixes no position; rows to the cleanup list"
"386","Ma Lu Qiao Jiang Tang Mian","Taizhou","use:ve_8974cad8e9","(high) Legacy venue ""Road Bridge Jiang Noodles Soup"": same city, same category (Bib), same price tier ($ / ¥); award 12511; Taizhou is complete: 19 rows (12501-12519) and 19 cards with the same price pattern, and stage match Yi Qin Shou Da Mian sits on 12518 in its card position; Road Bridge is the meaning of 马路桥, and Jiang Noodles Soup is 姜汤面; name to rename CSV"
"387","Mao Chang Lao Mian Guan","Wenzhou","new","Rule 7. Two $ rows (12928 ""Pullman Wenzhou"", 12929 ""Chuan Jiang Hao Zi"") sit between He Jiu Jia (12927) and Shuang Jing Tou (12930); seven ¥ cards fit; the legacy names (a hotel and a different brand) link to none of them; rows 12928 and 12929 to the cleanup list"
"388","Mao Long","Shanghai","use:ve_8d96aa8573","(high) Legacy venue ""Maolong Restaurant"": same city, same category (Bib), same price tier ($$ / ¥¥); award 12150; Maolong is the pinyin of 茂隆; name to rename CSV"
"390","Mr. Liang Seafood","Taizhou","use:ve_1f4aafb6c5","(medium) Legacy venue ""Lige Langouste"": same city, same category (Bib), same price tier ($$ / ¥¥); award 12512; Taizhou is complete: 19 rows (12501-12519) and 19 cards with the same price pattern, and stage match Yi Qin Shou Da Mian sits on 12518 in its card position; Lige Langouste is a different brand that is not a card (no evidence); name to rename CSV"
"391","Nan Feng Fan Dian","Hangzhou","new","Rule 7. Eight legacy rows (10385-10393, $$ $ $$ $$ $$ $ $ $$) sit between Fu Yuan Ju (10384) and Xiao Lao Hun Tun (10394), and 16 cards fit; no legacy name links to this card (the names are other brands, a hotel, a city, or other Michelin Selected restaurants); the price pattern fixes no position; rows to the cleanup list"
"392","Nanxiang Steamed Bun","Shanghai","use:ve_2f34823c41","(high) Legacy venue ""南翔馒头店"": same city, same category (Bib), same price tier ($ / ¥); award 12152; the Chinese name agrees exactly; Chinese-script name to name_native first; name to rename CSV"
"393","Ning Hai Shi Fu","Shanghai","new","Legacy venue ""Shanghai Chinese Restaurant"" (ve_ac5e06b57a, award 12153, $$) fits Ning Hai Shi Fu or Ou Yue Zun Xian (line 395); two ¥¥ cards, no checkable link; under-merge; the legacy venue goes to the cleanup list"
"394","Oriental Chao","Suzhou","new","Rule 7. Row 12327 (""Zhuomian"", $$) fits Liu Yi Lou or Oriental Chao; the legacy name gives no evidence; row 12327 to the cleanup list"
"395","Ou Yue Zun Xian","Shanghai","new","Legacy venue ""Shanghai Chinese Restaurant"" (ve_ac5e06b57a, award 12153) fits Ning Hai Shi Fu (line 393) or Ou Yue Zun Xian; two ¥¥ cards, no checkable link; under-merge"
"396","Polux","Shanghai","use:ve_bb2dc8bf0e","(high) Legacy venue ""Polux by Paul Pairet"": same city, same category (Bib), same price tier ($$ / ¥¥); award 12154; the name agrees; name to rename CSV"
"397","Qiang Ye Fan Dian","Nanjing","use:ve_e4a5d832bc","(high) Legacy venue ""Qiangye Restaurant"": same city, same category (Bib), same price tier ($$ / ¥¥); award 11286; Qiangye is the pinyin of 强烨, and Restaurant is the meaning of 饭店; name to rename CSV"
"398","Qiao Ai Lai Lai Xiao Long (Huangpu)","Shanghai","use:ve_a85f950dc3","(high) Legacy venue ""Lailai Snack Dumpling"": same city, same category (Bib), same price tier ($ / ¥); award 12155; the name Lai Lai (莱莱) agrees; name to rename CSV"
"399","Qing Chun Perma","Hangzhou","new","Rule 7. Eight legacy rows (10385-10393, $$ $ $$ $$ $$ $ $ $$) sit between Fu Yuan Ju (10384) and Xiao Lao Hun Tun (10394), and 16 cards fit; no legacy name links to this card (the names are other brands, a hotel, a city, or other Michelin Selected restaurants); the price pattern fixes no position; rows to the cleanup list"
"400","Qing Tao","Hangzhou","new","Rule 7. Eight legacy rows (10385-10393, $$ $ $$ $$ $$ $ $ $$) sit between Fu Yuan Ju (10384) and Xiao Lao Hun Tun (10394), and 16 cards fit; no legacy name links to this card (the names are other brands, a hotel, a city, or other Michelin Selected restaurants); the price pattern fixes no position; rows to the cleanup list"
"401","Qing Wa Xiang (Tianning)","Changzhou","use:ve_d46114d738","(medium) Legacy venue ""Tianning District"": same city, same category (Bib), same price tier ($ / ¥); award 9753; complete 9-for-9 run; Tianning agrees with the branch label (Tianning); name to rename CSV"
"402","Rong Cuisine (Huangpu)","Shanghai","use:ve_29d118509d","(medium) Legacy venue ""Rong Restaurant"": same city, same category (Bib), same price tier ($$ / ¥¥); awards 12156 and 12157 are the two rows for the two Rong cards in card order; 12157 is clearly the yellow croaker noodle shop (line 406), so 12156 is Rong Cuisine (荣小馆); the name shares Rong; name to rename CSV"
"403","Rong Cun (Gucheng Street)","Taizhou","use:ve_c4eac998eb","(medium) Legacy venue ""Xinrongji Cuisine Linghu Branch"", award 12513 ($$ / ¥¥), complete Taizhou run; Rule 6b (Ben ruling Sep 27): the run puts this one legacy row on this card and the legacy price agrees; the venue holds no other award; the legacy name is the Linhai branch of Xin Rong Ji, a One Star card that now uses its own venue (line 299), so it cannot own this row (lookup noise); name to rename CSV; judgment item Z4 resolved Sep 27"
"404","Rong Jia Xiao Chi (Ziyang Street)","Taizhou","use:ve_2ae8d2a042","(medium) Legacy venue ""Ziyang Old Street"": same city, same category (Bib), same price tier ($ / ¥); award 12514; Taizhou is complete: 19 rows (12501-12519) and 19 cards with the same price pattern, and stage match Yi Qin Shou Da Mian sits on 12518 in its card position; Ziyang is a street name that agrees with the branch label (Ziyang Street); name to rename CSV"
"405","Rong Xian Mian Guan (Qianjiang Road)","Hangzhou","new","Rule 7. Eight legacy rows (10385-10393, $$ $ $$ $$ $$ $ $ $$) sit between Fu Yuan Ju (10384) and Xiao Lao Hun Tun (10394), and 16 cards fit; no legacy name links to this card (the names are other brands, a hotel, a city, or other Michelin Selected restaurants); the price pattern fixes no position; rows to the cleanup list"
"406","Rongjia Noodles Soup with Yellow Croaker (Jingan)","Shanghai","use:ve_992e7faf4b","(high) Legacy venue ""Rong Shu Huang Yu Mian"": same city, same category (Bib), same price tier ($$ / ¥¥); award 12157; Huang Yu Mian is the pinyin of 黄鱼面 (yellow croaker noodles); name to rename CSV"
"408","Run Feng He Niu Za","Wenzhou","new","Rule 7. Two $ rows (12928 ""Pullman Wenzhou"", 12929 ""Chuan Jiang Hao Zi"") sit between He Jiu Jia (12927) and Shuang Jing Tou (12930); seven ¥ cards fit; the legacy names (a hotel and a different brand) link to none of them; rows 12928 and 12929 to the cleanup list"
"409","San Xing Yang Rou Guan","Suzhou","use:ve_9c582cd9ed","(high) Legacy venue ""Samsung Mutton Restaurant"": same city, same category (Bib), same price tier ($$ / ¥¥); award 12328; Samsung is a translation of 三星 (San Xing), and Mutton is the meaning of 羊肉 (Yang Rou); name to rename CSV"
"410","Shen Ji Mai Xia Mian Pi Dian","Taizhou","use:ve_889a42dda9","(high) Legacy venue ""Shen Jimaixia Dough Shop"": same city, same category (Bib), same price tier ($ / ¥); award 12515; Taizhou is complete: 19 rows (12501-12519) and 19 cards with the same price pattern, and stage match Yi Qin Shou Da Mian sits on 12518 in its card position; Shen Jimaixia is the pinyin of 沈记麦虾, and Dough Shop is the meaning of 面皮店; name to rename CSV"
"411","Sheng Xing Mian Guan","Changzhou","use:ve_1afae7044e","(medium) Legacy venue ""Changzhou Yinsi Noodle Restaurant"": same city, same category (Bib), same price tier ($ / ¥); award 9755, after Ru Yuan (match, 9754); complete 9-for-9 run; Yinsi noodles (银丝面) is a generic Changzhou dish, and Sheng Xing Mian Guan is a noodle shop; name to rename CSV"
"412","Shi Wei Xian (Shangcheng)","Hangzhou","new","Rule 7. Eight legacy rows (10385-10393, $$ $ $$ $$ $$ $ $ $$) sit between Fu Yuan Ju (10384) and Xiao Lao Hun Tun (10394), and 16 cards fit; no legacy name links to this card (the names are other brands, a hotel, a city, or other Michelin Selected restaurants); the price pattern fixes no position; rows to the cleanup list"
"413","Shuang Dong","Yangzhou","use:ve_dac6f2bd65","(high) Legacy venue ""Shuangdong Hotel"": same city, same category (Bib), same price tier ($$ / ¥¥); award 12999; Shuangdong Hotel is the meaning of 双东酒店; name to rename CSV"
"414","Shuang Jing Tou","Wenzhou","use:ve_45a1b54b5a","(medium) Legacy venue ""Wenzhou Mansion"": same city, same category (Bib), same price tier ($$ / ¥¥); award 12930; price proof: the second $$ row in the slot can only be Shuang Jing Tou (the only ¥¥ card after He Jiu Jia and before Xiao Cai Yuan); the Michelin page puts Shuang Jing Tou at 55 Xueyuan West Road; Wenzhou Mansion is not confirmed as a hotel; judgment item Z5; name to rename CSV"
"415","South Garden","Changzhou","use:ve_e974046d60","(high) Legacy venue ""South Garden Chinese Restaurant"": same city, same category (Bib), same price tier ($$ / ¥¥); award 9756; South Garden is the meaning of 南园; name to rename CSV"
"416","Su Cheng Jia Yan (Ligongdi Road)","Suzhou","use:ve_3e561feda9","(high) Legacy venue ""Sucheng Jiayan"": same city, same category (Bib), same price tier ($$ / ¥¥); award 12329; Sucheng Jiayan is the pinyin of 苏城家宴; name to rename CSV"
"417","Sun Guo Hua Qing Jiang San Xian Mian (Renmin North Road)","Wenzhou","use:ve_810781d02c","(medium) Legacy venue ""Shen Xian Mian"": same city, same category (Bib), same price tier ($ / ¥); award 12931; the only ¥ card between Shuang Jing Tou and Xiao Cai Yuan (match); Xian Mian agrees with 三鲜面 in the card name; name to rename CSV"
"418","Tai Hu San Bai Guan","Changzhou","use:ve_19b20dfec4","(high) Legacy venue ""Taihu Lake"": same city, same category (Bib), same price tier ($$ / ¥¥); award 9757, the last Bib row; complete 9-for-9 run; Taihu agrees with Tai Hu in the card name; name to rename CSV"
"420","Tang A Yi Bian Shi","Taizhou","use:ve_47ede2d4aa","(medium) Legacy venue ""Tongbai"": same city, same category (Bib), same price tier ($ / ¥); award 12516; Taizhou is complete: 19 rows (12501-12519) and 19 cards with the same price pattern, and stage match Yi Qin Shou Da Mian sits on 12518 in its card position; Tongbai is a place name (no evidence); name to rename CSV"
"421","Tang Yuan","Suzhou","new","Rule 7. Award 12330 (""唐寅园"", $) is the only free legacy row between Su Cheng (12329) and Wan Tai Xing (match, 12331); two ¥ cards fit (Tang Yuan, Tong De Xing); 唐寅园 (Tang Yin garden) is not 塘园, and the Michelin page puts Tang Yuan at 38 Fangjishang, Shantang Street; row 12330 to the cleanup list"
"422","The Lakeside Veggie","Shanghai","use:ve_e1de2a4f90","(high) Legacy venue ""Linhu Vegetarian"": same city, same category (Bib), same price tier ($$ / ¥¥); award 12159; Linhu is the pinyin of 临湖 and vegetarian = 素食; name to rename CSV"
"423","The Taste of Huzhou","Shanghai","new","The only legacy row between Linhu (12159) and 扬州饭店 (12161) is 12160 ($$), and it goes to Wang Lu (line 427); the price ¥ does not agree; no Shanghai venue with a name link"
"424","Tong De Xing (Jiayu Fang)","Suzhou","use:ve_5f54cf44b8","(medium) Legacy venue ""Tongdexing"": same city, same category (Bib), same price tier ($ / ¥); Tongdexing is the pinyin of 同得兴; but its only Michelin row (12324) sits in the Gusu Fusion slot (see line 345), not in the Tong De Xing slot; the venue stays for the named restaurant; judgment item J3; row 12324 to the orphan list; name to rename CSV"
"425","Tong Ma Ma (Xihu)","Hangzhou","new","Rule 7. Eight legacy rows (10385-10393, $$ $ $$ $$ $$ $ $ $$) sit between Fu Yuan Ju (10384) and Xiao Lao Hun Tun (10394), and 16 cards fit; no legacy name links to this card (the names are other brands, a hotel, a city, or other Michelin Selected restaurants); the price pattern fixes no position; rows to the cleanup list"
"427","Wang Lu (Pudong)","Shanghai","use:ve_6a5ce2a273","(medium) Legacy venue ""Laowang Guowu Restaurant"": same city, same category (Bib), same price tier ($$ / ¥¥); award 12160 sits between Linhu (12159) and 扬州饭店 (12161); the cards in the slot are The Taste of Huzhou (¥), Wang Lu (¥¥) and Xiao Tao Mian Guan (¥), so only Wang Lu agrees; name shares Wang; name to rename CSV"
"428","Wang Ri Shun Hao (Shangcheng)","Hangzhou","new","Rule 7. Eight legacy rows (10385-10393, $$ $ $$ $$ $$ $ $ $$) sit between Fu Yuan Ju (10384) and Xiao Lao Hun Tun (10394), and 16 cards fit; no legacy name links to this card (the names are other brands, a hotel, a city, or other Michelin Selected restaurants); the price pattern fixes no position; rows to the cleanup list"
"429","Wei Chen Xiao Chi","Taizhou","use:ve_a3dcfd53ea","(high) Legacy venue ""Weichen Snack Bar"": same city, same category (Bib), same price tier ($ / ¥); award 12517; Taizhou is complete: 19 rows (12501-12519) and 19 cards with the same price pattern, and stage match Yi Qin Shou Da Mian sits on 12518 in its card position; Weichen Snack is 味晨小吃; name to rename CSV"
"430","Wei Ji Ao Mian Guan (East Baita Road)","Suzhou","use:ve_892eae0859","(high) Legacy venue ""Weiji'ao Noodle Restaurant"": same city, same category (Bib), same price tier ($ / ¥); award 12332; Weiji Ao Mian Guan is 伟记奥面馆; name to rename CSV"
"431","Wu Ming Lao Lu Mian","Nanjing","use:ve_9ba3a5d492","(high) Legacy venue ""Wuminglao Braised Noodles"": same city, same category (Bib), same price tier ($ / ¥); award 11287; Wuminglao Braised Noodles is 无名老卤面; name to rename CSV"
"432","Wu Zi Mian Guan","Hangzhou","use:ve_0b942c3ee4","(medium) Legacy venue ""Liufang Wuzi Noodle Restaurant"": same city, same category (Bib), same price tier ($ / ¥); Wuzi Noodle Restaurant is the meaning of 伍子面馆; but award 10386 is the 2nd of 8 rows between Fu Yuan Ju (10384) and Xiao Lao Hun Tun (10394), and card order puts Wu Zi Mian Guan 14th of 16 cards there, so 10386 is not the Wu Zi slot row (orphan); same pattern as Jiangsu J3 (Tong De Xing); judgment item Z3; name to rename CSV"
"433","Xiao Bai Cai","Hangzhou","new","Rule 7. Eight legacy rows (10385-10393, $$ $ $$ $$ $$ $ $ $$) sit between Fu Yuan Ju (10384) and Xiao Lao Hun Tun (10394), and 16 cards fit; no legacy name links to this card (the names are other brands, a hotel, a city, or other Michelin Selected restaurants); the price pattern fixes no position; rows to the cleanup list"
"435","Xiao Dian Huang","Hangzhou","new","Rule 7. Eight legacy rows (10385-10393, $$ $ $$ $$ $$ $ $ $$) sit between Fu Yuan Ju (10384) and Xiao Lao Hun Tun (10394), and 16 cards fit; no legacy name links to this card (the names are other brands, a hotel, a city, or other Michelin Selected restaurants); the price pattern fixes no position; rows to the cleanup list"
"436","Xiao Lao Hun Tun","Hangzhou","use:ve_1fe3d010a2","(high) Legacy venue ""Xiaolao Wonton"": same city, same category (Bib), same price tier ($ / ¥); award 10394; Xiaolao Wonton is 小劳馄饨; name to rename CSV"
"437","Xiao Pan Ji Ya Xie Fen Si Tang","Nanjing","use:ve_0ede725a20","(high) Legacy venue ""Xiaopanji Duck Blood Vermicelli Soup"": same city, same category (Bib), same price tier ($ / ¥); award 11288; the name is 小潘记鸭血粉丝汤; name to rename CSV"
"438","Xiao Shan Wei Dao","Hangzhou","use:ve_502a1361dd","(high) Legacy venue ""Weidao"": same city, same category (Bib), same price tier ($$ / ¥¥); award 10395 sits between Xiao Lao Hun Tun (10394) and Xin Liu He (10396); two ¥¥ cards fit (Xiao Shan Wei Dao, Xiao Zhu Fan Dian); Weidao is the pinyin of 味道 in 萧山味道; name to rename CSV"
"439","Xiao Tao Mian Guan","Shanghai","new","The only legacy row in this slot (12160, $$) goes to Wang Lu (line 427); the price ¥ does not agree; no Shanghai venue with a name link"
"440","Xiao Zhu Fan Dian","Hangzhou","new","Award 10395, the only row between Xiao Lao Hun Tun (10394) and Xin Liu He (10396), goes to Xiao Shan Wei Dao by name (Weidao); the legacy data has no Xiao Zhu Fan Dian row"
"441","Xin Fang Yuan","Nanjing","use:ve_0e8f46440b","(high) Legacy venue ""Xinfangyuan Restaurant Nanjing Head Store"": same city, same category (Bib), same price tier ($$ / ¥¥); award 11289; Xinfangyuan is the pinyin of 馨方园; name to rename CSV"
"442","Xin Liu He","Hangzhou","use:ve_f1a0a54c6d","(high) Legacy venue ""Xinliuhe Private Kitchens"": same city, same category (Bib), same price tier ($$ / ¥¥); award 10396; Xinliuhe is the pinyin of 新六和; name to rename CSV"
"443","Xiu Cai Yang Rou Mian","Hangzhou","new","No free legacy row fits: Xin Liu He (10396) and Xun Wei Jiang Nan (10397, match) are adjacent rows; the legacy data has no Xiu Cai Yang Rou Mian row"
"444","Xu Jian Ping Tang Bao (Rehe South Road)","Nanjing","new","Rule 7. Award 11290 (""Nanjing Dumpling Spicy Hot Pot"", $) is the only free legacy row between Xin Fang Yuan (11289) and You Mian (match, 11291); two ¥ cards fit (Xu Jian Ping Tang Bao, Xu Pangzi); the legacy name is a generic dish (no evidence); row 11290 to the cleanup list"
"445","Xu Pangzi San Bai Wan Bao Ying Chang Yu Mian","Nanjing","new","Rule 7. Award 11290 (""Nanjing Dumpling Spicy Hot Pot"", $) is the only free legacy row in this slot; two ¥ cards fit (Xu Jian Ping Tang Bao, Xu Pangzi); the legacy name is a generic dish (no evidence); row 11290 to the cleanup list"
"448","Ya Ba Sheng Jian (Wenjia An)","Suzhou","use:ve_f2972577c8","(medium) Legacy venue ""Yaba Shengjian"": same city, same category (Bib); Yaba Shengjian is the pinyin of 哑巴生煎; the venue holds Bib 8340, the only Suzhou Bib row outside the Bib block, and no Bib-block row fits Ya Ba Sheng Jian; the venue also holds One Star 8339 (Dingshan slot) and the price $$$ from that card; judgment item J3; row 8339 to the orphan list; price to ¥ at merge; name to rename CSV"
"449","Yan Ji Gao Tou Pu","Wenzhou","use:ve_4732e861db","(medium) Legacy venue ""Yantouzhen"": same city, same category (Bib), same price tier ($ / ¥); award 12934; complete run: 2 $ rows (12934, 12935) sit between Xue Miao (match 12933) and Zheng Zhengliang (12936), and exactly 2 ¥ cards fit (Yan Ji Gao Tou Pu, Yangjia Shantou Mai Mian); Yantouzhen is a place name (no evidence); judgment item Z5; name to rename CSV"
"450","Yangjia Shantou Mai Mian Lao Dian (Canghe Lane)","Wenzhou","use:ve_8ce0987360","(medium) Legacy venue ""Huangyumian"": same city, same category (Bib), same price tier ($ / ¥); award 12935; complete run (2 rows, 2 ¥ cards); Huangyumian (yellow croaker noodles) is a generic dish (no evidence); name to rename CSV"
"451","Yangzhou Fan Dian (Huangpu)","Shanghai","use:ve_93ad314358","(high) Legacy venue ""扬州饭店"": same city, same category (Bib), same price tier ($$ / ¥¥); award 12161; the Chinese name agrees exactly; Chinese-script name to name_native first; name to rename CSV"
"452","Yangzhou Yan (38 Changchun Road)","Yangzhou","use:ve_38a720dd68","(medium) Legacy venue ""Yangzhou"", award 13000 ($$ / ¥¥); two ¥¥ cards fit the slot, but ""Yangzhou"" is the first word of this card only; the venue holds no other award; judgment item J1 resolved Sep 27 (Ben); name to rename CSV; delete slug ""yangzhou"" at cleanup if wanted"
"453","Yangzhou Yan · Qu Yuan","Suzhou","use:ve_55a80e1d17","(medium) Legacy venue ""Yanyuan Park"": same city, same category (Bib), same price tier ($$ / ¥¥); award 12333 sits between Wei Ji (12332) and Yu Mian Tang (12334); the cards in that slot are Ya Ba Sheng Jian (¥, its Bib row is 8340) and Yangzhou Yan · Qu Yuan (¥¥); only Qu Yuan has the legacy price; Yanyuan Park is a place name (no evidence); the Michelin page confirms Suzhou (6 Lingyan Road, Huqiu); name to rename CSV"
"454","Ye Long Jing","Hangzhou","use:ve_362df974af","(medium) Legacy venue ""Hangzhou Longjingshan Park"": same city, same category (Bib), same price tier ($$ / ¥¥); award 10398; complete run: 3 rows after Xun Wei Jiang Nan (10397, match), $$ $$ $, and exactly 3 cards (Ye Long Jing, Yue Ji, Zhi Zhu), ¥¥ ¥¥ ¥; Longjing is in the card name 也龙井, but the legacy name is a place name; name to rename CSV"
"456","YongFu Mini (Pudong)","Shanghai","use:ve_16f13cb80f","(high) Legacy venue ""Yong Fu Xiao Xian"": same city, same category (Bib), same price tier ($$ / ¥¥); award 12162; Yong Fu Xiao Xian is the pinyin of 甬府小鲜; name to rename CSV"
"458","Yu Cheng","Yangzhou","new","Rule 7. Award 13000 (""Yangzhou"", $$) is the only free legacy row after Shuang Dong; two ¥¥ cards fit; Yangzhou is a city name (no evidence); judgment item J1"
"460","Yu Ge Zhanjiang (Jingan)","Shanghai","use:ve_c34958da29","(medium) Legacy venue ""Yuxing Ji"": same city, same category (Bib), same price tier ($$ / ¥¥); award 12164 sits between Yu Du Lao Wei Mian (match, 12163) and Yunhe (12165); Yu Ge Zhanjiang is the only card in that slot; name shares Yu; name to rename CSV"
"461","Yu Ji Seafood","Wenzhou","new","No free legacy row fits: the only $$ row after Xue Miao (12933) is 12936, and it goes to Zheng Zhengliang Seafood by name; the legacy data has no Yu Ji Seafood row"
"462","Yu Mian Tang (Nanxin Road)","Suzhou","use:ve_b66dbcd3f4","(high) Legacy venue ""Yumiantang"": same city, same category (Bib), same price tier ($ / ¥); award 12334, the last Bib row; Yumiantang is the pinyin of 裕面堂; name to rename CSV"
"463","Yue Ji (Binjiang)","Hangzhou","use:ve_832a291604","(medium) Legacy venue ""Le Meridien Hangzhou Binjiang"", award 10399 ($$ / ¥¥), complete run; Rule 6b (Ben ruling Sep 27): the run puts this one legacy row on this card and the legacy price agrees; the venue holds no other award; the legacy name is a hotel at another address (4756 Jiangnan Avenue), so it cannot own this row (lookup noise); name to rename CSV; judgment item Z2 resolved Sep 27"
"464","Yunhe Noodle (Huangpu)","Shanghai","use:ve_0bc5323db1","(high) Legacy venue ""Yunhe Restaurant"": same city, same category (Bib), same price tier ($$ / ¥¥); award 12165, the last Bib row; Yunhe is the pinyin of 云和; name to rename CSV"
"465","Zhang Yuan Chui Fan (Yanyu Road)","Taizhou","use:ve_9a47242102","(high) Legacy venue ""Zhang Yuan Chui Fan"": same city, same category (Bib), same price tier ($ / ¥); award 12519; Taizhou is complete: 19 rows (12501-12519) and 19 cards with the same price pattern, and stage match Yi Qin Shou Da Mian sits on 12518 in its card position; the name agrees (璋园炊饭); name to rename CSV"
"466","Zheng Qing Niu Rou Guo Tie Dian","Nanjing","use:ve_233a70ec6d","(high) Legacy venue ""Zhengqing Beef Guotie Shop"": same city, same category (Bib), same price tier ($ / ¥); award 11292; the name is 正清牛肉锅贴店; name to rename CSV"
"467","Zheng Zhengliang Seafood (Nantang Street)","Wenzhou","use:ve_e59b755e48","(high) Legacy venue ""Zhengliang Seafood"": same city, same category (Bib), same price tier ($$ / ¥¥); award 12936, the last Bib row; Zhengliang Seafood is 正亮海鲜 in 郑正亮海鲜; name to rename CSV"
"468","Zhi He Lao Ya Fen Si Tang","Nanjing","use:ve_7176a2f9d7","(medium) Legacy venue ""Nanjing Duck Blood Vermicelli Soup"": same city, same category (Bib), same price tier ($ / ¥); award 11293, the last Bib row, after Zheng Qing (11292); Zhi He is the only card after Zheng Qing; the legacy name is a generic dish that agrees with 老鸭粉丝汤; name to rename CSV"
"469","Zhi Zhu","Hangzhou","use:ve_d5746d246e","(medium) Legacy venue ""Zhiweiguan"", award 10400 ($ / ¥), complete run; Rule 6b (Ben ruling Sep 27): the run puts this one legacy row on this card and the legacy price agrees; the venue holds no other award; the legacy name is 知味观, a MICHELIN Selected restaurant (not Bib), so it cannot own this row (lookup noise); name to rename CSV; judgment item Z2 resolved Sep 27"
