batch_key,source_id,year,rank,category,distinction,source_url,venue_name,city_label,country_label,venue_category,venue_status,price_symbol_raw,note,michelin_guide,name_native_michelin
michelin-2026-china,michelin,2026,,Three Stars,,https://guide.michelin.com/us/en/beijing-municipality/beijing/restaurant/chao-shang-chao,Chao Shang Chao (Chaoyang),Beijing,China,restaurant,,¥¥¥¥,,beijing-2026,潮上潮 (朝阳)
michelin-2026-china,michelin,2026,,Three Stars,,https://guide.michelin.com/us/en/beijing-municipality/beijing/restaurant/xin-rong-ji-xinyuan-south-road,Xin Rong Ji (Xinyuan South Road),Beijing,China,restaurant,,¥¥¥¥,,beijing-2026,新荣记 (新源南路)
michelin-2026-china,michelin,2026,,Two Stars,,https://guide.michelin.com/us/en/beijing-municipality/beijing/restaurant/blackswan,Blackswan,Beijing,China,restaurant,,¥¥¥¥,,beijing-2026,黑天鹅
michelin-2026-china,michelin,2026,,Two Stars,,https://guide.michelin.com/us/en/beijing-municipality/beijing/restaurant/jingji,Jingji,Beijing,China,restaurant,,¥¥¥¥,,beijing-2026,京季
michelin-2026-china,michelin,2026,,Two Stars,,https://guide.michelin.com/us/en/beijing-municipality/beijing/restaurant/king-s-joy,King's Joy,Beijing,China,restaurant,,¥¥¥¥,,beijing-2026,京兆尹
michelin-2026-china,michelin,2026,,Two Stars,,https://guide.michelin.com/us/en/beijing-municipality/beijing/restaurant/lamdre,Lamdre,Beijing,China,restaurant,,¥¥¥¥,,beijing-2026,兰斋
michelin-2026-china,michelin,2026,,Two Stars,,https://guide.michelin.com/us/en/beijing-municipality/beijing/restaurant/lu-shang-lu,Lu Shang Lu,Beijing,China,restaurant,,¥¥¥¥,,beijing-2026,鲁上鲁
michelin-2026-china,michelin,2026,,Two Stars,,https://guide.michelin.com/us/en/beijing-municipality/beijing/restaurant/shanghai-cuisine,Shanghai Cuisine,Beijing,China,restaurant,,¥¥¥,,beijing-2026,屋里厢
michelin-2026-china,michelin,2026,,One Star,,https://guide.michelin.com/us/en/beijing-municipality/beijing/restaurant/cai-yi-xuan,Cai Yi Xuan,Beijing,China,restaurant,,¥¥¥,,beijing-2026,采逸轩
michelin-2026-china,michelin,2026,,One Star,,https://guide.michelin.com/us/en/beijing-municipality/beijing/restaurant/chao-shang-chao-xicheng,Chao Shang Chao (Xicheng),Beijing,China,restaurant,,¥¥¥,,beijing-2026,潮上潮 (西城)
michelin-2026-china,michelin,2026,,One Star,,https://guide.michelin.com/us/en/beijing-municipality/beijing/restaurant/fu-chun-ju,Fu Chun Ju,Beijing,China,restaurant,,¥¥¥,,beijing-2026,富春居
michelin-2026-china,michelin,2026,,One Star,,https://guide.michelin.com/us/en/beijing-municipality/beijing/restaurant/furong,Furong,Beijing,China,restaurant,,¥¥¥,,beijing-2026,芙蓉无双
michelin-2026-china,michelin,2026,,One Star,,https://guide.michelin.com/us/en/beijing-municipality/beijing/restaurant/gastro-esthetics-dadong,Gastro Esthetics DaDong,Beijing,China,restaurant,,¥¥¥,,beijing-2026,美‧大董
michelin-2026-china,michelin,2026,,One Star,,https://guide.michelin.com/us/en/beijing-municipality/beijing/restaurant/giada-garden,Giada Garden,Beijing,China,restaurant,,¥¥¥¥,,beijing-2026,迦达花园
michelin-2026-china,michelin,2026,,One Star,,https://guide.michelin.com/us/en/beijing-municipality/beijing/restaurant/il-ristorante-niko-romito-1186723,Il Ristorante - Niko Romito,Beijing,China,restaurant,,¥¥¥¥,,beijing-2026,Il Ristorante - Niko Romito
michelin-2026-china,michelin,2026,,One Star,,https://guide.michelin.com/us/en/beijing-municipality/beijing/restaurant/jing,Jing,Beijing,China,restaurant,,¥¥¥¥,,beijing-2026,Jing
michelin-2026-china,michelin,2026,,One Star,,https://guide.michelin.com/us/en/beijing-municipality/beijing/restaurant/lei-garden-jinbao-tower,Lei Garden (Jinbao Tower),Beijing,China,restaurant,,¥¥¥,,beijing-2026,利苑 (金宝大厦)
michelin-2026-china,michelin,2026,,One Star,,https://guide.michelin.com/us/en/beijing-municipality/beijing/restaurant/lu-style,Lu Style (Anding Road),Beijing,China,restaurant,,¥¥¥,,beijing-2026,鲁采 (安定路)
michelin-2026-china,michelin,2026,,One Star,,https://guide.michelin.com/us/en/beijing-municipality/beijing/restaurant/mansion-cuisine-by-jingyan,Mansion Cuisine by Jingyan,Beijing,China,restaurant,,¥¥¥¥,,beijing-2026,京艳 ‧ 翰林书院
michelin-2026-china,michelin,2026,,One Star,,https://guide.michelin.com/us/en/beijing-municipality/beijing/restaurant/mo-jasmine,MO Jasmine,Beijing,China,restaurant,,¥¥¥,,beijing-2026,茉
michelin-2026-china,michelin,2026,,One Star,,https://guide.michelin.com/us/en/beijing-municipality/beijing/restaurant/poetry%E2%80%A7wine,Poetry‧Wine (Dongsanhuan Middle Road),Beijing,China,restaurant,,¥¥,,beijing-2026,拾久 (东三环中路)
michelin-2026-china,michelin,2026,,One Star,,https://guide.michelin.com/us/en/beijing-municipality/beijing/restaurant/rong-pao,Rong Pao,Beijing,China,restaurant,,¥¥¥,,beijing-2026,荣袍
michelin-2026-china,michelin,2026,,One Star,,https://guide.michelin.com/us/en/beijing-municipality/beijing/restaurant/seventh-son-1186794,Seventh Son,Beijing,China,restaurant,,¥¥¥,,beijing-2026,家全七福
michelin-2026-china,michelin,2026,,One Star,,https://guide.michelin.com/us/en/beijing-municipality/beijing/restaurant/sheng-yong-xing-chaoyang,Sheng Yong Xing (Chaoyang),Beijing,China,restaurant,,¥¥¥,,beijing-2026,晟永兴 (朝阳)
michelin-2026-china,michelin,2026,,One Star,,https://guide.michelin.com/us/en/beijing-municipality/beijing/restaurant/the-beijing-kitchen,The Beijing Kitchen (Jianguo Road),Beijing,China,restaurant,,¥¥,,beijing-2026,北京厨房 (建国路)
michelin-2026-china,michelin,2026,,One Star,,https://guide.michelin.com/us/en/beijing-municipality/beijing/restaurant/the-georg,The Georg,Beijing,China,restaurant,,¥¥¥¥,,beijing-2026,The Georg
michelin-2026-china,michelin,2026,,One Star,,https://guide.michelin.com/us/en/beijing-municipality/beijing/restaurant/the-house-of-dynasties,The House of Dynasties,Beijing,China,restaurant,,¥¥¥,,beijing-2026,龙庭
michelin-2026-china,michelin,2026,,One Star,,https://guide.michelin.com/us/en/beijing-municipality/beijing/restaurant/trb-hutong,Trb Hutong,Beijing,China,restaurant,,¥¥¥¥,,beijing-2026,Trb Hutong
michelin-2026-china,michelin,2026,,One Star,,https://guide.michelin.com/us/en/beijing-municipality/beijing/restaurant/xin-rong-ji-jianguomenwai-street,Xin Rong Ji (Jianguomenwai Street),Beijing,China,restaurant,,¥¥¥,,beijing-2026,新荣记 (建国门外大街)
michelin-2026-china,michelin,2026,,One Star,,https://guide.michelin.com/us/en/beijing-municipality/beijing/restaurant/xin-rong-ji-jinrong-street,Xin Rong Ji (Jinrong Street),Beijing,China,restaurant,,¥¥¥,,beijing-2026,新荣记 (金融大街)
michelin-2026-china,michelin,2026,,One Star,,https://guide.michelin.com/us/en/beijing-municipality/beijing/restaurant/zhiguan,Zhiguan Courtyard,Beijing,China,restaurant,,¥¥¥,,beijing-2026,止观小馆
michelin-2026-china,michelin,2026,,One Star,,https://guide.michelin.com/us/en/beijing-municipality/beijing/restaurant/zijin-mansion,Zijin Mansion,Beijing,China,restaurant,,¥¥¥,,beijing-2026,紫金阁
michelin-2026-china,michelin,2026,,Bib Gourmand,,https://guide.michelin.com/us/en/beijing-municipality/beijing/restaurant/bao-bao-hao,Bao Bao Hao,Beijing,China,restaurant,,¥¥,,beijing-2026,煲煲好
michelin-2026-china,michelin,2026,,Bib Gourmand,,https://guide.michelin.com/us/en/beijing-municipality/beijing/restaurant/bao-du-jin-sheng-long,Bao Du Jin Sheng Long (Dongcheng),Beijing,China,restaurant,,¥¥,,beijing-2026,爆肚金生隆 (东城)
michelin-2026-china,michelin,2026,,Bib Gourmand,,https://guide.michelin.com/us/en/beijing-municipality/beijing/restaurant/bao-yuan,Bao Yuan,Beijing,China,restaurant,,¥,,beijing-2026,宝源
michelin-2026-china,michelin,2026,,Bib Gourmand,,https://guide.michelin.com/us/en/beijing-municipality/beijing/restaurant/fujian-cuisine-dongsanhuan-north-road,Fujian Cuisine (Dongsanhuan North Road),Beijing,China,restaurant,,¥¥,,beijing-2026,闽中闽 (东三环北路)
michelin-2026-china,michelin,2026,,Bib Gourmand,,https://guide.michelin.com/us/en/beijing-municipality/beijing/restaurant/hong-fan-qie-yuyuantan-south-road,Hong Fan Qie (Yuyuantan South Road),Beijing,China,restaurant,,¥¥,,beijing-2026,红蕃茄 (玉渊潭南路)
michelin-2026-china,michelin,2026,,Bib Gourmand,,https://guide.michelin.com/us/en/beijing-municipality/beijing/restaurant/hua-sheng-feng-dongsanhuan-south-road,Hua Sheng Feng (Dongsanhuan South Road),Beijing,China,restaurant,,¥¥,,beijing-2026,华盛丰 (东三环南路)
michelin-2026-china,michelin,2026,,Bib Gourmand,,https://guide.michelin.com/us/en/beijing-municipality/beijing/restaurant/jing-hua-lou,Jing Hua Lou,Beijing,China,restaurant,,¥¥,,beijing-2026,京华楼
michelin-2026-china,michelin,2026,,Bib Gourmand,,https://guide.michelin.com/us/en/beijing-municipality/beijing/restaurant/jingyi,Jingyi (Liulichang East Street),Beijing,China,restaurant,,¥,,beijing-2026,静一 (琉璃厂东街)
michelin-2026-china,michelin,2026,,Bib Gourmand,,https://guide.michelin.com/us/en/beijing-municipality/beijing/restaurant/ladychal-haidian,Ladychai,Beijing,China,restaurant,,¥,,beijing-2026,柴氏风味斋
michelin-2026-china,michelin,2026,,Bib Gourmand,,https://guide.michelin.com/us/en/beijing-municipality/beijing/restaurant/lao-chuan-ban,Lao Chuan Ban,Beijing,China,restaurant,,¥¥,,beijing-2026,老川办
michelin-2026-china,michelin,2026,,Bib Gourmand,,https://guide.michelin.com/us/en/beijing-municipality/beijing/restaurant/liu-ma-ma-dumplings-chaoyang,Liu Ma Ma Dumplings (Chaoyang),Beijing,China,restaurant,,¥,,beijing-2026,刘妈妈肉汁饺子 (朝阳)
michelin-2026-china,michelin,2026,,Bib Gourmand,,https://guide.michelin.com/us/en/beijing-municipality/beijing/restaurant/niujie-halal-man-heng-ji,Man Heng Ji,Beijing,China,restaurant,,¥¥,,beijing-2026,满恒记
michelin-2026-china,michelin,2026,,Bib Gourmand,,https://guide.michelin.com/us/en/beijing-municipality/beijing/restaurant/mingyuan-restaurant,Mingyuan Restaurant,Beijing,China,restaurant,,¥¥,,beijing-2026,明园餐厅
michelin-2026-china,michelin,2026,,Bib Gourmand,,https://guide.michelin.com/us/en/beijing-municipality/beijing/restaurant/my-soup,My Soup,Beijing,China,restaurant,,¥¥,,beijing-2026,卖汤
michelin-2026-china,michelin,2026,,Bib Gourmand,,https://guide.michelin.com/us/en/beijing-municipality/beijing/restaurant/no-69-fangzhuanchang-zhajiangmian,No. 69 Fangzhuanchang Zhajiangmian (Fangzhuanchang Hutong),Beijing,China,restaurant,,¥,,beijing-2026,方砖厂69号炸酱面 (方砖厂胡同)
michelin-2026-china,michelin,2026,,Bib Gourmand,,https://guide.michelin.com/us/en/beijing-municipality/beijing/restaurant/pang-mei-noodles,Pang Mei Noodles (Xiang'er Hutong),Beijing,China,restaurant,,¥,,beijing-2026,胖妹面庄 (香饵胡同)
michelin-2026-china,michelin,2026,,Bib Gourmand,,https://guide.michelin.com/us/en/beijing-municipality/beijing/restaurant/qiantang-garden,Qiantang Garden (Shuangyushu North Road),Beijing,China,restaurant,,¥¥,,beijing-2026,钱塘花园 (双榆树北路)
michelin-2026-china,michelin,2026,,Bib Gourmand,,https://guide.michelin.com/us/en/beijing-municipality/beijing/restaurant/rong-cuisine-baiziwan-south-er-road,Rong Cuisine (Baiziwan South Er Road),Beijing,China,restaurant,,¥¥,,beijing-2026,荣小馆 (百子湾南二路)
michelin-2026-china,michelin,2026,,Bib Gourmand,,https://guide.michelin.com/us/en/beijing-municipality/beijing/restaurant/tan-1218718,Tan,Beijing,China,restaurant,,¥¥,,beijing-2026,坛
michelin-2026-china,michelin,2026,,Bib Gourmand,,https://guide.michelin.com/us/en/beijing-municipality/beijing/restaurant/tianchumiaoxiang-vegetarian-chaoyang,Tianchumiaoxiang Vegetarian (Chaoyang),Beijing,China,restaurant,,¥,,beijing-2026,天厨妙香素食 (朝阳)
michelin-2026-china,michelin,2026,,Bib Gourmand,,https://guide.michelin.com/us/en/beijing-municipality/beijing/restaurant/tong-he-ju-yuetan-south-street,Tong He Ju (Yuetan South Street),Beijing,China,restaurant,,¥¥,,beijing-2026,同和居 (月坛南街)
michelin-2026-china,michelin,2026,,Bib Gourmand,,https://guide.michelin.com/us/en/beijing-municipality/beijing/restaurant/xiang-bin-xuan-huayuan-road,Xiang Bin Xuan (Huayuan Road),Beijing,China,restaurant,,¥¥,,beijing-2026,湘彬萱 (花园路）
michelin-2026-china,michelin,2026,,Bib Gourmand,,https://guide.michelin.com/us/en/beijing-municipality/beijing/restaurant/xiang-lin-tian-xia,Xiang Lin Tian Xia,Beijing,China,restaurant,,¥¥,,beijing-2026,湘临天下
michelin-2026-china,michelin,2026,,Bib Gourmand,,https://guide.michelin.com/us/en/beijing-municipality/beijing/restaurant/yibin,Yibin,Beijing,China,restaurant,,¥,,beijing-2026,宜宾招待所
michelin-2026-china,michelin,2026,,Bib Gourmand,,https://guide.michelin.com/us/en/beijing-municipality/beijing/restaurant/yu-hua-tai-xicheng,Yu Hua Tai (Xicheng),Beijing,China,restaurant,,¥¥,,beijing-2026,玉华台 (西城)
michelin-2026-china,michelin,2026,,Bib Gourmand,,https://guide.michelin.com/us/en/beijing-municipality/beijing/restaurant/zhong,Zhong,Beijing,China,restaurant,,¥¥,,beijing-2026,钟餐厅
michelin-2026-china,michelin,2026,,One Star,,https://guide.michelin.com/us/en/fujian-province/xiamen_1031934/restaurant/fleurs-et-festin,Fleurs Et Festin,Xiamen,China,restaurant,,¥¥,,fujian-2026,蓼花卿语
michelin-2026-china,michelin,2026,,One Star,,https://guide.michelin.com/us/en/fujian-province/fuzhou_1026814/restaurant/hatter,Hatter,Fuzhou,China,restaurant,,¥¥¥¥,,fujian-2026,海德
michelin-2026-china,michelin,2026,,One Star,,https://guide.michelin.com/us/en/fujian-province/xiamen_1031934/restaurant/hokklo,Hokklo,Xiamen,China,restaurant,,¥¥¥,,fujian-2026,鲜承
michelin-2026-china,michelin,2026,,One Star,,https://guide.michelin.com/us/en/fujian-province/fuzhou_1026814/restaurant/jiangnan-wok%E2%80%A7rong,Jiangnan Wok ‧ Rong,Fuzhou,China,restaurant,,¥¥¥,,fujian-2026,江南灶 ‧ 融府
michelin-2026-china,michelin,2026,,One Star,,https://guide.michelin.com/us/en/fujian-province/quanzhou_1030272/restaurant/qing-you-yu,Qing You Yu,Quanzhou,China,restaurant,,¥¥¥,,fujian-2026,庆有余
michelin-2026-china,michelin,2026,,One Star,,https://guide.michelin.com/us/en/fujian-province/fuzhou_1026814/restaurant/wenru-no-9,Wenru No.9,Fuzhou,China,restaurant,,¥¥,,fujian-2026,文儒九号
michelin-2026-china,michelin,2026,,One Star,,https://guide.michelin.com/us/en/fujian-province/xiamen_1031934/restaurant/yanyu-jiahe-road,Yanyu (Jiahe Road),Xiamen,China,restaurant,,¥¥¥,,fujian-2026,宴遇 (嘉禾路）
michelin-2026-china,michelin,2026,,Bib Gourmand,,https://guide.michelin.com/us/en/fujian-province/fuzhou_1026814/restaurant/167-shan-hai-li,167 Shan Hai Li,Fuzhou,China,restaurant,,¥¥,,fujian-2026,167山海里
michelin-2026-china,michelin,2026,,Bib Gourmand,,https://guide.michelin.com/us/en/fujian-province/quanzhou_1030272/restaurant/a-qiu-niu-pai-huxin-street,A Qiu Niu Pai (Huxin Street),Quanzhou,China,restaurant,,¥,,fujian-2026,阿秋牛排 (湖心街)
michelin-2026-china,michelin,2026,,Bib Gourmand,,https://guide.michelin.com/us/en/fujian-province/xiamen_1031934/restaurant/a-xi-xia-mian,A Xi Xia Mian,Xiamen,China,restaurant,,¥,,fujian-2026,阿西虾面
michelin-2026-china,michelin,2026,,Bib Gourmand,,https://guide.michelin.com/us/en/fujian-province/fuzhou_1026814/restaurant/a-xin-xian-lao-gongnong-road,A Xin Xian Lao (Gongnong Road),Fuzhou,China,restaurant,,¥,,fujian-2026,阿信鲜捞 (工农路)
michelin-2026-china,michelin,2026,,Bib Gourmand,,https://guide.michelin.com/us/en/fujian-province/xiamen_1031934/restaurant/a-zhong-shi-fang,A Zhong Shi Fang,Xiamen,China,restaurant,,¥¥,,fujian-2026,阿忠食坊
michelin-2026-china,michelin,2026,,Bib Gourmand,,https://guide.michelin.com/us/en/fujian-province/quanzhou_1030272/restaurant/antstory,Antstory,Quanzhou,China,restaurant,,¥¥,,fujian-2026,蚂蚁私厨
michelin-2026-china,michelin,2026,,Bib Gourmand,,https://guide.michelin.com/us/en/fujian-province/xiamen_1031934/restaurant/bai-jia-chun-hao-de-lai-jiang-mu-ya-zhongxing-road,Bai Jia Chun Hao De Lai Jiang Mu Ya (Zhongxing Road),Xiamen,China,restaurant,,¥,,fujian-2026,百家春好德来姜母鸭 (中兴路）
michelin-2026-china,michelin,2026,,Bib Gourmand,,https://guide.michelin.com/us/en/fujian-province/quanzhou_1030272/restaurant/che-qiao-tou-wen-a-shui-wan-daxi-street,Che Qiao Tou Wen A Shui Wan (Daxi Street),Quanzhou,China,restaurant,,¥,,fujian-2026,车桥头文阿水丸 (打锡街)
michelin-2026-china,michelin,2026,,Bib Gourmand,,https://guide.michelin.com/us/en/fujian-province/xiamen_1031934/restaurant/chen-xian-sen-sha-cha-mian,Chen Xian Sen Sha Cha Mian,Xiamen,China,restaurant,,¥,,fujian-2026,陈先森沙茶面
michelin-2026-china,michelin,2026,,Bib Gourmand,,https://guide.michelin.com/us/en/fujian-province/xiamen_1031934/restaurant/chic-1699-1213633,Chic 1699,Xiamen,China,restaurant,,¥¥,,fujian-2026,远洋私厨
michelin-2026-china,michelin,2026,,Bib Gourmand,,https://guide.michelin.com/us/en/fujian-province/quanzhou_1030272/restaurant/chun-sheng,Chun Sheng,Quanzhou,China,restaurant,,¥¥,,fujian-2026,春生饭店
michelin-2026-china,michelin,2026,,Bib Gourmand,,https://guide.michelin.com/us/en/fujian-province/xiamen_1031934/restaurant/cong-hui-tongan-lao-mei-shi-fan-dian,Cong Hui Tongan Lao Mei Shi Fan Dian,Xiamen,China,restaurant,,¥,,fujian-2026,聪辉同安老美食饭店
michelin-2026-china,michelin,2026,,Bib Gourmand,,https://guide.michelin.com/us/en/fujian-province/xiamen_1031934/restaurant/da-tong-shao-jiu-lang,Da Tong Shao Jiu Lang,Xiamen,China,restaurant,,¥¥,,fujian-2026,大同烧酒廊
michelin-2026-china,michelin,2026,,Bib Gourmand,,https://guide.michelin.com/us/en/fujian-province/xiamen_1031934/restaurant/dai-tai,Dai Tai,Xiamen,China,restaurant,,¥¥,,fujian-2026,傣泰
michelin-2026-china,michelin,2026,,Bib Gourmand,,https://guide.michelin.com/us/en/fujian-province/quanzhou_1030272/restaurant/de-wen-xia-zai-mian,De Wen Xia Zai Mian,Quanzhou,China,restaurant,,¥,,fujian-2026,德文虾仔面
michelin-2026-china,michelin,2026,,Bib Gourmand,,https://guide.michelin.com/us/en/fujian-province/ningde/restaurant/fu-ding-zheng-zong-bian-rou-jianxin-road,Fu Ding Zheng Zong Bian Rou (Jianxin Road),Ningde,China,restaurant,,¥,,fujian-2026,福鼎正宗扁肉 (建新路)
michelin-2026-china,michelin,2026,,Bib Gourmand,,https://guide.michelin.com/us/en/fujian-province/xiamen_1031934/restaurant/fu-yu-da-tong-ya-rou-zhou,Fu Yu Da Tong Ya Rou Zhou,Xiamen,China,restaurant,,¥,,fujian-2026,浮屿大同鸭肉粥
michelin-2026-china,michelin,2026,,Bib Gourmand,,https://guide.michelin.com/us/en/fujian-province/fuzhou_1026814/restaurant/guan-zhong-wang-shi,Guan Zhong Wang Shi (Gulou),Fuzhou,China,restaurant,,¥,,fujian-2026,关中往事 (鼓楼)
michelin-2026-china,michelin,2026,,Bib Gourmand,,https://guide.michelin.com/us/en/fujian-province/xiamen_1031934/restaurant/guo-gong-fan-dian,Guo Gong Fan Dian,Xiamen,China,restaurant,,¥,,fujian-2026,国供饭店
michelin-2026-china,michelin,2026,,Bib Gourmand,,https://guide.michelin.com/us/en/fujian-province/quanzhou_1030272/restaurant/hall-thing-licheng,Hall Thing (Licheng),Quanzhou,China,restaurant,,¥¥,,fujian-2026,好厅 (鲤城)
michelin-2026-china,michelin,2026,,Bib Gourmand,,https://guide.michelin.com/us/en/fujian-province/xiamen_1031934/restaurant/hao-shi-lai,Hao Shi Lai,Xiamen,China,restaurant,,¥¥,,fujian-2026,好食来大排档
michelin-2026-china,michelin,2026,,Bib Gourmand,,https://guide.michelin.com/us/en/fujian-province/xiamen_1031934/restaurant/homeme18-huming-road,"Homeme18"" (Huming Road)",Xiamen,China,restaurant,,¥,,fujian-2026,洪溪社 (湖明路)
michelin-2026-china,michelin,2026,,Bib Gourmand,,https://guide.michelin.com/us/en/fujian-province/fuzhou_1026814/restaurant/hou-jie-lao-hua-yadao-lane,Hou Jie Lao Hua (216 Tonghu Road),Fuzhou,China,restaurant,,¥,,fujian-2026,后街捞化 (通湖路216号)
michelin-2026-china,michelin,2026,,Bib Gourmand,,https://guide.michelin.com/us/en/fujian-province/ningde/restaurant/hu-yu-zhong-wu-qu-bian-rou,Hu Yu Zhong Wu Qu Bian Rou,Ningde,China,restaurant,,¥,,fujian-2026,胡裕忠武曲扁肉
michelin-2026-china,michelin,2026,,Bib Gourmand,,https://guide.michelin.com/us/en/fujian-province/quanzhou_1030272/restaurant/jian-lai-fa,Jian Lai Fa,Quanzhou,China,restaurant,,¥¥,,fujian-2026,建来发
michelin-2026-china,michelin,2026,,Bib Gourmand,,https://guide.michelin.com/us/en/fujian-province/fuzhou_1026814/restaurant/jing-li,Jing Li,Fuzhou,China,restaurant,,¥¥,,fujian-2026,井礼
michelin-2026-china,michelin,2026,,Bib Gourmand,,https://guide.michelin.com/us/en/fujian-province/xiamen_1031934/restaurant/lai-cuo-cheng-bian-shi-dian,Lai Cuo Cheng Bian Shi Dian,Xiamen,China,restaurant,,¥,,fujian-2026,赖厝埕扁食店
michelin-2026-china,michelin,2026,,Bib Gourmand,,https://guide.michelin.com/us/en/fujian-province/quanzhou_1030272/restaurant/lao-a-bo,Lao A Bo,Quanzhou,China,restaurant,,¥¥,,fujian-2026,老阿伯
michelin-2026-china,michelin,2026,,Bib Gourmand,,https://guide.michelin.com/us/en/fujian-province/xiamen_1031934/restaurant/lao-song-bian-shi-dian,Lao Song Bian Shi Dian,Xiamen,China,restaurant,,¥,,fujian-2026,劳松扁食店
michelin-2026-china,michelin,2026,,Bib Gourmand,,https://guide.michelin.com/us/en/fujian-province/fuzhou_1026814/restaurant/lin-yi-nen-ming-pai-zhu-xue-hua,Lin Yi Nen Ming Pai Zhu Xue Hua,Fuzhou,China,restaurant,,¥,,fujian-2026,林依嫩名牌猪血化
michelin-2026-china,michelin,2026,,Bib Gourmand,,https://guide.michelin.com/us/en/fujian-province/fuzhou_1026814/restaurant/longkushan-eatery,Longkushan Eatery,Fuzhou,China,restaurant,,¥,,fujian-2026,龙窟山饮食店
michelin-2026-china,michelin,2026,,Bib Gourmand,,https://guide.michelin.com/us/en/fujian-province/xiamen_1031934/restaurant/lu-niang-zi-huli,Lu Niang Zi (Huli),Xiamen,China,restaurant,,¥,,fujian-2026,吕娘子红烧牛肉面 (湖里)
michelin-2026-china,michelin,2026,,Bib Gourmand,,https://guide.michelin.com/us/en/fujian-province/quanzhou_1030272/restaurant/luo-ji-mian-xian-hu,Luo Ji Mian Xian Hu,Quanzhou,China,restaurant,,¥,,fujian-2026,罗记面线糊
michelin-2026-china,michelin,2026,,Bib Gourmand,,https://guide.michelin.com/us/en/fujian-province/fuzhou_1026814/restaurant/mei-ya-bo-hua-sheng-tang,Mei Ya Bo Hua Sheng Tang,Fuzhou,China,restaurant,,¥,,fujian-2026,没牙伯花生汤
michelin-2026-china,michelin,2026,,Bib Gourmand,,https://guide.michelin.com/us/en/fujian-province/fuzhou_1026814/restaurant/min-shi-fu,Min Shi Fu,Fuzhou,China,restaurant,,¥¥,,fujian-2026,闽食府
michelin-2026-china,michelin,2026,,Bib Gourmand,,https://guide.michelin.com/us/en/fujian-province/xiamen_1031934/restaurant/ming-yue-xia-mian-xiahe-road,Ming Yue Xia Mian (Xiahe Road),Xiamen,China,restaurant,,¥,,fujian-2026,明月虾面 (厦禾路)
michelin-2026-china,michelin,2026,,Bib Gourmand,,https://guide.michelin.com/us/en/fujian-province/xiamen_1031934/restaurant/minnan-minnan-siming,Minnan Minnan (Siming),Xiamen,China,restaurant,,¥¥,,fujian-2026,闽和南 (思明)
michelin-2026-china,michelin,2026,,Bib Gourmand,,https://guide.michelin.com/us/en/fujian-province/ningde/restaurant/ning-chuan-zu-yao-yu-wan,Ning Chuan Zu Yao Yu Wan,Ningde,China,restaurant,,¥,,fujian-2026,宁川祖耀鱼丸
michelin-2026-china,michelin,2026,,Bib Gourmand,,https://guide.michelin.com/us/en/fujian-province/xiamen_1031934/restaurant/pan-ya-yuan,Pan Ya Yuan,Xiamen,China,restaurant,,¥¥,,fujian-2026,磐雅苑
michelin-2026-china,michelin,2026,,Bib Gourmand,,https://guide.michelin.com/us/en/fujian-province/xiamen_1031934/restaurant/panda-s,Panda's,Xiamen,China,restaurant,,¥¥,,fujian-2026,胖达的川菜馆
michelin-2026-china,michelin,2026,,Bib Gourmand,,https://guide.michelin.com/us/en/fujian-province/xiamen_1031934/restaurant/shan-gu-tang,Shan Gu Tang (Xiahe Road),Xiamen,China,restaurant,,¥,,fujian-2026,善古堂 (厦禾路)
michelin-2026-china,michelin,2026,,Bib Gourmand,,https://guide.michelin.com/us/en/fujian-province/fuzhou_1026814/restaurant/shan-hai-nan-yan,Shan Hai Nan Yan,Fuzhou,China,restaurant,,¥¥,,fujian-2026,山海南筵
michelin-2026-china,michelin,2026,,Bib Gourmand,,https://guide.michelin.com/us/en/fujian-province/xiamen_1031934/restaurant/shan-li-yan-sha-cha-mian,Shan Li Yan Sha Cha Mian,Xiamen,China,restaurant,,¥,,fujian-2026,山丽妍沙茶面
michelin-2026-china,michelin,2026,,Bib Gourmand,,https://guide.michelin.com/us/en/fujian-province/fuzhou_1026814/restaurant/shang-xing,Shang Xing,Fuzhou,China,restaurant,,¥¥,,fujian-2026,尚兴
michelin-2026-china,michelin,2026,,Bib Gourmand,,https://guide.michelin.com/us/en/fujian-province/ningde/restaurant/shou-ning-mi-gao,Shou Ning Mi Gao,Ningde,China,restaurant,,¥,,fujian-2026,寿宁米糕
michelin-2026-china,michelin,2026,,Bib Gourmand,,https://guide.michelin.com/us/en/fujian-province/xiamen_1031934/restaurant/si-xia-li-huli,Si Xia Li (Huli),Xiamen,China,restaurant,,¥¥,,fujian-2026,私厦里 (湖里)
michelin-2026-china,michelin,2026,,Bib Gourmand,,https://guide.michelin.com/us/en/fujian-province/xiamen_1031934/restaurant/tong-an-fan-dian-huachang-road,Tong'an Fan Dian (Huachang Road),Xiamen,China,restaurant,,¥¥,,fujian-2026,同安饭店 (华昌路)
michelin-2026-china,michelin,2026,,Bib Gourmand,,https://guide.michelin.com/us/en/fujian-province/quanzhou_1030272/restaurant/wai-tou-niu-rou-meiling-road,Wai Tou Niu Rou (Meiling Road),Quanzhou,China,restaurant,,¥,,fujian-2026,歪头牛肉 (梅岭路)
michelin-2026-china,michelin,2026,,Bib Gourmand,,https://guide.michelin.com/us/en/fujian-province/xiamen_1031934/restaurant/wu-lan-sha-cha-mian,Wu Lan Sha Cha Mian,Xiamen,China,restaurant,,¥,,fujian-2026,五兰沙茶面
michelin-2026-china,michelin,2026,,Bib Gourmand,,https://guide.michelin.com/us/en/fujian-province/xiamen_1031934/restaurant/wu-tang-sha-cha-mian,Wu Tang Sha Cha Mian,Xiamen,China,restaurant,,¥,,fujian-2026,乌糖沙茶面
michelin-2026-china,michelin,2026,,Bib Gourmand,,https://guide.michelin.com/us/en/fujian-province/xiamen_1031934/restaurant/wuwei-natural-food,Wuwei Natural Food,Xiamen,China,restaurant,,¥¥,,fujian-2026,无味舒食
michelin-2026-china,michelin,2026,,Bib Gourmand,,https://guide.michelin.com/us/en/fujian-province/xiamen_1031934/restaurant/xian-xiong-qi,Xian Xiong Qi,Xiamen,China,restaurant,,¥¥,,fujian-2026,上青
michelin-2026-china,michelin,2026,,Bib Gourmand,,https://guide.michelin.com/us/en/fujian-province/xiamen_1031934/restaurant/xiang-mo-jin-nian-siming,Xiang Mo Jin Nian,Xiamen,China,restaurant,,¥¥,,fujian-2026,巷陌锦年
michelin-2026-china,michelin,2026,,Bib Gourmand,,https://guide.michelin.com/us/en/fujian-province/xiamen_1031934/restaurant/xiao-cheng-xi,Xiao Cheng Xi,Xiamen,China,restaurant,,¥¥,,fujian-2026,小埕戏
michelin-2026-china,michelin,2026,,Bib Gourmand,,https://guide.michelin.com/us/en/fujian-province/ningde/restaurant/xiao-dong-men-niu-rou-shui-fen-lao-dian,Xiao Dong Men Niu Rou Shui Fen Lao Dian,Ningde,China,restaurant,,¥,,fujian-2026,小东门牛肉水粉老店
michelin-2026-china,michelin,2026,,Bib Gourmand,,https://guide.michelin.com/us/en/fujian-province/fuzhou_1026814/restaurant/xingxian-mawei,Xingxian (Mawei),Fuzhou,China,restaurant,,¥¥,,fujian-2026,兴仙饭店 (马尾)
michelin-2026-china,michelin,2026,,Bib Gourmand,,https://guide.michelin.com/us/en/fujian-province/fuzhou_1026814/restaurant/ye-jia-hua-sheng-tang,Ye Jia Hua Sheng Tang,Fuzhou,China,restaurant,,¥,,fujian-2026,叶家花生汤
michelin-2026-china,michelin,2026,,Bib Gourmand,,https://guide.michelin.com/us/en/fujian-province/fuzhou_1026814/restaurant/yi-qiang-dadao-road,Yi Qiang (Dadao Road),Fuzhou,China,restaurant,,¥,,fujian-2026,老牌依强牛肉店 (达道路)
michelin-2026-china,michelin,2026,,Bib Gourmand,,https://guide.michelin.com/us/en/fujian-province/fuzhou_1026814/restaurant/yi-tong-lou,Yi Tong Lou,Fuzhou,China,restaurant,,¥¥,,fujian-2026,一同楼
michelin-2026-china,michelin,2026,,Bib Gourmand,,https://guide.michelin.com/us/en/fujian-province/fuzhou_1026814/restaurant/yong-zhou-ji-bian-rou-jinrong-south-road,Yong Zhou Ji Bian Rou (Jinrong South Road),Fuzhou,China,restaurant,,¥,,fujian-2026,永周记扁肉 (金榕南路)
michelin-2026-china,michelin,2026,,Bib Gourmand,,https://guide.michelin.com/us/en/fujian-province/fuzhou_1026814/restaurant/yu-xian-lou,Yu Xian Lou,Fuzhou,China,restaurant,,¥¥,,fujian-2026,鱼仙楼
michelin-2026-china,michelin,2026,,Bib Gourmand,,https://guide.michelin.com/us/en/fujian-province/xiamen_1031934/restaurant/yue-hua-sha-cha-mian,Yue Hua Sha Cha Mian,Xiamen,China,restaurant,,¥,,fujian-2026,月华沙茶面
michelin-2026-china,michelin,2026,,Bib Gourmand,,https://guide.michelin.com/us/en/fujian-province/quanzhou_1030272/restaurant/zhang-lin-a-shan-jiang-mu-ya,Zhang Lin A Shan Jiang Mu Ya,Quanzhou,China,restaurant,,¥,,fujian-2026,张林阿山姜母鸭
michelin-2026-china,michelin,2026,,Bib Gourmand,,https://guide.michelin.com/us/en/fujian-province/xiamen_1031934/restaurant/zhen-zhen-hai-li-jian,Zhen Zhen Hai Li Jian,Xiamen,China,restaurant,,¥,,fujian-2026,珍珍海蛎煎
michelin-2026-china,michelin,2026,,Bib Gourmand,,https://guide.michelin.com/us/en/fujian-province/quanzhou_1030272/restaurant/zhong-ji-yan-shao-fan-ya,Zhong Ji Yan Shao Fan Ya,Quanzhou,China,restaurant,,¥,,fujian-2026,忠记盐烧番鸭
michelin-2026-china,michelin,2026,,Bib Gourmand,,https://guide.michelin.com/us/en/fujian-province/quanzhou_1030272/restaurant/zhuang-ji-quan-fu-lu-mian-guan,Zhuang Ji Quan Fu Lu Mian Guan,Quanzhou,China,restaurant,,¥,,fujian-2026,庄记泉府卤面馆
michelin-2026-china,michelin,2026,,Two Stars,,https://guide.michelin.com/us/en/guangdong-province/guangzhou/restaurant/imperial-treasure-fine-chinese-cuisine-559150,Imperial Treasure Fine Chinese Cuisine,Guangzhou,China,restaurant,,¥¥¥,,guangzhou-shenzhen-2026,御宝轩
michelin-2026-china,michelin,2026,,Two Stars,,https://guide.michelin.com/us/en/guangdong-province/guangzhou/restaurant/jiang-by-chef-fei,Jiang by Chef Fei,Guangzhou,China,restaurant,,¥¥¥,,guangzhou-shenzhen-2026,江
michelin-2026-china,michelin,2026,,Two Stars,,https://guide.michelin.com/us/en/guangdong-province/guangzhou/restaurant/taian-table-1195975,Taian Table,Guangzhou,China,restaurant,,¥¥¥¥,,guangzhou-shenzhen-2026,泰安门
michelin-2026-china,michelin,2026,,Two Stars,,https://guide.michelin.com/us/en/guangdong-province/shenzhen_1030672/restaurant/the-bay-by-chef-fei,The Bay by Chef Fei,Shenzhen,China,restaurant,,¥¥¥,,guangzhou-shenzhen-2026,东湾
michelin-2026-china,michelin,2026,,Two Stars,,https://guide.michelin.com/us/en/guangdong-province/shenzhen_1030672/restaurant/yun-jing,Yun Jing,Shenzhen,China,restaurant,,¥¥¥¥,,guangzhou-shenzhen-2026,云璟
michelin-2026-china,michelin,2026,,One Star,,https://guide.michelin.com/us/en/guangdong-province/guangzhou/restaurant/bingsheng-mansion,BingSheng Mansion (Xiancun Road),Guangzhou,China,restaurant,,¥¥¥,,guangzhou-shenzhen-2026,炳胜公馆 (冼村路)
michelin-2026-china,michelin,2026,,One Star,,https://guide.michelin.com/us/en/guangdong-province/guangzhou/restaurant/bingsheng-private-kitchen,BingSheng Private Kitchen (Tianhe East Road),Guangzhou,China,restaurant,,¥¥¥,,guangzhou-shenzhen-2026,炳胜私厨 (天河东路)
michelin-2026-china,michelin,2026,,One Star,,https://guide.michelin.com/us/en/guangdong-province/shenzhen_1030672/restaurant/chao-shang-chao-1244756,Chao Shang Chao,Shenzhen,China,restaurant,,¥¥¥,,guangzhou-shenzhen-2026,潮上潮
michelin-2026-china,michelin,2026,,One Star,,https://guide.michelin.com/us/en/guangdong-province/guangzhou/restaurant/chowa,Chōwa,Guangzhou,China,restaurant,,¥¥¥¥,,guangzhou-shenzhen-2026,Chōwa
michelin-2026-china,michelin,2026,,One Star,,https://guide.michelin.com/us/en/guangdong-province/shenzhen_1030672/restaurant/ensue,Ensue,Shenzhen,China,restaurant,,¥¥¥¥,,guangzhou-shenzhen-2026,Ensue
michelin-2026-china,michelin,2026,,One Star,,https://guide.michelin.com/us/en/guangdong-province/shenzhen_1030672/restaurant/fumee-1243502,Fumée,Shenzhen,China,restaurant,,¥¥¥¥,,guangzhou-shenzhen-2026,拂鸣
michelin-2026-china,michelin,2026,,One Star,,https://guide.michelin.com/us/en/guangdong-province/guangzhou/restaurant/hongtu-hall,Hongtu Hall,Guangzhou,China,restaurant,,¥¥,,guangzhou-shenzhen-2026,宏图府
michelin-2026-china,michelin,2026,,One Star,,https://guide.michelin.com/us/en/guangdong-province/guangzhou/restaurant/imperial-treasure-fine-teochew-cuisine-1190416,Imperial Treasure Fine Teochew Cuisine,Guangzhou,China,restaurant,,¥¥¥,,guangzhou-shenzhen-2026,御宝阁
michelin-2026-china,michelin,2026,,One Star,,https://guide.michelin.com/us/en/guangdong-province/guangzhou/restaurant/jade-river,Jade River,Guangzhou,China,restaurant,,¥¥¥,,guangzhou-shenzhen-2026,玉堂春暖
michelin-2026-china,michelin,2026,,One Star,,https://guide.michelin.com/us/en/guangdong-province/guangzhou/restaurant/lai-heen-559155,Lai Heen,Guangzhou,China,restaurant,,¥¥¥,,guangzhou-shenzhen-2026,丽轩
michelin-2026-china,michelin,2026,,One Star,,https://guide.michelin.com/us/en/guangdong-province/guangzhou/restaurant/lei-garden-yuexiu,Lei Garden (Yuexiu),Guangzhou,China,restaurant,,¥¥,,guangzhou-shenzhen-2026,利苑 (越秀)
michelin-2026-china,michelin,2026,,One Star,,https://guide.michelin.com/us/en/guangdong-province/guangzhou/restaurant/lingnan-house,Lingnan House,Guangzhou,China,restaurant,,¥¥¥,,guangzhou-shenzhen-2026,广御轩
michelin-2026-china,michelin,2026,,One Star,,https://guide.michelin.com/us/en/guangdong-province/shenzhen_1030672/restaurant/opus-388,Opus 388,Shenzhen,China,restaurant,,¥¥¥¥,,guangzhou-shenzhen-2026,Opus 388
michelin-2026-china,michelin,2026,,One Star,,https://guide.michelin.com/us/en/guangdong-province/guangzhou/restaurant/song,Song,Guangzhou,China,restaurant,,¥¥,,guangzhou-shenzhen-2026,宋
michelin-2026-china,michelin,2026,,One Star,,https://guide.michelin.com/us/en/guangdong-province/guangzhou/restaurant/stiller,Stiller,Guangzhou,China,restaurant,,¥¥¥,,guangzhou-shenzhen-2026,斯蒂勒
michelin-2026-china,michelin,2026,,One Star,,https://guide.michelin.com/us/en/guangdong-province/guangzhou/restaurant/suyab-courtyard%E3%83%BBpickmoon-gourmet,Suyab Courtyard・Pickmoon Gourmet,Guangzhou,China,restaurant,,¥¥¥¥,,guangzhou-shenzhen-2026,岁集院子·拾月
michelin-2026-china,michelin,2026,,One Star,,https://guide.michelin.com/us/en/guangdong-province/guangzhou/restaurant/wisca-haizhu,Wisca (Haizhu),Guangzhou,China,restaurant,,¥¥,,guangzhou-shenzhen-2026,惠食佳 (海珠)
michelin-2026-china,michelin,2026,,One Star,,https://guide.michelin.com/us/en/guangdong-province/guangzhou/restaurant/xin-ji,Xin Ji,Guangzhou,China,restaurant,,¥¥,,guangzhou-shenzhen-2026,信记海鲜饭店
michelin-2026-china,michelin,2026,,One Star,,https://guide.michelin.com/us/en/guangdong-province/shenzhen_1030672/restaurant/xin-rong-ji-1244722,Xin Rong Ji,Shenzhen,China,restaurant,,¥¥¥,,guangzhou-shenzhen-2026,新荣记
michelin-2026-china,michelin,2026,,One Star,,https://guide.michelin.com/us/en/guangdong-province/guangzhou/restaurant/yong,Yong,Guangzhou,China,restaurant,,¥¥¥¥,,guangzhou-shenzhen-2026,兰亭永
michelin-2026-china,michelin,2026,,One Star,,https://guide.michelin.com/us/en/guangdong-province/guangzhou/restaurant/yu-garden,Yu Garden,Guangzhou,China,restaurant,,¥¥,,guangzhou-shenzhen-2026,屿
michelin-2026-china,michelin,2026,,One Star,,https://guide.michelin.com/us/en/guangdong-province/guangzhou/restaurant/yu-yue-heen,Yu Yue Heen,Guangzhou,China,restaurant,,¥¥¥¥,,guangzhou-shenzhen-2026,愉粤轩
michelin-2026-china,michelin,2026,,Bib Gourmand,,https://guide.michelin.com/us/en/guangdong-province/guangzhou/restaurant/baode-dunhe-road,Baode (Dunhe Road),Guangzhou,China,restaurant,,¥¥,,guangzhou-shenzhen-2026,抱德 (敦和路)
michelin-2026-china,michelin,2026,,Bib Gourmand,,https://guide.michelin.com/us/en/guangdong-province/guangzhou/restaurant/chuang-fa,Chuang Fa,Guangzhou,China,restaurant,,¥,,guangzhou-shenzhen-2026,创发
michelin-2026-china,michelin,2026,,Bib Gourmand,,https://guide.michelin.com/us/en/guangdong-province/shenzhen_1030672/restaurant/cuihu-nanshan,Cuihu (Nanshan),Shenzhen,China,restaurant,,¥¥,,guangzhou-shenzhen-2026,翠湖 (南山)
michelin-2026-china,michelin,2026,,Bib Gourmand,,https://guide.michelin.com/us/en/guangdong-province/guangzhou/restaurant/da-ge-fan-tangxiayong-west-road,Da Ge Fan (Tangxiayong West Road),Guangzhou,China,restaurant,,¥¥,,guangzhou-shenzhen-2026,大鸽饭 (棠下涌西路)
michelin-2026-china,michelin,2026,,Bib Gourmand,,https://guide.michelin.com/us/en/guangdong-province/shenzhen_1030672/restaurant/da-tang-liang-tang,Da Tang Liang Tang,Shenzhen,China,restaurant,,¥¥,,guangzhou-shenzhen-2026,大唐靓汤
michelin-2026-china,michelin,2026,,Bib Gourmand,,https://guide.michelin.com/us/en/guangdong-province/guangzhou/restaurant/dai-yong-town,Dai Yong Town,Guangzhou,China,restaurant,,¥¥,,guangzhou-shenzhen-2026,大洋家
michelin-2026-china,michelin,2026,,Bib Gourmand,,https://guide.michelin.com/us/en/guangdong-province/guangzhou/restaurant/dayang-wenming-road,Dayang (Wenming Road),Guangzhou,China,restaurant,,¥,,guangzhou-shenzhen-2026,达扬原味炖品 (文明路)
michelin-2026-china,michelin,2026,,Bib Gourmand,,https://guide.michelin.com/us/en/guangdong-province/shenzhen_1030672/restaurant/dioswa-bistro,Dioswa Bistro,Shenzhen,China,restaurant,,¥¥,,guangzhou-shenzhen-2026,回潮粥
michelin-2026-china,michelin,2026,,Bib Gourmand,,https://guide.michelin.com/us/en/guangdong-province/guangzhou/restaurant/e-qian-ya-hou,E Qian Ya Hou,Guangzhou,China,restaurant,,¥,,guangzhou-shenzhen-2026,吴记鹅前鸭后
michelin-2026-china,michelin,2026,,Bib Gourmand,,https://guide.michelin.com/us/en/guangdong-province/guangzhou/restaurant/ease-yuexiu,Ease (Yuexiu),Guangzhou,China,restaurant,,¥¥,,guangzhou-shenzhen-2026,榕意 (越秀)
michelin-2026-china,michelin,2026,,Bib Gourmand,,https://guide.michelin.com/us/en/guangdong-province/guangzhou/restaurant/enning-liu-fu-ji-donghua-east-road,Enning Liu Fu Ji (Donghua East Road),Guangzhou,China,restaurant,,¥,,guangzhou-shenzhen-2026,恩宁刘福记 (东华东路)
michelin-2026-china,michelin,2026,,Bib Gourmand,,https://guide.michelin.com/us/en/guangdong-province/guangzhou/restaurant/fa-sing-garden-jinsui-road,Fa Sing Garden (Jinsui Road),Guangzhou,China,restaurant,,¥¥,,guangzhou-shenzhen-2026,花城苑 (金穗路)
michelin-2026-china,michelin,2026,,Bib Gourmand,,https://guide.michelin.com/us/en/guangdong-province/shenzhen_1030672/restaurant/fat-kee,Fat Kee,Shenzhen,China,restaurant,,¥¥,,guangzhou-shenzhen-2026,发记烧鹅美食
michelin-2026-china,michelin,2026,,Bib Gourmand,,https://guide.michelin.com/us/en/guangdong-province/guangzhou/restaurant/ft-bak-kut-teh,FT · Bak Kut Teh (Yuexiu),Guangzhou,China,restaurant,,¥,,guangzhou-shenzhen-2026,肥豚肉骨茶 (越秀)
michelin-2026-china,michelin,2026,,Bib Gourmand,,https://guide.michelin.com/us/en/guangdong-province/shenzhen_1030672/restaurant/gao-san-jie-dou-hua-dian,Gao San Jie Dou Hua Dian,Shenzhen,China,restaurant,,¥,,guangzhou-shenzhen-2026,高三姐豆花店
michelin-2026-china,michelin,2026,,Bib Gourmand,,https://guide.michelin.com/us/en/guangdong-province/shenzhen_1030672/restaurant/ge-ji-mei-ji-xian,Ge Ji Mei Ji Xian,Shenzhen,China,restaurant,,¥¥,,guangzhou-shenzhen-2026,戈记美极鲜
michelin-2026-china,michelin,2026,,Bib Gourmand,,https://guide.michelin.com/us/en/guangdong-province/guangzhou/restaurant/hai-men-yu-zi-dian-yanling-road,Hai Men Yu Zi Dian (Yanling Road),Guangzhou,China,restaurant,,¥¥,,guangzhou-shenzhen-2026,海门鱼仔店 (燕岭路)
michelin-2026-china,michelin,2026,,Bib Gourmand,,https://guide.michelin.com/us/en/guangdong-province/guangzhou/restaurant/hai-xian-jie-cai-guan,Hai Xian Jie Cai Guan,Guangzhou,China,restaurant,,¥¥,,guangzhou-shenzhen-2026,海鲜街菜馆
michelin-2026-china,michelin,2026,,Bib Gourmand,,https://guide.michelin.com/us/en/guangdong-province/guangzhou/restaurant/hua-ge-si-chu,Hua Ge Si Chu,Guangzhou,China,restaurant,,¥,,guangzhou-shenzhen-2026,华哥私厨
michelin-2026-china,michelin,2026,,Bib Gourmand,,https://guide.michelin.com/us/en/guangdong-province/shenzhen_1030672/restaurant/hua-zhou-b-ji-fan-dian,Hua Zhou B Ji Fan Dian,Shenzhen,China,restaurant,,¥,,guangzhou-shenzhen-2026,化州B记饭店
michelin-2026-china,michelin,2026,,Bib Gourmand,,https://guide.michelin.com/us/en/guangdong-province/guangzhou/restaurant/hui-xing-yuan,Hui Xing Yuan,Guangzhou,China,restaurant,,¥,,guangzhou-shenzhen-2026,汇兴源
michelin-2026-china,michelin,2026,,Bib Gourmand,,https://guide.michelin.com/us/en/guangdong-province/guangzhou/restaurant/hunan-cuisine,Hunan Cuisine,Guangzhou,China,restaurant,,¥¥,,guangzhou-shenzhen-2026,田间湘食
michelin-2026-china,michelin,2026,,Bib Gourmand,,https://guide.michelin.com/us/en/guangdong-province/guangzhou/restaurant/jia-yuan,Jia Yuan,Guangzhou,China,restaurant,,¥,,guangzhou-shenzhen-2026,家源素食
michelin-2026-china,michelin,2026,,Bib Gourmand,,https://guide.michelin.com/us/en/guangdong-province/guangzhou/restaurant/jian-ji,Jian Ji (Liwan),Guangzhou,China,restaurant,,¥,,guangzhou-shenzhen-2026,坚记 (荔湾)
michelin-2026-china,michelin,2026,,Bib Gourmand,,https://guide.michelin.com/us/en/guangdong-province/shenzhen_1030672/restaurant/jie-yang-lao-er-guo-tiao-tang,Jie Yang Lao Er Guo Tiao Tang,Shenzhen,China,restaurant,,¥,,guangzhou-shenzhen-2026,揭阳老二粿条汤
michelin-2026-china,michelin,2026,,Bib Gourmand,,https://guide.michelin.com/us/en/guangdong-province/shenzhen_1030672/restaurant/jiu-jiu-noodle,Jiu Jiu Noodle,Shenzhen,China,restaurant,,¥,,guangzhou-shenzhen-2026,九九面馆
michelin-2026-china,michelin,2026,,Bib Gourmand,,https://guide.michelin.com/us/en/guangdong-province/guangzhou/restaurant/lao-xiguan-laifen-wenming-road,Lao Xiguan Laifen (Wenming Road),Guangzhou,China,restaurant,,¥,,guangzhou-shenzhen-2026,老西关濑粉 (文明路)
michelin-2026-china,michelin,2026,,Bib Gourmand,,https://guide.michelin.com/us/en/guangdong-province/guangzhou/restaurant/liang-jie-nanning-pumiao-shengzha-mifen,Liang Jie Nanning Pumiao Shengzha Mifen,Guangzhou,China,restaurant,,¥,,guangzhou-shenzhen-2026,靓姐南宁蒲庙生榨米粉
michelin-2026-china,michelin,2026,,Bib Gourmand,,https://guide.michelin.com/us/en/guangdong-province/guangzhou/restaurant/hai-yan-lou-binjiang-east-road,Lingnan Haiyanlou (Binjiang East Road),Guangzhou,China,restaurant,,¥¥,,guangzhou-shenzhen-2026,岭南海晏楼 (滨江东路)
michelin-2026-china,michelin,2026,,Bib Gourmand,,https://guide.michelin.com/us/en/guangdong-province/shenzhen_1030672/restaurant/little-tok-panjang,Little Tok Panjang,Shenzhen,China,restaurant,,¥¥,,guangzhou-shenzhen-2026,小桌宴
michelin-2026-china,michelin,2026,,Bib Gourmand,,https://guide.michelin.com/us/en/guangdong-province/shenzhen_1030672/restaurant/mai-yu-lao-sha-guo-zhou,Mai Yu Lao Sha Guo Zhou,Shenzhen,China,restaurant,,¥¥,,guangzhou-shenzhen-2026,卖鱼佬砂锅粥
michelin-2026-china,michelin,2026,,Bib Gourmand,,https://guide.michelin.com/us/en/guangdong-province/guangzhou/restaurant/mamak,Mamak,Guangzhou,China,restaurant,,¥,,guangzhou-shenzhen-2026,嘛嘛档
michelin-2026-china,michelin,2026,,Bib Gourmand,,https://guide.michelin.com/us/en/guangdong-province/guangzhou/restaurant/mei-lu-xiao-chu,Mei Lu Xiao Chu,Guangzhou,China,restaurant,,¥¥,,guangzhou-shenzhen-2026,梅麓小厨
michelin-2026-china,michelin,2026,,Bib Gourmand,,https://guide.michelin.com/us/en/guangdong-province/guangzhou/restaurant/mian-ji-yuexiu,Mian Ji (Yuexiu),Guangzhou,China,restaurant,,¥,,guangzhou-shenzhen-2026,勉记炖品皇 (越秀)
michelin-2026-china,michelin,2026,,Bib Gourmand,,https://guide.michelin.com/us/en/guangdong-province/guangzhou/restaurant/nan-yuan,Nan Yuan,Guangzhou,China,restaurant,,¥¥,,guangzhou-shenzhen-2026,南园酒家
michelin-2026-china,michelin,2026,,Bib Gourmand,,https://guide.michelin.com/us/en/guangdong-province/shenzhen_1030672/restaurant/pier-3,Pier 3,Shenzhen,China,restaurant,,¥¥,,guangzhou-shenzhen-2026,3号码头
michelin-2026-china,michelin,2026,,Bib Gourmand,,https://guide.michelin.com/us/en/guangdong-province/guangzhou/restaurant/taste-soar-%C3%97-da-tou-hui,Qi Cun Da Tou Hui,Guangzhou,China,restaurant,,¥¥,,guangzhou-shenzhen-2026,七寸大头辉
michelin-2026-china,michelin,2026,,Bib Gourmand,,https://guide.michelin.com/us/en/guangdong-province/shenzhen_1030672/restaurant/rex-shan-shui-chang-fen,Rex Shan Shui Chang Fen,Shenzhen,China,restaurant,,¥,,guangzhou-shenzhen-2026,Rex山水肠粉
michelin-2026-china,michelin,2026,,Bib Gourmand,,https://guide.michelin.com/us/en/guangdong-province/guangzhou/restaurant/rong-yi-fa-niu-za-dian-shishu-road,Rong Yi Fa Niu Za Dian (Yuexiu),Guangzhou,China,restaurant,,¥,,guangzhou-shenzhen-2026,容意发牛杂店 (越秀)
michelin-2026-china,michelin,2026,,Bib Gourmand,,https://guide.michelin.com/us/en/guangdong-province/guangzhou/restaurant/ru-yi-chuan-tong-zhu-sheng-mian,Ru Yi Chuan Tong Zhu Sheng Mian,Guangzhou,China,restaurant,,¥,,guangzhou-shenzhen-2026,茹意传统竹升面
michelin-2026-china,michelin,2026,,Bib Gourmand,,https://guide.michelin.com/us/en/guangdong-province/guangzhou/restaurant/sa-er-ta-dongxiang-shou-zhua,Sa Er Ta Dongxiang Shou Zhua,Guangzhou,China,restaurant,,¥¥,,guangzhou-shenzhen-2026,撒尔塔东乡手抓
michelin-2026-china,michelin,2026,,Bib Gourmand,,https://guide.michelin.com/us/en/guangdong-province/shenzhen_1030672/restaurant/show-hands,Show Hands,Shenzhen,China,restaurant,,¥¥,,guangzhou-shenzhen-2026,露两手
michelin-2026-china,michelin,2026,,Bib Gourmand,,https://guide.michelin.com/us/en/guangdong-province/guangzhou/restaurant/si-mao-cai-guan,Si Mao Cai Guan,Guangzhou,China,restaurant,,¥,,guangzhou-shenzhen-2026,思茅菜馆
michelin-2026-china,michelin,2026,,Bib Gourmand,,https://guide.michelin.com/us/en/guangdong-province/guangzhou/restaurant/song-yuan,Song Yuan,Guangzhou,China,restaurant,,¥¥,,guangzhou-shenzhen-2026,松苑
michelin-2026-china,michelin,2026,,Bib Gourmand,,https://guide.michelin.com/us/en/guangdong-province/guangzhou/restaurant/soodle-jinsui-road,Soodle,Guangzhou,China,restaurant,,¥¥,,guangzhou-shenzhen-2026,蔬稻
michelin-2026-china,michelin,2026,,Bib Gourmand,,https://guide.michelin.com/us/en/guangdong-province/guangzhou/restaurant/stay-here,Stay Here,Guangzhou,China,restaurant,,¥¥,,guangzhou-shenzhen-2026,开小灶
michelin-2026-china,michelin,2026,,Bib Gourmand,,https://guide.michelin.com/us/en/guangdong-province/guangzhou/restaurant/tai-shan-lao-biao-xian-tang-yuan-xihua-road,Tai Shan Lao Biao Xian Tang Yuan (Xihua Road),Guangzhou,China,restaurant,,¥,,guangzhou-shenzhen-2026,台山老表咸汤圆 (西华路)
michelin-2026-china,michelin,2026,,Bib Gourmand,,https://guide.michelin.com/us/en/guangdong-province/shenzhen_1030672/restaurant/tai-shan-lao-huang-shan-fan,Tai Shan Lao Huang Shan Fan,Shenzhen,China,restaurant,,¥¥,,guangzhou-shenzhen-2026,台山佬黄鳝饭
michelin-2026-china,michelin,2026,,Bib Gourmand,,https://guide.michelin.com/us/en/guangdong-province/guangzhou/restaurant/temple-street,Temple Street,Guangzhou,China,restaurant,,¥,,guangzhou-shenzhen-2026,香港庙街煲仔饭
michelin-2026-china,michelin,2026,,Bib Gourmand,,https://guide.michelin.com/us/en/guangdong-province/guangzhou/restaurant/tong-ji,Tong Ji,Guangzhou,China,restaurant,,¥,,guangzhou-shenzhen-2026,同记鸡粥粉面
michelin-2026-china,michelin,2026,,Bib Gourmand,,https://guide.michelin.com/us/en/guangdong-province/guangzhou/restaurant/wei-shi-jia,Wei Shi Jia,Guangzhou,China,restaurant,,¥,,guangzhou-shenzhen-2026,味食家
michelin-2026-china,michelin,2026,,Bib Gourmand,,https://guide.michelin.com/us/en/guangdong-province/guangzhou/restaurant/wen-ji-yixinji,Wen Ji Yixinji,Guangzhou,China,restaurant,,¥¥,,guangzhou-shenzhen-2026,文记壹心鸡
michelin-2026-china,michelin,2026,,Bib Gourmand,,https://guide.michelin.com/us/en/guangdong-province/guangzhou/restaurant/wuchuan-hao-wei-lai,Wuchuan Hao Wei Lai,Guangzhou,China,restaurant,,¥,,guangzhou-shenzhen-2026,吴川好味来
michelin-2026-china,michelin,2026,,Bib Gourmand,,https://guide.michelin.com/us/en/guangdong-province/guangzhou/restaurant/xiang-qun-longjin-east-road,Xiang Qun (Longjin East Road),Guangzhou,China,restaurant,,¥,,guangzhou-shenzhen-2026,向群 (龙津东路)
michelin-2026-china,michelin,2026,,Bib Gourmand,,https://guide.michelin.com/us/en/guangdong-province/shenzhen_1030672/restaurant/xiao-fu-rong,Xiao Fu Rong,Shenzhen,China,restaurant,,¥,,guangzhou-shenzhen-2026,小芙蓉餐厅
michelin-2026-china,michelin,2026,,Bib Gourmand,,https://guide.michelin.com/us/en/guangdong-province/shenzhen_1030672/restaurant/xiao-long-niu-rou-mian-futian,Xiao Long Niu Rou Mian (Futian),Shenzhen,China,restaurant,,¥,,guangzhou-shenzhen-2026,小龙牛肉面 (福田)
michelin-2026-china,michelin,2026,,Bib Gourmand,,https://guide.michelin.com/us/en/guangdong-province/guangzhou/restaurant/xiguan-zhuyuan-lizhiwan,Xiguan Zhuyuan (Lizhiwan),Guangzhou,China,restaurant,,¥,,guangzhou-shenzhen-2026,西关竹园 (荔枝湾)
michelin-2026-china,michelin,2026,,Bib Gourmand,,https://guide.michelin.com/us/en/guangdong-province/guangzhou/restaurant/xiguan-zhuyuan-shiba-fu,Xiguan Zhuyuan (Shiba Fu),Guangzhou,China,restaurant,,¥,,guangzhou-shenzhen-2026,西关竹园 (十八甫)
michelin-2026-china,michelin,2026,,Bib Gourmand,,https://guide.michelin.com/us/en/guangdong-province/shenzhen_1030672/restaurant/xin-hu-cun-cu-rou-longhua-jianshe-road,Xin Hu Cun Cu Rou (Longhua Jianshe Road),Shenzhen,China,restaurant,,¥,,guangzhou-shenzhen-2026,新湖村促肉 (龙华建设路)
michelin-2026-china,michelin,2026,,Bib Gourmand,,https://guide.michelin.com/us/en/guangdong-province/shenzhen_1030672/restaurant/xin-ji-ke-jia-wei-dao,Xin Ji Ke Jia Wei Dao,Shenzhen,China,restaurant,,¥,,guangzhou-shenzhen-2026,新记客家味道
michelin-2026-china,michelin,2026,,Bib Gourmand,,https://guide.michelin.com/us/en/guangdong-province/guangzhou/restaurant/xin-tai-le-yuexiu,Xin Tai Le (Yuexiu),Guangzhou,China,restaurant,,¥¥,,guangzhou-shenzhen-2026,新泰乐 (越秀)
michelin-2026-china,michelin,2026,,Bib Gourmand,,https://guide.michelin.com/us/en/guangdong-province/guangzhou/restaurant/xin-wen-ji-yuexiu,Xin Wen Ji (Panfu Road),Guangzhou,China,restaurant,,¥¥,,guangzhou-shenzhen-2026,新文记饭庄 (盘福路)
michelin-2026-china,michelin,2026,,Bib Gourmand,,https://guide.michelin.com/us/en/guangdong-province/guangzhou/restaurant/xing-fu-yi-zhan,Xing Fu Yi Zhan (Yulei Third Street),Guangzhou,China,restaurant,,¥¥,,guangzhou-shenzhen-2026,幸福驿站 (育蕾三街)
michelin-2026-china,michelin,2026,,Bib Gourmand,,https://guide.michelin.com/us/en/guangdong-province/shenzhen_1030672/restaurant/xingning-ke-jia-cai-guan-meicun-road,Xingning Ke Jia Cai Guan (Meicun Road),Shenzhen,China,restaurant,,¥¥,,guangzhou-shenzhen-2026,兴宁客家菜馆 (梅村路)
michelin-2026-china,michelin,2026,,Bib Gourmand,,https://guide.michelin.com/us/en/guangdong-province/guangzhou/restaurant/ya-yuan,Ya Yuan,Guangzhou,China,restaurant,,¥¥,,guangzhou-shenzhen-2026,雅苑
michelin-2026-china,michelin,2026,,Bib Gourmand,,https://guide.michelin.com/us/en/guangdong-province/guangzhou/restaurant/yao-ji,Yao Ji,Guangzhou,China,restaurant,,¥¥,,guangzhou-shenzhen-2026,腰记
michelin-2026-china,michelin,2026,,Bib Gourmand,,https://guide.michelin.com/us/en/guangdong-province/guangzhou/restaurant/yong-zuo-baoye-north-street,Yong Zuo,Guangzhou,China,restaurant,,¥,,guangzhou-shenzhen-2026,咏作
michelin-2026-china,michelin,2026,,Bib Gourmand,,https://guide.michelin.com/us/en/guangdong-province/guangzhou/restaurant/yu-yuen,Yu Yuen,Guangzhou,China,restaurant,,¥¥,,guangzhou-shenzhen-2026,愉园饭店
michelin-2026-china,michelin,2026,,Bib Gourmand,,https://guide.michelin.com/us/en/guangdong-province/shenzhen_1030672/restaurant/yuan-sheng-tai,Yuan Sheng Tai,Shenzhen,China,restaurant,,¥¥,,guangzhou-shenzhen-2026,缘生态
michelin-2026-china,michelin,2026,,Bib Gourmand,,https://guide.michelin.com/us/en/guangdong-province/guangzhou/restaurant/ze-8,Ze 8 (Haizhu),Guangzhou,China,restaurant,,¥¥,,guangzhou-shenzhen-2026,啫八 (海珠)
michelin-2026-china,michelin,2026,,Bib Gourmand,,https://guide.michelin.com/us/en/guangdong-province/guangzhou/restaurant/zhou-men,Zhou Men,Guangzhou,China,restaurant,,¥,,guangzhou-shenzhen-2026,周门
michelin-2026-china,michelin,2026,,Bib Gourmand,,https://guide.michelin.com/us/en/guangdong-province/guangzhou/restaurant/zhu-zai-ji-shi-fu-jiangnan-avenue,Zhu Zai Ji Shi Fu (Jiangnan Avenue),Guangzhou,China,restaurant,,¥,,guangzhou-shenzhen-2026,朱仔记食府 (江南大道)
michelin-2026-china,michelin,2026,,Bib Gourmand,,https://guide.michelin.com/us/en/guangdong-province/guangzhou/restaurant/zijin-shi-fang,Zijin Shi Fang,Guangzhou,China,restaurant,,¥,,guangzhou-shenzhen-2026,紫金食坊
michelin-2026-china,michelin,2026,,Three Stars,,https://guide.michelin.com/us/en/shanghai-municipality/shanghai/restaurant/taian-table,Taian Table,Shanghai,China,restaurant,,¥¥¥¥,,shanghai-jiangsu-zhejiang-2026,泰安门
michelin-2026-china,michelin,2026,,Two Stars,,https://guide.michelin.com/us/en/shanghai-municipality/shanghai/restaurant/8-%C2%BD-otto-e-mezzo-bombana,8 ½ Otto e Mezzo Bombana,Shanghai,China,restaurant,,¥¥¥¥,,shanghai-jiangsu-zhejiang-2026,8 ½ Otto e Mezzo Bombana
michelin-2026-china,michelin,2026,,Two Stars,,https://guide.michelin.com/us/en/shanghai-municipality/shanghai/restaurant/amazing-chinese-cuisine-changning,Amazing Chinese Cuisine (Changning),Shanghai,China,restaurant,,¥¥¥¥,,shanghai-jiangsu-zhejiang-2026,菁禧荟 (长宁)
michelin-2026-china,michelin,2026,,Two Stars,,https://guide.michelin.com/us/en/shanghai-municipality/shanghai/restaurant/bao-li-xuan,Bao Li Xuan,Shanghai,China,restaurant,,¥¥¥¥,,shanghai-jiangsu-zhejiang-2026,宝丽轩
michelin-2026-china,michelin,2026,,Two Stars,,https://guide.michelin.com/us/en/shanghai-municipality/shanghai/restaurant/canton-8-runan-street,Canton 8 (Huangpu),Shanghai,China,restaurant,,¥¥,,shanghai-jiangsu-zhejiang-2026,喜粤8号 (黄浦）
michelin-2026-china,michelin,2026,,Two Stars,,https://guide.michelin.com/us/en/shanghai-municipality/shanghai/restaurant/da-vittorio-570570,Da Vittorio,Shanghai,China,restaurant,,¥¥¥¥,,shanghai-jiangsu-zhejiang-2026,Da Vittorio
michelin-2026-china,michelin,2026,,Two Stars,,https://guide.michelin.com/us/en/shanghai-municipality/shanghai/restaurant/fu-he-hui,Fu He Hui,Shanghai,China,restaurant,,¥¥¥¥,,shanghai-jiangsu-zhejiang-2026,福和慧
michelin-2026-china,michelin,2026,,Two Stars,,https://guide.michelin.com/us/en/shanghai-municipality/shanghai/restaurant/imperial-treasure-fine-chinese-cuisine-huangpu,Imperial Treasure Fine Chinese Cuisine,Shanghai,China,restaurant,,¥¥¥,,shanghai-jiangsu-zhejiang-2026,御宝轩
michelin-2026-china,michelin,2026,,Two Stars,,https://guide.michelin.com/us/en/shanghai-municipality/shanghai/restaurant/ji-pin-court,Ji Pin Court,Shanghai,China,restaurant,,¥¥¥,,shanghai-jiangsu-zhejiang-2026,吉品轩
michelin-2026-china,michelin,2026,,Two Stars,,https://guide.michelin.com/us/en/zhe-jiang/hangzhou_1027184/restaurant/jie-xiang-lou,Jie Xiang Lou,Hangzhou,China,restaurant,,¥¥¥,,shanghai-jiangsu-zhejiang-2026,解香楼
michelin-2026-china,michelin,2026,,Two Stars,,https://guide.michelin.com/us/en/zhe-jiang/hangzhou_1027184/restaurant/ru-yuan,Ru Yuan,Hangzhou,China,restaurant,,¥¥¥,,shanghai-jiangsu-zhejiang-2026,如院
michelin-2026-china,michelin,2026,,Two Stars,,https://guide.michelin.com/us/en/shanghai-municipality/shanghai/restaurant/t-ang-court-506725,T'ang Court,Shanghai,China,restaurant,,¥¥¥¥,,shanghai-jiangsu-zhejiang-2026,唐阁
michelin-2026-china,michelin,2026,,Two Stars,,https://guide.michelin.com/us/en/shanghai-municipality/shanghai/restaurant/the-house-of-rong,The House of Rong,Shanghai,China,restaurant,,¥¥¥¥,,shanghai-jiangsu-zhejiang-2026,荣府宴
michelin-2026-china,michelin,2026,,Two Stars,,https://guide.michelin.com/us/en/shanghai-municipality/shanghai/restaurant/tou-zao,Tou Zao,Shanghai,China,restaurant,,¥¥¥¥,,shanghai-jiangsu-zhejiang-2026,头灶
michelin-2026-china,michelin,2026,,One Star,,https://guide.michelin.com/us/en/zhe-jiang/hangzhou_1027184/restaurant/ambre-ciel,Ambré Ciel,Hangzhou,China,restaurant,,¥¥¥¥,,shanghai-jiangsu-zhejiang-2026,珀
michelin-2026-china,michelin,2026,,One Star,,https://guide.michelin.com/us/en/shanghai-municipality/shanghai/restaurant/canton-table,Canton Table,Shanghai,China,restaurant,,¥¥¥,,shanghai-jiangsu-zhejiang-2026,三号黄浦会
michelin-2026-china,michelin,2026,,One Star,,https://guide.michelin.com/us/en/zhe-jiang/taizhou_7770462/restaurant/carved-dragons-jiaojiang,Carved Dragons (Jiaojiang),Taizhou,China,restaurant,,¥¥,,shanghai-jiangsu-zhejiang-2026,刻龙壹号 (椒江)
michelin-2026-china,michelin,2026,,One Star,,https://guide.michelin.com/us/en/shanghai-municipality/shanghai/restaurant/cheng-long-hang-huangpu,Cheng Long Hang (Huangpu),Shanghai,China,restaurant,,¥¥¥,,shanghai-jiangsu-zhejiang-2026,成隆行蟹王府 (黄浦)
michelin-2026-china,michelin,2026,,One Star,,https://guide.michelin.com/us/en/jiang-su/yangzhou_1032329/restaurant/cheng-yuan,Cheng Yuan,Yangzhou,China,restaurant,,¥¥¥,,shanghai-jiangsu-zhejiang-2026,橙园
michelin-2026-china,michelin,2026,,One Star,,https://guide.michelin.com/us/en/shanghai-municipality/shanghai/restaurant/da-dong-xuhui,Da Dong (Xuhui),Shanghai,China,restaurant,,¥¥¥,,shanghai-jiangsu-zhejiang-2026,大董 (徐汇)
michelin-2026-china,michelin,2026,,One Star,,https://guide.michelin.com/us/en/jiang-su/nanjing_1029511/restaurant/dai-yuet-heen,Dai Yuet Heen,Nanjing,China,restaurant,,¥¥¥,,shanghai-jiangsu-zhejiang-2026,帝粤轩
michelin-2026-china,michelin,2026,,One Star,,https://guide.michelin.com/us/en/jiang-su/suzhou_1031079/restaurant/dingshan-jiangyan-xiangcheng,Dingshan · Jiangyan,Suzhou,China,restaurant,,¥¥¥,,shanghai-jiangsu-zhejiang-2026,鼎膳 · 匠宴
michelin-2026-china,michelin,2026,,One Star,,https://guide.michelin.com/us/en/shanghai-municipality/shanghai/restaurant/fabula,Fabula,Shanghai,China,restaurant,,¥¥¥¥,,shanghai-jiangsu-zhejiang-2026,Fabula
michelin-2026-china,michelin,2026,,One Star,,https://guide.michelin.com/us/en/shanghai-municipality/shanghai/restaurant/fu-1015,Fu 1015,Shanghai,China,restaurant,,¥¥¥¥,,shanghai-jiangsu-zhejiang-2026,福一零一五
michelin-2026-china,michelin,2026,,One Star,,https://guide.michelin.com/us/en/shanghai-municipality/shanghai/restaurant/fu-1039,Fu 1039,Shanghai,China,restaurant,,¥¥¥,,shanghai-jiangsu-zhejiang-2026,福一零三九
michelin-2026-china,michelin,2026,,One Star,,https://guide.michelin.com/us/en/shanghai-municipality/shanghai/restaurant/fu-1088,Fu 1088,Shanghai,China,restaurant,,¥¥¥,,shanghai-jiangsu-zhejiang-2026,福一零八八
michelin-2026-china,michelin,2026,,One Star,,https://guide.michelin.com/us/en/shanghai-municipality/shanghai/restaurant/gastro-esthetics-at-dadong,Gastro Esthetics at DaDong,Shanghai,China,restaurant,,¥¥¥,,shanghai-jiangsu-zhejiang-2026,美 · 大董
michelin-2026-china,michelin,2026,,One Star,,https://guide.michelin.com/us/en/zhe-jiang/hangzhou_1027184/restaurant/guiyu,Guiyu (Xihu),Hangzhou,China,restaurant,,¥¥¥,,shanghai-jiangsu-zhejiang-2026,桂语山房 (西湖)
michelin-2026-china,michelin,2026,,One Star,,https://guide.michelin.com/us/en/zhe-jiang/hangzhou_1027184/restaurant/hangzhou-house,Hangzhou House,Hangzhou,China,restaurant,,¥¥¥,,shanghai-jiangsu-zhejiang-2026,兰轩
michelin-2026-china,michelin,2026,,One Star,,https://guide.michelin.com/us/en/shanghai-municipality/shanghai/restaurant/huaiyang-delights-jingan,Huaiyang Delights (Jingan),Shanghai,China,restaurant,,¥¥¥,,shanghai-jiangsu-zhejiang-2026,三月醉淮扬 (静安)
michelin-2026-china,michelin,2026,,One Star,,https://guide.michelin.com/us/en/shanghai-municipality/shanghai/restaurant/il-ristorante-niko-romito-563683,Il Ristorante - Niko Romito,Shanghai,China,restaurant,,¥¥¥¥,,shanghai-jiangsu-zhejiang-2026,Il Ristorante - Niko Romito
michelin-2026-china,michelin,2026,,One Star,,https://guide.michelin.com/us/en/jiang-su/nanjing_1029511/restaurant/jiangnan-wok-yun,Jiangnan Wok · Yun,Nanjing,China,restaurant,,¥¥¥¥,,shanghai-jiangsu-zhejiang-2026,江南灶 · 云府
michelin-2026-china,michelin,2026,,One Star,,https://guide.michelin.com/us/en/zhe-jiang/hangzhou_1027184/restaurant/jin-sha,Jin Sha,Hangzhou,China,restaurant,,¥¥¥,,shanghai-jiangsu-zhejiang-2026,金沙厅
michelin-2026-china,michelin,2026,,One Star,,https://guide.michelin.com/us/en/shanghai-municipality/shanghai/restaurant/jin-xuan,Jin Xuan,Shanghai,China,restaurant,,¥¥¥¥,,shanghai-jiangsu-zhejiang-2026,金轩
michelin-2026-china,michelin,2026,,One Star,,https://guide.michelin.com/us/en/zhe-jiang/hangzhou_1027184/restaurant/l-eclat-19,L'éclat 19,Hangzhou,China,restaurant,,¥¥¥¥,,shanghai-jiangsu-zhejiang-2026,雷克拉法餐
michelin-2026-china,michelin,2026,,One Star,,https://guide.michelin.com/us/en/zhe-jiang/taizhou_7770462/restaurant/lao-bian-jiu-jia-jindai-road,Lao Bian Jiu Jia (Jindai Road),Taizhou,China,restaurant,,¥¥,,shanghai-jiangsu-zhejiang-2026,老扁酒家 (金带路)
michelin-2026-china,michelin,2026,,One Star,,https://guide.michelin.com/us/en/shanghai-municipality/shanghai/restaurant/lao-zheng-xing-huangpu,Lao Zheng Xing,Shanghai,China,restaurant,,¥¥,,shanghai-jiangsu-zhejiang-2026,老正兴
michelin-2026-china,michelin,2026,,One Star,,https://guide.michelin.com/us/en/shanghai-municipality/shanghai/restaurant/le-comptoir-de-pierre-gagnaire,le Comptoir de Pierre Gagnaire,Shanghai,China,restaurant,,¥¥¥¥,,shanghai-jiangsu-zhejiang-2026,le Comptoir de Pierre Gagnaire
michelin-2026-china,michelin,2026,,One Star,,https://guide.michelin.com/us/en/shanghai-municipality/shanghai/restaurant/lei-garden-pudong,Lei Garden (Pudong),Shanghai,China,restaurant,,¥¥¥,,shanghai-jiangsu-zhejiang-2026,利苑 (浦东新区)
michelin-2026-china,michelin,2026,,One Star,,https://guide.michelin.com/us/en/shanghai-municipality/shanghai/restaurant/lei-garden-xuhui,Lei Garden (Xuhui),Shanghai,China,restaurant,,¥¥,,shanghai-jiangsu-zhejiang-2026,利苑 (徐汇)
michelin-2026-china,michelin,2026,,One Star,,https://guide.michelin.com/us/en/shanghai-municipality/shanghai/restaurant/ling-long-1209951,Ling Long,Shanghai,China,restaurant,,¥¥¥¥,,shanghai-jiangsu-zhejiang-2026,凌珑
michelin-2026-china,michelin,2026,,One Star,,https://guide.michelin.com/us/en/zhe-jiang/hangzhou_1027184/restaurant/longjing-manor,Longjing Manor,Hangzhou,China,restaurant,,¥¥¥,,shanghai-jiangsu-zhejiang-2026,龙井草堂
michelin-2026-china,michelin,2026,,One Star,,https://guide.michelin.com/us/en/shanghai-municipality/shanghai/restaurant/lu-style-1203592,Lu Style (Huangpu),Shanghai,China,restaurant,,¥¥¥,,shanghai-jiangsu-zhejiang-2026,鲁采 (黄浦)
michelin-2026-china,michelin,2026,,One Star,,https://guide.michelin.com/us/en/shanghai-municipality/shanghai/restaurant/maison-lameloise-563686,Maison Lameloise,Shanghai,China,restaurant,,¥¥¥¥,,shanghai-jiangsu-zhejiang-2026,莱美露滋
michelin-2026-china,michelin,2026,,One Star,,https://guide.michelin.com/us/en/shanghai-municipality/shanghai/restaurant/meet-the-bund,Meet the Bund (Zhongshan Dong Er Road),Shanghai,China,restaurant,,¥¥¥,,shanghai-jiangsu-zhejiang-2026,遇外滩 (中山东二路)
michelin-2026-china,michelin,2026,,One Star,,https://guide.michelin.com/us/en/jiang-su/nanjing_1029511/restaurant/meng-du-hui-1216395,Meng Du Hui,Nanjing,China,restaurant,,¥¥¥,,shanghai-jiangsu-zhejiang-2026,梦都会
michelin-2026-china,michelin,2026,,One Star,,https://guide.michelin.com/us/en/shanghai-municipality/shanghai/restaurant/ming-court-570629,Ming Court (Minhang),Shanghai,China,restaurant,,¥¥¥,,shanghai-jiangsu-zhejiang-2026,明阁 (闵行)
michelin-2026-china,michelin,2026,,One Star,,https://guide.michelin.com/us/en/shanghai-municipality/shanghai/restaurant/moose-changning,Moose (Changning),Shanghai,China,restaurant,,¥¥¥,,shanghai-jiangsu-zhejiang-2026,鹿园 (长宁)
michelin-2026-china,michelin,2026,,One Star,,https://guide.michelin.com/us/en/shanghai-municipality/shanghai/restaurant/moose-pudong,Moose (Pudong),Shanghai,China,restaurant,,¥¥¥,,shanghai-jiangsu-zhejiang-2026,鹿园 (浦东新区)
michelin-2026-china,michelin,2026,,One Star,,https://guide.michelin.com/us/en/shanghai-municipality/shanghai/restaurant/narisawa-1209925,Narisawa,Shanghai,China,restaurant,,¥¥¥¥,,shanghai-jiangsu-zhejiang-2026,Narisawa
michelin-2026-china,michelin,2026,,One Star,,https://guide.michelin.com/us/en/shanghai-municipality/shanghai/restaurant/obscura,Obscura,Shanghai,China,restaurant,,¥¥¥¥,,shanghai-jiangsu-zhejiang-2026,Obscura
michelin-2026-china,michelin,2026,,One Star,,https://guide.michelin.com/us/en/shanghai-municipality/shanghai/restaurant/oriental-sense-palate,Oriental Sense & Palate,Shanghai,China,restaurant,,¥¥¥¥,,shanghai-jiangsu-zhejiang-2026,东方景宴
michelin-2026-china,michelin,2026,,One Star,,https://guide.michelin.com/us/en/jiang-su/nanjing_1029511/restaurant/pin-ning-fu,Pin Ning Fu,Nanjing,China,restaurant,,¥¥,,shanghai-jiangsu-zhejiang-2026,品宁府
michelin-2026-china,michelin,2026,,One Star,,https://guide.michelin.com/us/en/jiang-su/suzhou_1031079/restaurant/pingjiangsong,Pingjiangsong,Suzhou,China,restaurant,,¥¥¥¥,,shanghai-jiangsu-zhejiang-2026,平江颂
michelin-2026-china,michelin,2026,,One Star,,https://guide.michelin.com/us/en/shanghai-municipality/shanghai/restaurant/ren-he-guan-zhaojiabang-road,Ren He Guan (Xuhui),Shanghai,China,restaurant,,¥¥,,shanghai-jiangsu-zhejiang-2026,人和馆 (徐汇)
michelin-2026-china,michelin,2026,,One Star,,https://guide.michelin.com/us/en/zhe-jiang/hangzhou_1027184/restaurant/sense-1216520,Sense,Hangzhou,China,restaurant,,¥¥¥¥,,shanghai-jiangsu-zhejiang-2026,Sense
michelin-2026-china,michelin,2026,,One Star,,https://guide.michelin.com/us/en/shanghai-municipality/shanghai/restaurant/seventh-son-jingan,Seventh Son,Shanghai,China,restaurant,,¥¥¥,,shanghai-jiangsu-zhejiang-2026,家全七福
michelin-2026-china,michelin,2026,,One Star,,https://guide.michelin.com/us/en/jiang-su/yangzhou_1032329/restaurant/shang-palace-1216419,Shang Palace,Yangzhou,China,restaurant,,¥¥,,shanghai-jiangsu-zhejiang-2026,香宫
michelin-2026-china,michelin,2026,,One Star,,https://guide.michelin.com/us/en/shanghai-municipality/shanghai/restaurant/sheng-yong-xing,Sheng Yong Xing (Huangpu),Shanghai,China,restaurant,,¥¥¥,,shanghai-jiangsu-zhejiang-2026,晟永兴 (黄浦)
michelin-2026-china,michelin,2026,,One Star,,https://guide.michelin.com/us/en/shanghai-municipality/shanghai/restaurant/sole,Sole,Shanghai,China,restaurant,,¥¥¥,,shanghai-jiangsu-zhejiang-2026,景煊
michelin-2026-china,michelin,2026,,One Star,,https://guide.michelin.com/us/en/zhe-jiang/hangzhou_1027184/restaurant/song-1217000,Song,Hangzhou,China,restaurant,,¥¥¥,,shanghai-jiangsu-zhejiang-2026,颂
michelin-2026-china,michelin,2026,,One Star,,https://guide.michelin.com/us/en/shanghai-municipality/shanghai/restaurant/vivant-by-johnny-pham,Vivant by Johnny Pham,Shanghai,China,restaurant,,¥¥¥¥,,shanghai-jiangsu-zhejiang-2026,Vivant by Johnny Pham
michelin-2026-china,michelin,2026,,One Star,,https://guide.michelin.com/us/en/zhe-jiang/hangzhou_1027184/restaurant/wild-yeast,Wild Yeast,Hangzhou,China,restaurant,,¥¥¥¥,,shanghai-jiangsu-zhejiang-2026,暗香
michelin-2026-china,michelin,2026,,One Star,,https://guide.michelin.com/us/en/shanghai-municipality/shanghai/restaurant/wu-you-xian,Wu You Xian,Shanghai,China,restaurant,,¥¥,,shanghai-jiangsu-zhejiang-2026,屋有鲜
michelin-2026-china,michelin,2026,,One Star,,https://guide.michelin.com/us/en/jiang-su/suzhou_1031079/restaurant/xi-ding-jia-yan,Xi Ding Jia Yan,Suzhou,China,restaurant,,¥¥¥,,shanghai-jiangsu-zhejiang-2026,喜鼎家宴
michelin-2026-china,michelin,2026,,One Star,,https://guide.michelin.com/us/en/zhe-jiang/hangzhou_1027184/restaurant/xin-rong-ji-1199323,Xin Rong Ji,Hangzhou,China,restaurant,,¥¥¥,,shanghai-jiangsu-zhejiang-2026,新荣记
michelin-2026-china,michelin,2026,,One Star,,https://guide.michelin.com/us/en/zhe-jiang/taizhou_7770462/restaurant/xin-rong-ji-jiaojiang,Xin Rong Ji (Jiaojiang),Taizhou,China,restaurant,,¥¥¥,,shanghai-jiangsu-zhejiang-2026,新荣记 (椒江)
michelin-2026-china,michelin,2026,,One Star,,https://guide.michelin.com/us/en/zhe-jiang/taizhou_7770462/restaurant/xin-rong-ji-linhai,Xin Rong Ji (Linhai),Taizhou,China,restaurant,,¥¥¥,,shanghai-jiangsu-zhejiang-2026,新荣记 (临海)
michelin-2026-china,michelin,2026,,One Star,,https://guide.michelin.com/us/en/shanghai-municipality/shanghai/restaurant/xin-rong-ji-west-nanjing-road,Xin Rong Ji (West Nanjing Road),Shanghai,China,restaurant,,¥¥¥¥,,shanghai-jiangsu-zhejiang-2026,新荣记 (南京西路)
michelin-2026-china,michelin,2026,,One Star,,https://guide.michelin.com/us/en/shanghai-municipality/shanghai/restaurant/yi-long-court,Yi Long Court,Shanghai,China,restaurant,,¥¥¥¥,,shanghai-jiangsu-zhejiang-2026,逸龙阁
michelin-2026-china,michelin,2026,,One Star,,https://guide.michelin.com/us/en/shanghai-municipality/shanghai/restaurant/yong-fu-hongkou,Yong Fu (Hongkou),Shanghai,China,restaurant,,¥¥¥¥,,shanghai-jiangsu-zhejiang-2026,甬府 (虹口)
michelin-2026-china,michelin,2026,,One Star,,https://guide.michelin.com/us/en/shanghai-municipality/shanghai/restaurant/yong-fu,Yong Fu (Huangpu),Shanghai,China,restaurant,,¥¥¥,,shanghai-jiangsu-zhejiang-2026,甬府 (黄浦)
michelin-2026-china,michelin,2026,,One Star,,https://guide.michelin.com/us/en/shanghai-municipality/shanghai/restaurant/yong-yi-ting,Yong Yi Ting,Shanghai,China,restaurant,,¥¥¥,,shanghai-jiangsu-zhejiang-2026,雍颐庭
michelin-2026-china,michelin,2026,,One Star,,https://guide.michelin.com/us/en/zhe-jiang/hangzhou_1027184/restaurant/yu-zhi-lan-1217657,Yu Zhi Lan,Hangzhou,China,restaurant,,¥¥¥¥,,shanghai-jiangsu-zhejiang-2026,玉芝兰
michelin-2026-china,michelin,2026,,One Star,,https://guide.michelin.com/us/en/shanghai-municipality/shanghai/restaurant/yue-hai-tang,Yue Hai Tang,Shanghai,China,restaurant,,¥¥¥,,shanghai-jiangsu-zhejiang-2026,粤海棠
michelin-2026-china,michelin,2026,,One Star,,https://guide.michelin.com/us/en/shanghai-municipality/shanghai/restaurant/zhou-she-minhang,Zhou She (Minhang),Shanghai,China,restaurant,,¥¥¥,,shanghai-jiangsu-zhejiang-2026,周舍 (闵行)
michelin-2026-china,michelin,2026,,Bib Gourmand,,https://guide.michelin.com/us/en/shanghai-municipality/shanghai/restaurant/157-shi-fang,157 Shi Fang,Shanghai,China,restaurant,,¥¥,,shanghai-jiangsu-zhejiang-2026,157食坊
michelin-2026-china,michelin,2026,,Bib Gourmand,,https://guide.michelin.com/us/en/jiang-su/suzhou_1031079/restaurant/a-cheng,A Cheng,Suzhou,China,restaurant,,¥¥,,shanghai-jiangsu-zhejiang-2026,阿成饭店
michelin-2026-china,michelin,2026,,Bib Gourmand,,https://guide.michelin.com/us/en/shanghai-municipality/shanghai/restaurant/a-yong-mian-guan-dongshufang-road,A Yong Mian Guan (Dongshufang Road),Shanghai,China,restaurant,,¥,,shanghai-jiangsu-zhejiang-2026,阿勇面馆 (东书房路)
michelin-2026-china,michelin,2026,,Bib Gourmand,,https://guide.michelin.com/us/en/zhe-jiang/wenzhou_1031793/restaurant/ayu-renjiashao,Ayu Renjiashao,Wenzhou,China,restaurant,,¥¥,,shanghai-jiangsu-zhejiang-2026,阿玉人家烧
michelin-2026-china,michelin,2026,,Bib Gourmand,,https://guide.michelin.com/us/en/zhe-jiang/wenzhou_1031793/restaurant/bai-nian-hun-tun-lao-dian,Bai Nian Hun Tun Lao Dian,Wenzhou,China,restaurant,,¥,,shanghai-jiangsu-zhejiang-2026,百年馄饨老店
michelin-2026-china,michelin,2026,,Bib Gourmand,,https://guide.michelin.com/us/en/jiang-su/suzhou_1031079/restaurant/bai-sheng-ren-jia-wuzhong,Bai Sheng Ren Jia (Wuzhong),Suzhou,China,restaurant,,¥¥,,shanghai-jiangsu-zhejiang-2026,百盛人家 (吴中)
michelin-2026-china,michelin,2026,,Bib Gourmand,,https://guide.michelin.com/us/en/zhe-jiang/hangzhou_1027184/restaurant/bao-zhong-bao-shi-fu,Bao Zhong Bao Shi Fu,Hangzhou,China,restaurant,,¥¥,,shanghai-jiangsu-zhejiang-2026,宝中宝食府
michelin-2026-china,michelin,2026,,Bib Gourmand,,https://guide.michelin.com/us/en/zhe-jiang/taizhou_7770462/restaurant/bei-men-niu-xie-geng,Bei Men Niu Xie Geng,Taizhou,China,restaurant,,¥,,shanghai-jiangsu-zhejiang-2026,北门牛血羹
michelin-2026-china,michelin,2026,,Bib Gourmand,,https://guide.michelin.com/us/en/shanghai-municipality/shanghai/restaurant/blossom-1246455,Blossom,Shanghai,China,restaurant,,¥¥,,shanghai-jiangsu-zhejiang-2026,瑰禧
michelin-2026-china,michelin,2026,,Bib Gourmand,,https://guide.michelin.com/us/en/jiang-su/yangzhou_1032329/restaurant/cai-gen-xiang-xiao-guan,Cai Gen Xiang Xiao Guan,Yangzhou,China,restaurant,,¥,,shanghai-jiangsu-zhejiang-2026,菜根香小馆
michelin-2026-china,michelin,2026,,Bib Gourmand,,https://guide.michelin.com/us/en/zhe-jiang/wenzhou_1031793/restaurant/zhang-ren-hun-tun-pu,Chang Ren Hun Tun Pu,Wenzhou,China,restaurant,,¥,,shanghai-jiangsu-zhejiang-2026,长人馄饨铺
michelin-2026-china,michelin,2026,,Bib Gourmand,,https://guide.michelin.com/us/en/jiang-su/changzhou_1025968/restaurant/chang-xian-de-tianning,Chang Xian De (Tianning),Changzhou,China,restaurant,,¥,,shanghai-jiangsu-zhejiang-2026,常鲜德乐购迎桂馒头店 (天宁)
michelin-2026-china,michelin,2026,,Bib Gourmand,,https://guide.michelin.com/us/en/jiang-su/nanjing_1029511/restaurant/chi-man,Chi Man,Nanjing,China,restaurant,,¥¥,,shanghai-jiangsu-zhejiang-2026,迟慢厨房
michelin-2026-china,michelin,2026,,Bib Gourmand,,https://guide.michelin.com/us/en/shanghai-municipality/shanghai/restaurant/chun,Chun,Shanghai,China,restaurant,,¥,,shanghai-jiangsu-zhejiang-2026,春
michelin-2026-china,michelin,2026,,Bib Gourmand,,https://guide.michelin.com/us/en/shanghai-municipality/shanghai/restaurant/cong-s-kitchen,Cong's Kitchen,Shanghai,China,restaurant,,¥¥,,shanghai-jiangsu-zhejiang-2026,聪菜馆
michelin-2026-china,michelin,2026,,Bib Gourmand,,https://guide.michelin.com/us/en/jiang-su/nanjing_1029511/restaurant/cui-jie-xiao-chi,Cui Jie Xiao Chi,Nanjing,China,restaurant,,¥,,shanghai-jiangsu-zhejiang-2026,崔姐小吃
michelin-2026-china,michelin,2026,,Bib Gourmand,,https://guide.michelin.com/us/en/shanghai-municipality/shanghai/restaurant/da-hu-chun-middle-sichuan-road,Da Hu Chun (Middle Sichuan Road),Shanghai,China,restaurant,,¥,,shanghai-jiangsu-zhejiang-2026,大壶春 (四川中路)
michelin-2026-china,michelin,2026,,Bib Gourmand,,https://guide.michelin.com/us/en/zhe-jiang/hangzhou_1027184/restaurant/datou-yingshi-xiaoguan,Datou Yingshi Xiaoguan,Hangzhou,China,restaurant,,¥¥,,shanghai-jiangsu-zhejiang-2026,大头隐食小馆
michelin-2026-china,michelin,2026,,Bib Gourmand,,https://guide.michelin.com/us/en/zhe-jiang/hangzhou_1027184/restaurant/definitely-fresh,Definitely Fresh (Xihu),Hangzhou,China,restaurant,,¥¥,,shanghai-jiangsu-zhejiang-2026,铁定鲜 (西湖)
michelin-2026-china,michelin,2026,,Bib Gourmand,,https://guide.michelin.com/us/en/zhe-jiang/hangzhou_1027184/restaurant/dou-lai-fan-dian,Dou Lai Fan Dian,Hangzhou,China,restaurant,,¥¥,,shanghai-jiangsu-zhejiang-2026,都来饭店
michelin-2026-china,michelin,2026,,Bib Gourmand,,https://guide.michelin.com/us/en/jiang-su/nanjing_1029511/restaurant/du-shi-li-de-xiang-cun,Du Shi Li De Xiang Cun,Nanjing,China,restaurant,,¥¥,,shanghai-jiangsu-zhejiang-2026,都市里的乡村
michelin-2026-china,michelin,2026,,Bib Gourmand,,https://guide.michelin.com/us/en/shanghai-municipality/shanghai/restaurant/easeful-cuisine,Easeful Cuisine (Jingan),Shanghai,China,restaurant,,¥¥,,shanghai-jiangsu-zhejiang-2026,逸采 (静安)
michelin-2026-china,michelin,2026,,Bib Gourmand,,https://guide.michelin.com/us/en/zhe-jiang/hangzhou_1027184/restaurant/er-ba-jiu-su-mian-guan,Er Ba Jiu Su Mian Guan,Hangzhou,China,restaurant,,¥,,shanghai-jiangsu-zhejiang-2026,贰捌玖素面馆
michelin-2026-china,michelin,2026,,Bib Gourmand,,https://guide.michelin.com/us/en/jiang-su/yangzhou_1032329/restaurant/fan-shui-chang-yu-mian-north-jiefang-road,Fan Shui Chang Yu Mian (North Jiefang Road),Yangzhou,China,restaurant,,¥,,shanghai-jiangsu-zhejiang-2026,范水长鱼面 (解放北路)
michelin-2026-china,michelin,2026,,Bib Gourmand,,https://guide.michelin.com/us/en/zhe-jiang/hangzhou_1027184/restaurant/fang-lao-da,Fang Lao Da (Shangcheng),Hangzhou,China,restaurant,,¥,,shanghai-jiangsu-zhejiang-2026,方老大 (上城)
michelin-2026-china,michelin,2026,,Bib Gourmand,,https://guide.michelin.com/us/en/jiang-su/nanjing_1029511/restaurant/fang-po,Fang Po,Nanjing,China,restaurant,,¥,,shanghai-jiangsu-zhejiang-2026,芳婆糕团店
michelin-2026-china,michelin,2026,,Bib Gourmand,,https://guide.michelin.com/us/en/jiang-su/changzhou_1025968/restaurant/fang-xiang-by-detan-zhonglou,Fang Xiang by Detan (Zhonglou),Changzhou,China,restaurant,,¥¥,,shanghai-jiangsu-zhejiang-2026,德泰恒 · 方巷 (钟楼)
michelin-2026-china,michelin,2026,,Bib Gourmand,,https://guide.michelin.com/us/en/jiang-su/nanjing_1029511/restaurant/fu-lin-xuan-jiqingmen-street,Fu Lin Xuan (Jiqingmen Street),Nanjing,China,restaurant,,¥¥,,shanghai-jiangsu-zhejiang-2026,富临轩 (集庆门大街)
michelin-2026-china,michelin,2026,,Bib Gourmand,,https://guide.michelin.com/us/en/zhe-jiang/hangzhou_1027184/restaurant/fu-xing-mian-wang,Fu Xing Mian Wang (Hedong Road),Hangzhou,China,restaurant,,¥,,shanghai-jiangsu-zhejiang-2026,复兴面王 (河东路)
michelin-2026-china,michelin,2026,,Bib Gourmand,,https://guide.michelin.com/us/en/zhe-jiang/hangzhou_1027184/restaurant/fu-yuan-ju-shangcheng,Fu Yuan Ju (Shangcheng),Hangzhou,China,restaurant,,¥¥,,shanghai-jiangsu-zhejiang-2026,福缘居 (上城）
michelin-2026-china,michelin,2026,,Bib Gourmand,,https://guide.michelin.com/us/en/zhe-jiang/taizhou_7770462/restaurant/fullie-s-seafood-house,Fullie's Seafood House,Taizhou,China,restaurant,,¥¥,,shanghai-jiangsu-zhejiang-2026,满仓渔家
michelin-2026-china,michelin,2026,,Bib Gourmand,,https://guide.michelin.com/us/en/jiang-su/suzhou_1031079/restaurant/ge-jia-wu-farmer-s-house,Ge Jia Wu Farmer’s House,Suzhou,China,restaurant,,¥¥,,shanghai-jiangsu-zhejiang-2026,戈家坞农家乐
michelin-2026-china,michelin,2026,,Bib Gourmand,,https://guide.michelin.com/us/en/zhe-jiang/hangzhou_1027184/restaurant/ge-lang-guan,Ge Lang Guan,Hangzhou,China,restaurant,,¥¥,,shanghai-jiangsu-zhejiang-2026,葛郎倌
michelin-2026-china,michelin,2026,,Bib Gourmand,,https://guide.michelin.com/us/en/shanghai-municipality/shanghai/restaurant/gong-de-lin-jingan,Gong De Lin (West Nanjing Road),Shanghai,China,restaurant,,¥¥,,shanghai-jiangsu-zhejiang-2026,功德林 (南京西路)
michelin-2026-china,michelin,2026,,Bib Gourmand,,https://guide.michelin.com/us/en/jiang-su/nanjing_1029511/restaurant/gu-jia-bao-zi,Gu Jia Bao Zi,Nanjing,China,restaurant,,¥,,shanghai-jiangsu-zhejiang-2026,顾家包子
michelin-2026-china,michelin,2026,,Bib Gourmand,,https://guide.michelin.com/us/en/jiang-su/nanjing_1029511/restaurant/guang-ying-ju-%E2%80%A2-lao-zheng-xing,Guang Ying Ju · Lao Zheng Xing,Nanjing,China,restaurant,,¥¥,,shanghai-jiangsu-zhejiang-2026,广迎居 · 老正兴
michelin-2026-china,michelin,2026,,Bib Gourmand,,https://guide.michelin.com/us/en/zhe-jiang/taizhou_7770462/restaurant/guoping-seafood,Guoping Seafood,Taizhou,China,restaurant,,¥¥,,shanghai-jiangsu-zhejiang-2026,国平海鲜
michelin-2026-china,michelin,2026,,Bib Gourmand,,https://guide.michelin.com/us/en/jiang-su/suzhou_1031079/restaurant/gusu-fusion,Gusu Fusion,Suzhou,China,restaurant,,¥,,shanghai-jiangsu-zhejiang-2026,姑苏楼上
michelin-2026-china,michelin,2026,,Bib Gourmand,,https://guide.michelin.com/us/en/jiang-su/nanjing_1029511/restaurant/hao-po-tang-bao,Hao Po Tang Bao,Nanjing,China,restaurant,,¥,,shanghai-jiangsu-zhejiang-2026,好婆汤包
michelin-2026-china,michelin,2026,,Bib Gourmand,,https://guide.michelin.com/us/en/shanghai-municipality/shanghai/restaurant/hao-sheng,Hao Sheng,Shanghai,China,restaurant,,¥¥,,shanghai-jiangsu-zhejiang-2026,豪生酒家
michelin-2026-china,michelin,2026,,Bib Gourmand,,https://guide.michelin.com/us/en/zhe-jiang/wenzhou_1031793/restaurant/he-jiu-jia,He Jiu Jia,Wenzhou,China,restaurant,,¥¥,,shanghai-jiangsu-zhejiang-2026,和酒家
michelin-2026-china,michelin,2026,,Bib Gourmand,,https://guide.michelin.com/us/en/shanghai-municipality/shanghai/restaurant/he-shan-mian-jia,He Shan Mian Jia,Shanghai,China,restaurant,,¥,,shanghai-jiangsu-zhejiang-2026,和膳面家
michelin-2026-china,michelin,2026,,Bib Gourmand,,https://guide.michelin.com/us/en/zhe-jiang/taizhou_7770462/restaurant/he-wei-xiao-chao,He Wei Xiao Chao,Taizhou,China,restaurant,,¥,,shanghai-jiangsu-zhejiang-2026,何炜小炒
michelin-2026-china,michelin,2026,,Bib Gourmand,,https://guide.michelin.com/us/en/zhe-jiang/wenzhou_1031793/restaurant/heng-qian-kou-huang-zhu-ying-san-xian-mian,Heng Qian Kou Huang Zhu Ying San Xian Mian,Wenzhou,China,restaurant,,¥,,shanghai-jiangsu-zhejiang-2026,亨乾口黄珠英三鲜面
michelin-2026-china,michelin,2026,,Bib Gourmand,,https://guide.michelin.com/us/en/shanghai-municipality/shanghai/restaurant/ho-hung-kee-570572,Ho Hung Kee,Shanghai,China,restaurant,,¥¥,,shanghai-jiangsu-zhejiang-2026,何洪记
michelin-2026-china,michelin,2026,,Bib Gourmand,,https://guide.michelin.com/us/en/zhe-jiang/taizhou_7770462/restaurant/hong-da-xing-li-fan-dian,Hong Da Xing Li Fan Dian,Taizhou,China,restaurant,,¥¥,,shanghai-jiangsu-zhejiang-2026,鸿达兴利饭店
michelin-2026-china,michelin,2026,,Bib Gourmand,,https://guide.michelin.com/us/en/jiang-su/nanjing_1029511/restaurant/hou-pin-xiao-yuan,Hou Pin Xiao Yuan,Nanjing,China,restaurant,,¥¥,,shanghai-jiangsu-zhejiang-2026,侯品小苑
michelin-2026-china,michelin,2026,,Bib Gourmand,,https://guide.michelin.com/us/en/jiang-su/yangzhou_1032329/restaurant/hu-yuan-mei-shi,Hu Yuan Mei Shi,Yangzhou,China,restaurant,,¥,,shanghai-jiangsu-zhejiang-2026,壶园美食
michelin-2026-china,michelin,2026,,Bib Gourmand,,https://guide.michelin.com/us/en/jiang-su/changzhou_1025968/restaurant/hua-yue-dou-xiang,Hua Yue Dou Xiang,Changzhou,China,restaurant,,¥,,shanghai-jiangsu-zhejiang-2026,花悦豆香
michelin-2026-china,michelin,2026,,Bib Gourmand,,https://guide.michelin.com/us/en/zhe-jiang/taizhou_7770462/restaurant/hui-pu-pai-dang,Hui Pu Pai Dang,Taizhou,China,restaurant,,¥¥,,shanghai-jiangsu-zhejiang-2026,回浦排档
michelin-2026-china,michelin,2026,,Bib Gourmand,,https://guide.michelin.com/us/en/zhe-jiang/hangzhou_1027184/restaurant/hui-xin-xiao-chi-dian,Hui Xin Xiao Chi Dian (Deyuan Road),Hangzhou,China,restaurant,,¥,,shanghai-jiangsu-zhejiang-2026,蕙心小吃店 (德苑路)
michelin-2026-china,michelin,2026,,Bib Gourmand,,https://guide.michelin.com/us/en/zhe-jiang/wenzhou_1031793/restaurant/jin-hong-lao-zi-hao-zhu-zang-fen,Jin Hong Lao Zi Hao Zhu Zang Fen,Wenzhou,China,restaurant,,¥,,shanghai-jiangsu-zhejiang-2026,锦泓老字号猪脏粉
michelin-2026-china,michelin,2026,,Bib Gourmand,,https://guide.michelin.com/us/en/jiang-su/nanjing_1029511/restaurant/jin-ling-wang-jia-hun-tun-jiqing-road,Jin Ling Wang Jia Hun Tun (Jiqing Road),Nanjing,China,restaurant,,¥,,shanghai-jiangsu-zhejiang-2026,金陵汪家馄饨 (集庆路)
michelin-2026-china,michelin,2026,,Bib Gourmand,,https://guide.michelin.com/us/en/jiang-su/nanjing_1029511/restaurant/jin-ling-yang-jia-hun-tun-dian-caodu-alley,Jin Ling Yang Jia Hun Tun Dian (Caodu Lane),Nanjing,China,restaurant,,¥,,shanghai-jiangsu-zhejiang-2026,金陵杨家馄饨店 (曹都巷)
michelin-2026-china,michelin,2026,,Bib Gourmand,,https://guide.michelin.com/us/en/zhe-jiang/wenzhou_1031793/restaurant/jin-wen-yu-yuan-huiyuan-road,Jin Wen Yu Yuan (Huiyuan Road),Wenzhou,China,restaurant,,¥,,shanghai-jiangsu-zhejiang-2026,锦文鱼圆 (汇源路)
michelin-2026-china,michelin,2026,,Bib Gourmand,,https://guide.michelin.com/us/en/shanghai-municipality/shanghai/restaurant/jing-mei-wu-xi-si-fang-mian-guan,Jingmei Wuxi Noodles (Yanping Road),Shanghai,China,restaurant,,¥,,shanghai-jiangsu-zhejiang-2026,井梅无锡面馆 (延平路)
michelin-2026-china,michelin,2026,,Bib Gourmand,,https://guide.michelin.com/us/en/zhe-jiang/taizhou_7770462/restaurant/jiu-wei,Jiu Wei,Taizhou,China,restaurant,,¥¥,,shanghai-jiangsu-zhejiang-2026,玖味
michelin-2026-china,michelin,2026,,Bib Gourmand,,https://guide.michelin.com/us/en/jiang-su/changzhou_1025968/restaurant/jiu-yan-hehai-east-road,Jiu Yan (Hehai East Road),Changzhou,China,restaurant,,¥¥,,shanghai-jiangsu-zhejiang-2026,久宴 (河海东路)
michelin-2026-china,michelin,2026,,Bib Gourmand,,https://guide.michelin.com/us/en/zhe-jiang/wenzhou_1031793/restaurant/juan-juan-zao-dian-dian,Juan Juan Zao Dian Dian,Wenzhou,China,restaurant,,¥,,shanghai-jiangsu-zhejiang-2026,娟娟早点店
michelin-2026-china,michelin,2026,,Bib Gourmand,,https://guide.michelin.com/us/en/zhe-jiang/hangzhou_1027184/restaurant/king-s-choice,King's Choice (Huyu Road),Hangzhou,China,restaurant,,¥¥,,shanghai-jiangsu-zhejiang-2026,金仲帮 (虎玉路)
michelin-2026-china,michelin,2026,,Bib Gourmand,,https://guide.michelin.com/us/en/zhe-jiang/hangzhou_1027184/restaurant/lai-cui-mian-guan-ji-mao-road,Lai Cui Mian Guan (Ji Mao Road),Hangzhou,China,restaurant,,¥,,shanghai-jiangsu-zhejiang-2026,来翠面馆 (集贸路)
michelin-2026-china,michelin,2026,,Bib Gourmand,,https://guide.michelin.com/us/en/shanghai-municipality/shanghai/restaurant/lan-xin-jinxian-road,Lan Xin (Jinxian Road),Shanghai,China,restaurant,,¥,,shanghai-jiangsu-zhejiang-2026,兰心 (进贤路)
michelin-2026-china,michelin,2026,,Bib Gourmand,,https://guide.michelin.com/us/en/jiang-su/suzhou_1031079/restaurant/lao-chen-jia,Lao Chen Jia,Suzhou,China,restaurant,,¥¥,,shanghai-jiangsu-zhejiang-2026,老陈家
michelin-2026-china,michelin,2026,,Bib Gourmand,,https://guide.michelin.com/us/en/shanghai-municipality/shanghai/restaurant/lao-di-fang-mian-guan,Lao Di Fang Mian Guan,Shanghai,China,restaurant,,¥,,shanghai-jiangsu-zhejiang-2026,老地方面馆
michelin-2026-china,michelin,2026,,Bib Gourmand,,https://guide.michelin.com/us/en/jiang-su/yangzhou_1032329/restaurant/lao-hu-mian-guan,Lao Hu Mian Guan,Yangzhou,China,restaurant,,¥,,shanghai-jiangsu-zhejiang-2026,老虎面馆
michelin-2026-china,michelin,2026,,Bib Gourmand,,https://guide.michelin.com/us/en/zhe-jiang/taizhou_7770462/restaurant/lao-huang-chao-ma-ci,Lao Huang Chao Ma Ci,Taizhou,China,restaurant,,¥,,shanghai-jiangsu-zhejiang-2026,老黄炒麻糍
michelin-2026-china,michelin,2026,,Bib Gourmand,,https://guide.michelin.com/us/en/zhe-jiang/taizhou_7770462/restaurant/lao-tai-zhou,Lao Tai Zhou,Taizhou,China,restaurant,,¥,,shanghai-jiangsu-zhejiang-2026,老台州
michelin-2026-china,michelin,2026,,Bib Gourmand,,https://guide.michelin.com/us/en/zhe-jiang/wenzhou_1031793/restaurant/lao-wen-zhou-hun-tun-dan,Lao Wen Zhou Hun Tun Dan,Wenzhou,China,restaurant,,¥,,shanghai-jiangsu-zhejiang-2026,老温州馄饨担
michelin-2026-china,michelin,2026,,Bib Gourmand,,https://guide.michelin.com/us/en/zhe-jiang/taizhou_7770462/restaurant/li-ji-gu-tou-tang,Li Ji Gu Tou Tang,Taizhou,China,restaurant,,¥,,shanghai-jiangsu-zhejiang-2026,李记骨头汤
michelin-2026-china,michelin,2026,,Bib Gourmand,,https://guide.michelin.com/us/en/jiang-su/nanjing_1029511/restaurant/li-ji-qing-zhen-guan,Li Ji Qing Zhen Guan,Nanjing,China,restaurant,,¥,,shanghai-jiangsu-zhejiang-2026,李记清真馆
michelin-2026-china,michelin,2026,,Bib Gourmand,,https://guide.michelin.com/us/en/jiang-su/suzhou_1031079/restaurant/ling-ling-jiu-jia,Ling Ling Jiu Jia,Suzhou,China,restaurant,,¥¥,,shanghai-jiangsu-zhejiang-2026,玲玲酒家
michelin-2026-china,michelin,2026,,Bib Gourmand,,https://guide.michelin.com/us/en/zhe-jiang/hangzhou_1027184/restaurant/little-pigtail-noodle-shop,Little Pigtail Noodle Shop,Hangzhou,China,restaurant,,¥,,shanghai-jiangsu-zhejiang-2026,小辫子面店
michelin-2026-china,michelin,2026,,Bib Gourmand,,https://guide.michelin.com/us/en/jiang-su/suzhou_1031079/restaurant/liu-jia-you-meng-mei,Liu Jia You Meng Mei,Suzhou,China,restaurant,,¥,,shanghai-jiangsu-zhejiang-2026,柳家有梦梅
michelin-2026-china,michelin,2026,,Bib Gourmand,,https://guide.michelin.com/us/en/jiang-su/yangzhou_1032329/restaurant/liu-she-ji,Liu She Ji,Yangzhou,China,restaurant,,¥,,shanghai-jiangsu-zhejiang-2026,刘佘记
michelin-2026-china,michelin,2026,,Bib Gourmand,,https://guide.michelin.com/us/en/jiang-su/suzhou_1031079/restaurant/liu-yi-lou-nanxin-road,Liu Yi Lou (Nanxin Road),Suzhou,China,restaurant,,¥¥,,shanghai-jiangsu-zhejiang-2026,六宜楼 (南新路)
michelin-2026-china,michelin,2026,,Bib Gourmand,,https://guide.michelin.com/us/en/jiang-su/yangzhou_1032329/restaurant/liuyuanchun-teahouse,Liuyuanchun Teahouse,Yangzhou,China,restaurant,,¥,,shanghai-jiangsu-zhejiang-2026,柳园春茶肆
michelin-2026-china,michelin,2026,,Bib Gourmand,,https://guide.michelin.com/us/en/shanghai-municipality/shanghai/restaurant/lu-bo-lang,Lu Bo Lang,Shanghai,China,restaurant,,¥¥,,shanghai-jiangsu-zhejiang-2026,绿波廊
michelin-2026-china,michelin,2026,,Bib Gourmand,,https://guide.michelin.com/us/en/zhe-jiang/hangzhou_1027184/restaurant/ma-er-si-fang-cai,Ma Er Si Fang Cai,Hangzhou,China,restaurant,,¥¥,,shanghai-jiangsu-zhejiang-2026,马儿私房菜
michelin-2026-china,michelin,2026,,Bib Gourmand,,https://guide.michelin.com/us/en/zhe-jiang/taizhou_7770462/restaurant/ma-lu-qiao-jiang-tang-mian,Ma Lu Qiao Jiang Tang Mian,Taizhou,China,restaurant,,¥,,shanghai-jiangsu-zhejiang-2026,马路桥姜汤面
michelin-2026-china,michelin,2026,,Bib Gourmand,,https://guide.michelin.com/us/en/zhe-jiang/wenzhou_1031793/restaurant/mao-chang-lao-mian-guan,Mao Chang Lao Mian Guan,Wenzhou,China,restaurant,,¥,,shanghai-jiangsu-zhejiang-2026,毛昌佬面馆
michelin-2026-china,michelin,2026,,Bib Gourmand,,https://guide.michelin.com/us/en/shanghai-municipality/shanghai/restaurant/mao-long,Mao Long,Shanghai,China,restaurant,,¥¥,,shanghai-jiangsu-zhejiang-2026,茂隆
michelin-2026-china,michelin,2026,,Bib Gourmand,,https://guide.michelin.com/us/en/shanghai-municipality/shanghai/restaurant/mi-thai-an-fu-road,Mi Thai,Shanghai,China,restaurant,,¥¥,,shanghai-jiangsu-zhejiang-2026,米泰
michelin-2026-china,michelin,2026,,Bib Gourmand,,https://guide.michelin.com/us/en/zhe-jiang/taizhou_7770462/restaurant/mr-liang-seafood,Mr. Liang Seafood,Taizhou,China,restaurant,,¥¥,,shanghai-jiangsu-zhejiang-2026,亮小渔海鲜
michelin-2026-china,michelin,2026,,Bib Gourmand,,https://guide.michelin.com/us/en/zhe-jiang/hangzhou_1027184/restaurant/nan-feng-fan-dian,Nan Feng Fan Dian,Hangzhou,China,restaurant,,¥¥,,shanghai-jiangsu-zhejiang-2026,南丰饭店
michelin-2026-china,michelin,2026,,Bib Gourmand,,https://guide.michelin.com/us/en/shanghai-municipality/shanghai/restaurant/nanxiang-steamed-bun-city-god-temple,Nanxiang Steamed Bun,Shanghai,China,restaurant,,¥,,shanghai-jiangsu-zhejiang-2026,南翔馒头店
michelin-2026-china,michelin,2026,,Bib Gourmand,,https://guide.michelin.com/us/en/shanghai-municipality/shanghai/restaurant/ning-hai-shi-fu,Ning Hai Shi Fu,Shanghai,China,restaurant,,¥¥,,shanghai-jiangsu-zhejiang-2026,宁海食府
michelin-2026-china,michelin,2026,,Bib Gourmand,,https://guide.michelin.com/us/en/jiang-su/suzhou_1031079/restaurant/oriental-chao,Oriental Chao,Suzhou,China,restaurant,,¥¥,,shanghai-jiangsu-zhejiang-2026,悦食东方 (星港街)
michelin-2026-china,michelin,2026,,Bib Gourmand,,https://guide.michelin.com/us/en/shanghai-municipality/shanghai/restaurant/ou-yue-zun-xian,Ou Yue Zun Xian,Shanghai,China,restaurant,,¥¥,,shanghai-jiangsu-zhejiang-2026,瓯越尊鲜
michelin-2026-china,michelin,2026,,Bib Gourmand,,https://guide.michelin.com/us/en/shanghai-municipality/shanghai/restaurant/polux,Polux,Shanghai,China,restaurant,,¥¥,,shanghai-jiangsu-zhejiang-2026,Polux
michelin-2026-china,michelin,2026,,Bib Gourmand,,https://guide.michelin.com/us/en/jiang-su/nanjing_1029511/restaurant/qiang-ye-fan-dian-changbai-street,Qiang Ye Fan Dian,Nanjing,China,restaurant,,¥¥,,shanghai-jiangsu-zhejiang-2026,强烨饭店
michelin-2026-china,michelin,2026,,Bib Gourmand,,https://guide.michelin.com/us/en/shanghai-municipality/shanghai/restaurant/qiao-ai-lai-lai-xiao-long-huangpu,Qiao Ai Lai Lai Xiao Long (Huangpu),Shanghai,China,restaurant,,¥,,shanghai-jiangsu-zhejiang-2026,乔艾莱莱小笼 (黄浦)
michelin-2026-china,michelin,2026,,Bib Gourmand,,https://guide.michelin.com/us/en/zhe-jiang/hangzhou_1027184/restaurant/qing-chun-perma,Qing Chun Perma,Hangzhou,China,restaurant,,¥¥,,shanghai-jiangsu-zhejiang-2026,庆春朴门
michelin-2026-china,michelin,2026,,Bib Gourmand,,https://guide.michelin.com/us/en/zhe-jiang/hangzhou_1027184/restaurant/qing-tao,Qing Tao,Hangzhou,China,restaurant,,¥¥,,shanghai-jiangsu-zhejiang-2026,青桃
michelin-2026-china,michelin,2026,,Bib Gourmand,,https://guide.michelin.com/us/en/jiang-su/changzhou_1025968/restaurant/qing-wa-xiang-tianning,Qing Wa Xiang (Tianning),Changzhou,China,restaurant,,¥,,shanghai-jiangsu-zhejiang-2026,青瓦巷 (天宁)
michelin-2026-china,michelin,2026,,Bib Gourmand,,https://guide.michelin.com/us/en/shanghai-municipality/shanghai/restaurant/rong-cuisine-huangpu,Rong Cuisine (Huangpu),Shanghai,China,restaurant,,¥¥,,shanghai-jiangsu-zhejiang-2026,荣小馆 (黄浦)
michelin-2026-china,michelin,2026,,Bib Gourmand,,https://guide.michelin.com/us/en/zhe-jiang/taizhou_7770462/restaurant/rong-cun-gucheng-street,Rong Cun (Gucheng Street),Taizhou,China,restaurant,,¥¥,,shanghai-jiangsu-zhejiang-2026,荣村 (古城街道)
michelin-2026-china,michelin,2026,,Bib Gourmand,,https://guide.michelin.com/us/en/zhe-jiang/taizhou_7770462/restaurant/rong-jia-xiao-chi-ziyang-street,Rong Jia Xiao Chi (Ziyang Street),Taizhou,China,restaurant,,¥,,shanghai-jiangsu-zhejiang-2026,荣家小吃 (紫阳街)
michelin-2026-china,michelin,2026,,Bib Gourmand,,https://guide.michelin.com/us/en/zhe-jiang/hangzhou_1027184/restaurant/rong-xian-mian-guan-qianjiang-road,Rong Xian Mian Guan (Qianjiang Road),Hangzhou,China,restaurant,,¥,,shanghai-jiangsu-zhejiang-2026,荣鲜面馆 (钱江路)
michelin-2026-china,michelin,2026,,Bib Gourmand,,https://guide.michelin.com/us/en/shanghai-municipality/shanghai/restaurant/rongjia-noodle-soup-with-yellow-croaker,Rongjia Noodles Soup with Yellow Croaker (Jingan),Shanghai,China,restaurant,,¥¥,,shanghai-jiangsu-zhejiang-2026,荣家黄鱼面 (静安)
michelin-2026-china,michelin,2026,,Bib Gourmand,,https://guide.michelin.com/us/en/jiang-su/changzhou_1025968/restaurant/ru-yuan-1246197,Ru Yuan,Changzhou,China,restaurant,,¥¥,,shanghai-jiangsu-zhejiang-2026,如苑
michelin-2026-china,michelin,2026,,Bib Gourmand,,https://guide.michelin.com/us/en/zhe-jiang/wenzhou_1031793/restaurant/run-feng-he-niu-za,Run Feng He Niu Za,Wenzhou,China,restaurant,,¥,,shanghai-jiangsu-zhejiang-2026,润丰和牛杂
michelin-2026-china,michelin,2026,,Bib Gourmand,,https://guide.michelin.com/us/en/jiang-su/suzhou_1031079/restaurant/san-xing-yang-rou-guan,San Xing Yang Rou Guan,Suzhou,China,restaurant,,¥¥,,shanghai-jiangsu-zhejiang-2026,三星羊肉馆
michelin-2026-china,michelin,2026,,Bib Gourmand,,https://guide.michelin.com/us/en/zhe-jiang/taizhou_7770462/restaurant/shen-ji-mai-xia-mian-pi-dian,Shen Ji Mai Xia Mian Pi Dian,Taizhou,China,restaurant,,¥,,shanghai-jiangsu-zhejiang-2026,沈记麦虾面皮店
michelin-2026-china,michelin,2026,,Bib Gourmand,,https://guide.michelin.com/us/en/jiang-su/changzhou_1025968/restaurant/sheng-xing-mian-guan,Sheng Xing Mian Guan,Changzhou,China,restaurant,,¥,,shanghai-jiangsu-zhejiang-2026,盛兴面馆
michelin-2026-china,michelin,2026,,Bib Gourmand,,https://guide.michelin.com/us/en/zhe-jiang/hangzhou_1027184/restaurant/shi-wei-xian-shangcheng,Shi Wei Xian (Shangcheng),Hangzhou,China,restaurant,,¥¥,,shanghai-jiangsu-zhejiang-2026,食为鲜 (上城)
michelin-2026-china,michelin,2026,,Bib Gourmand,,https://guide.michelin.com/us/en/jiang-su/yangzhou_1032329/restaurant/shuang-dong,Shuang Dong,Yangzhou,China,restaurant,,¥¥,,shanghai-jiangsu-zhejiang-2026,双东酒店
michelin-2026-china,michelin,2026,,Bib Gourmand,,https://guide.michelin.com/us/en/zhe-jiang/wenzhou_1031793/restaurant/shuang-jing-tou,Shuang Jing Tou,Wenzhou,China,restaurant,,¥¥,,shanghai-jiangsu-zhejiang-2026,双井头饭店
michelin-2026-china,michelin,2026,,Bib Gourmand,,https://guide.michelin.com/us/en/jiang-su/changzhou_1025968/restaurant/south-garden,South Garden,Changzhou,China,restaurant,,¥¥,,shanghai-jiangsu-zhejiang-2026,南园
michelin-2026-china,michelin,2026,,Bib Gourmand,,https://guide.michelin.com/us/en/jiang-su/suzhou_1031079/restaurant/su-cheng-jia-yan-ligongdi-road,Su Cheng Jia Yan (Ligongdi Road),Suzhou,China,restaurant,,¥¥,,shanghai-jiangsu-zhejiang-2026,苏城家宴 (李公堤路)
michelin-2026-china,michelin,2026,,Bib Gourmand,,https://guide.michelin.com/us/en/zhe-jiang/wenzhou_1031793/restaurant/sun-guo-hua-qing-jiang-san-xian-mian-renmin-north-road,Sun Guo Hua Qing Jiang San Xian Mian (Renmin North Road),Wenzhou,China,restaurant,,¥,,shanghai-jiangsu-zhejiang-2026,孙国花清江三鲜面 (人民北路)
michelin-2026-china,michelin,2026,,Bib Gourmand,,https://guide.michelin.com/us/en/jiang-su/changzhou_1025968/restaurant/tai-hu-san-bai-guan,Tai Hu San Bai Guan,Changzhou,China,restaurant,,¥¥,,shanghai-jiangsu-zhejiang-2026,太湖三白馆
michelin-2026-china,michelin,2026,,Bib Gourmand,,https://guide.michelin.com/us/en/shanghai-municipality/shanghai/restaurant/tan-1246400,Tan,Shanghai,China,restaurant,,¥¥,,shanghai-jiangsu-zhejiang-2026,坛
michelin-2026-china,michelin,2026,,Bib Gourmand,,https://guide.michelin.com/us/en/zhe-jiang/taizhou_7770462/restaurant/tang-a-yi-bian-shi,Tang A Yi Bian Shi,Taizhou,China,restaurant,,¥,,shanghai-jiangsu-zhejiang-2026,汤阿姨扁食
michelin-2026-china,michelin,2026,,Bib Gourmand,,https://guide.michelin.com/us/en/jiang-su/suzhou_1031079/restaurant/tang-yuan,Tang Yuan,Suzhou,China,restaurant,,¥,,shanghai-jiangsu-zhejiang-2026,塘园
michelin-2026-china,michelin,2026,,Bib Gourmand,,https://guide.michelin.com/us/en/shanghai-municipality/shanghai/restaurant/the-lakeside-veggie,The Lakeside Veggie,Shanghai,China,restaurant,,¥¥,,shanghai-jiangsu-zhejiang-2026,临湖素食
michelin-2026-china,michelin,2026,,Bib Gourmand,,https://guide.michelin.com/us/en/shanghai-municipality/shanghai/restaurant/the-taste-of-huzhou,The Taste of Huzhou,Shanghai,China,restaurant,,¥,,shanghai-jiangsu-zhejiang-2026,菰城宴
michelin-2026-china,michelin,2026,,Bib Gourmand,,https://guide.michelin.com/us/en/jiang-su/suzhou_1031079/restaurant/tong-de-xing-jiayu-fang,Tong De Xing (Jiayu Fang),Suzhou,China,restaurant,,¥,,shanghai-jiangsu-zhejiang-2026,同得兴 (嘉余坊)
michelin-2026-china,michelin,2026,,Bib Gourmand,,https://guide.michelin.com/us/en/zhe-jiang/hangzhou_1027184/restaurant/tong-ma-ma-xihu,Tong Ma Ma (Xihu),Hangzhou,China,restaurant,,¥,,shanghai-jiangsu-zhejiang-2026,童妈妈 (西湖)
michelin-2026-china,michelin,2026,,Bib Gourmand,,https://guide.michelin.com/us/en/jiang-su/suzhou_1031079/restaurant/wan-tai-xing,Wan Tai Xing,Suzhou,China,restaurant,,¥,,shanghai-jiangsu-zhejiang-2026,万泰兴
michelin-2026-china,michelin,2026,,Bib Gourmand,,https://guide.michelin.com/us/en/shanghai-municipality/shanghai/restaurant/wang-lu,Wang Lu (Pudong),Shanghai,China,restaurant,,¥¥,,shanghai-jiangsu-zhejiang-2026,望庐 (浦东)
michelin-2026-china,michelin,2026,,Bib Gourmand,,https://guide.michelin.com/us/en/zhe-jiang/hangzhou_1027184/restaurant/wang-ri-shun-hao,Wang Ri Shun Hao (Shangcheng),Hangzhou,China,restaurant,,¥,,shanghai-jiangsu-zhejiang-2026,王日顺号 (上城)
michelin-2026-china,michelin,2026,,Bib Gourmand,,https://guide.michelin.com/us/en/zhe-jiang/taizhou_7770462/restaurant/wei-chen-xiao-chi,Wei Chen Xiao Chi,Taizhou,China,restaurant,,¥,,shanghai-jiangsu-zhejiang-2026,味晨小吃
michelin-2026-china,michelin,2026,,Bib Gourmand,,https://guide.michelin.com/us/en/jiang-su/suzhou_1031079/restaurant/wei-ji-ao-mian-guan-east-baita-road,Wei Ji Ao Mian Guan (East Baita Road),Suzhou,China,restaurant,,¥,,shanghai-jiangsu-zhejiang-2026,伟记奥面馆 (白塔东路)
michelin-2026-china,michelin,2026,,Bib Gourmand,,https://guide.michelin.com/us/en/jiang-su/nanjing_1029511/restaurant/wu-ming-lao-lu-mian,Wu Ming Lao Lu Mian,Nanjing,China,restaurant,,¥,,shanghai-jiangsu-zhejiang-2026,无名老卤面
michelin-2026-china,michelin,2026,,Bib Gourmand,,https://guide.michelin.com/us/en/zhe-jiang/hangzhou_1027184/restaurant/wu-zi-mian-guan,Wu Zi Mian Guan,Hangzhou,China,restaurant,,¥,,shanghai-jiangsu-zhejiang-2026,伍子面馆
michelin-2026-china,michelin,2026,,Bib Gourmand,,https://guide.michelin.com/us/en/zhe-jiang/hangzhou_1027184/restaurant/xiao-bai-cai,Xiao Bai Cai,Hangzhou,China,restaurant,,¥¥,,shanghai-jiangsu-zhejiang-2026,小柏菜
michelin-2026-china,michelin,2026,,Bib Gourmand,,https://guide.michelin.com/us/en/zhe-jiang/wenzhou_1031793/restaurant/xiao-cai-yuan,Xiao Cai Yuan,Wenzhou,China,restaurant,,¥¥,,shanghai-jiangsu-zhejiang-2026,小菜园
michelin-2026-china,michelin,2026,,Bib Gourmand,,https://guide.michelin.com/us/en/zhe-jiang/hangzhou_1027184/restaurant/xiao-dian-huang,Xiao Dian Huang,Hangzhou,China,restaurant,,¥¥,,shanghai-jiangsu-zhejiang-2026,笑典皇
michelin-2026-china,michelin,2026,,Bib Gourmand,,https://guide.michelin.com/us/en/zhe-jiang/hangzhou_1027184/restaurant/xiao-lao-hun-tun,Xiao Lao Hun Tun,Hangzhou,China,restaurant,,¥,,shanghai-jiangsu-zhejiang-2026,小劳馄饨
michelin-2026-china,michelin,2026,,Bib Gourmand,,https://guide.michelin.com/us/en/jiang-su/nanjing_1029511/restaurant/xiao-pan-ji-ya-xie-fen-si-tang,Xiao Pan Ji Ya Xie Fen Si Tang,Nanjing,China,restaurant,,¥,,shanghai-jiangsu-zhejiang-2026,小潘记鸭血粉丝汤
michelin-2026-china,michelin,2026,,Bib Gourmand,,https://guide.michelin.com/us/en/zhe-jiang/hangzhou_1027184/restaurant/xiao-shan-wei-dao,Xiao Shan Wei Dao,Hangzhou,China,restaurant,,¥¥,,shanghai-jiangsu-zhejiang-2026,萧山味道
michelin-2026-china,michelin,2026,,Bib Gourmand,,https://guide.michelin.com/us/en/shanghai-municipality/shanghai/restaurant/xiao-tao-mian-guan,Xiao Tao Mian Guan,Shanghai,China,restaurant,,¥,,shanghai-jiangsu-zhejiang-2026,小陶面馆
michelin-2026-china,michelin,2026,,Bib Gourmand,,https://guide.michelin.com/us/en/zhe-jiang/hangzhou_1027184/restaurant/xiao-zhu-fan-dian,Xiao Zhu Fan Dian,Hangzhou,China,restaurant,,¥¥,,shanghai-jiangsu-zhejiang-2026,小朱饭店
michelin-2026-china,michelin,2026,,Bib Gourmand,,https://guide.michelin.com/us/en/jiang-su/nanjing_1029511/restaurant/xin-fang-yuan,Xin Fang Yuan,Nanjing,China,restaurant,,¥¥,,shanghai-jiangsu-zhejiang-2026,馨方园食府
michelin-2026-china,michelin,2026,,Bib Gourmand,,https://guide.michelin.com/us/en/zhe-jiang/hangzhou_1027184/restaurant/xin-liu-he,Xin Liu He,Hangzhou,China,restaurant,,¥¥,,shanghai-jiangsu-zhejiang-2026,新六和
michelin-2026-china,michelin,2026,,Bib Gourmand,,https://guide.michelin.com/us/en/zhe-jiang/hangzhou_1027184/restaurant/xiu-cai-yang-rou-mian,Xiu Cai Yang Rou Mian,Hangzhou,China,restaurant,,¥,,shanghai-jiangsu-zhejiang-2026,秀才羊肉面
michelin-2026-china,michelin,2026,,Bib Gourmand,,https://guide.michelin.com/us/en/jiang-su/nanjing_1029511/restaurant/xu-jian-ping-tang-bao-rehe-south-road,Xu Jian Ping Tang Bao (Rehe South Road),Nanjing,China,restaurant,,¥,,shanghai-jiangsu-zhejiang-2026,徐建萍汤包 (热河南路)
michelin-2026-china,michelin,2026,,Bib Gourmand,,https://guide.michelin.com/us/en/jiang-su/nanjing_1029511/restaurant/san-bai-wan-bao-ying-chang-yu-mian,Xu Pangzi San Bai Wan Bao Ying Chang Yu Mian,Nanjing,China,restaurant,,¥,,shanghai-jiangsu-zhejiang-2026,徐胖子三百碗宝应长鱼面
michelin-2026-china,michelin,2026,,Bib Gourmand,,https://guide.michelin.com/us/en/zhe-jiang/wenzhou_1031793/restaurant/xue-miao-zhu-zang-fen,Xue Miao Zhu Zang Fen,Wenzhou,China,restaurant,,¥,,shanghai-jiangsu-zhejiang-2026,雪苗猪脏粉
michelin-2026-china,michelin,2026,,Bib Gourmand,,https://guide.michelin.com/us/en/zhe-jiang/hangzhou_1027184/restaurant/xun-wei-jiang-nan,Xun Wei Jiang Nan,Hangzhou,China,restaurant,,¥¥,,shanghai-jiangsu-zhejiang-2026,寻味江南
michelin-2026-china,michelin,2026,,Bib Gourmand,,https://guide.michelin.com/us/en/jiang-su/suzhou_1031079/restaurant/ya-ba-sheng-jian-wenjia-an,Ya Ba Sheng Jian (Wenjia An),Suzhou,China,restaurant,,¥,,shanghai-jiangsu-zhejiang-2026,哑巴生煎 (温家岸)
michelin-2026-china,michelin,2026,,Bib Gourmand,,https://guide.michelin.com/us/en/zhe-jiang/wenzhou_1031793/restaurant/yan-ji-gao-tou-pu,Yan Ji Gao Tou Pu,Wenzhou,China,restaurant,,¥,,shanghai-jiangsu-zhejiang-2026,颜记糕头铺
michelin-2026-china,michelin,2026,,Bib Gourmand,,https://guide.michelin.com/us/en/zhe-jiang/wenzhou_1031793/restaurant/yangjia-shantou-mai-mian-lao-dian-canghe-lane,Yangjia Shantou Mai Mian Lao Dian (Canghe Lane),Wenzhou,China,restaurant,,¥,,shanghai-jiangsu-zhejiang-2026,永嘉山头麦面老店 (沧河巷)
michelin-2026-china,michelin,2026,,Bib Gourmand,,https://guide.michelin.com/us/en/shanghai-municipality/shanghai/restaurant/yangzhou-fan-dian-huangpu,Yangzhou Fan Dian (Huangpu),Shanghai,China,restaurant,,¥¥,,shanghai-jiangsu-zhejiang-2026,扬州饭店 (黄浦)
michelin-2026-china,michelin,2026,,Bib Gourmand,,https://guide.michelin.com/us/en/jiang-su/yangzhou_1032329/restaurant/yangzhou-yan-38-changchun-road,Yangzhou Yan (38 Changchun Road),Yangzhou,China,restaurant,,¥¥,,shanghai-jiangsu-zhejiang-2026,扬州宴 (长春路38号)
michelin-2026-china,michelin,2026,,Bib Gourmand,,https://guide.michelin.com/us/en/jiang-su/suzhou_1031079/restaurant/yangzhou-yan-qu-yuan,Yangzhou Yan · Qu Yuan,Suzhou,China,restaurant,,¥¥,,shanghai-jiangsu-zhejiang-2026,扬州宴 · 趣园
michelin-2026-china,michelin,2026,,Bib Gourmand,,https://guide.michelin.com/us/en/zhe-jiang/hangzhou_1027184/restaurant/ye-long-jing,Ye Long Jing,Hangzhou,China,restaurant,,¥¥,,shanghai-jiangsu-zhejiang-2026,也龙井
michelin-2026-china,michelin,2026,,Bib Gourmand,,https://guide.michelin.com/us/en/zhe-jiang/taizhou_7770462/restaurant/yi-qin-shou-da-mian,Yi Qin Shou Da Mian,Taizhou,China,restaurant,,¥,,shanghai-jiangsu-zhejiang-2026,宜沁手打面
michelin-2026-china,michelin,2026,,Bib Gourmand,,https://guide.michelin.com/us/en/shanghai-municipality/shanghai/restaurant/yongfu-mini,YongFu Mini (Pudong),Shanghai,China,restaurant,,¥¥,,shanghai-jiangsu-zhejiang-2026,甬府小鲜 (浦东新区)
michelin-2026-china,michelin,2026,,Bib Gourmand,,https://guide.michelin.com/us/en/jiang-su/nanjing_1029511/restaurant/you-mian,You Mian,Nanjing,China,restaurant,,¥,,shanghai-jiangsu-zhejiang-2026,囿面
michelin-2026-china,michelin,2026,,Bib Gourmand,,https://guide.michelin.com/us/en/jiang-su/yangzhou_1032329/restaurant/yu-cheng,Yu Cheng,Yangzhou,China,restaurant,,¥¥,,shanghai-jiangsu-zhejiang-2026,玉成
michelin-2026-china,michelin,2026,,Bib Gourmand,,https://guide.michelin.com/us/en/shanghai-municipality/shanghai/restaurant/yu-du-lao-wei-mian-huangpu,Yu Du Lao Wei Mian,Shanghai,China,restaurant,,¥,,shanghai-jiangsu-zhejiang-2026,渔都老味面
michelin-2026-china,michelin,2026,,Bib Gourmand,,https://guide.michelin.com/us/en/shanghai-municipality/shanghai/restaurant/yu-ge-zhan-jiang-jingan,Yu Ge Zhanjiang (Jingan),Shanghai,China,restaurant,,¥¥,,shanghai-jiangsu-zhejiang-2026,渔哥 · 湛江 (静安)
michelin-2026-china,michelin,2026,,Bib Gourmand,,https://guide.michelin.com/us/en/zhe-jiang/wenzhou_1031793/restaurant/yu-ji-seafood,Yu Ji Seafood,Wenzhou,China,restaurant,,¥¥,,shanghai-jiangsu-zhejiang-2026,余记海鲜
michelin-2026-china,michelin,2026,,Bib Gourmand,,https://guide.michelin.com/us/en/jiang-su/suzhou_1031079/restaurant/yu-mian-tang,Yu Mian Tang (Nanxin Road),Suzhou,China,restaurant,,¥,,shanghai-jiangsu-zhejiang-2026,裕面堂 (南新路)
michelin-2026-china,michelin,2026,,Bib Gourmand,,https://guide.michelin.com/us/en/zhe-jiang/hangzhou_1027184/restaurant/yue-ji,Yue Ji (Binjiang),Hangzhou,China,restaurant,,¥¥,,shanghai-jiangsu-zhejiang-2026,越稽 (滨江)
michelin-2026-china,michelin,2026,,Bib Gourmand,,https://guide.michelin.com/us/en/shanghai-municipality/shanghai/restaurant/yunhe-noodle-huangpu,Yunhe Noodle (Huangpu),Shanghai,China,restaurant,,¥¥,,shanghai-jiangsu-zhejiang-2026,云和面馆 (黄浦)
michelin-2026-china,michelin,2026,,Bib Gourmand,,https://guide.michelin.com/us/en/zhe-jiang/taizhou_7770462/restaurant/zhang-yuan-chui-fan-yanyu-road,Zhang Yuan Chui Fan (Yanyu Road),Taizhou,China,restaurant,,¥,,shanghai-jiangsu-zhejiang-2026,璋园炊饭 (岩屿路)
michelin-2026-china,michelin,2026,,Bib Gourmand,,https://guide.michelin.com/us/en/jiang-su/nanjing_1029511/restaurant/zheng-qing-niu-rou-guo-tie-dian,Zheng Qing Niu Rou Guo Tie Dian,Nanjing,China,restaurant,,¥,,shanghai-jiangsu-zhejiang-2026,正清牛肉锅贴店
michelin-2026-china,michelin,2026,,Bib Gourmand,,https://guide.michelin.com/us/en/zhe-jiang/wenzhou_1031793/restaurant/zheng-zhengliang-seafood-nantang-street,Zheng Zhengliang Seafood (Nantang Street),Wenzhou,China,restaurant,,¥¥,,shanghai-jiangsu-zhejiang-2026,郑正亮海鲜 (南塘街)
michelin-2026-china,michelin,2026,,Bib Gourmand,,https://guide.michelin.com/us/en/jiang-su/nanjing_1029511/restaurant/zhi-he-lao-ya-fen-si-tang,Zhi He Lao Ya Fen Si Tang,Nanjing,China,restaurant,,¥,,shanghai-jiangsu-zhejiang-2026,致和老鸭粉丝汤
michelin-2026-china,michelin,2026,,Bib Gourmand,,https://guide.michelin.com/us/en/zhe-jiang/hangzhou_1027184/restaurant/zhi-zhu-xihu,Zhi Zhu,Hangzhou,China,restaurant,,¥,,shanghai-jiangsu-zhejiang-2026,知竹
