batch_key,source_id,year,rank,category,distinction,source_url,venue_name,city_label,country_label,venue_category,venue_status,price_symbol_raw,note
michelin-2026-italy,michelin,2026,,Three Stars,,https://guide.michelin.com/us/en/piemonte/orta-san-giulio/restaurant/villa-crespi,Villa Crespi,Orta San Giulio,Italy,restaurant,,€€€€,
michelin-2026-italy,michelin,2026,,Three Stars,,https://guide.michelin.com/us/en/piemonte/alba/restaurant/piazza-duomo,Piazza Duomo,Alba,Italy,restaurant,,€€€€,
michelin-2026-italy,michelin,2026,,Three Stars,,https://guide.michelin.com/us/en/piemonte/serralunga-d-alba/restaurant/la-rei-natura-by-michelangelo-mammoliti,La Rei Natura by Michelangelo Mammoliti,Serralunga d'Alba,Italy,restaurant,,€€€€,
michelin-2026-italy,michelin,2026,,Three Stars,,https://guide.michelin.com/us/en/lombardia/milano/restaurant/enrico-bartolini-al-mudec,Enrico Bartolini al Mudec,Milan,Italy,restaurant,,€€€€,
michelin-2026-italy,michelin,2026,,Three Stars,,https://guide.michelin.com/us/en/lombardia/brusaporto/restaurant/da-vittorio,Da Vittorio,Brusaporto,Italy,restaurant,,€€€€,
michelin-2026-italy,michelin,2026,,Three Stars,,https://guide.michelin.com/us/en/lombardia/runate/restaurant/dal-pescatore,Dal Pescatore Santini,Runate,Italy,restaurant,,€€€€,
michelin-2026-italy,michelin,2026,,Three Stars,,https://guide.michelin.com/us/en/trentino-alto-adige/brunico/restaurant/atelier-moessmer-norbert-niederkofler,Atelier Moessmer Norbert Niederkofler,Brunico,Italy,restaurant,,€€€€,
michelin-2026-italy,michelin,2026,,Three Stars,,https://guide.michelin.com/us/en/veneto/verona/restaurant/casa-perbellini,Casa Perbellini 12 Apostoli,Verona,Italy,restaurant,,€€€€,
michelin-2026-italy,michelin,2026,,Three Stars,,https://guide.michelin.com/us/en/emilia-romagna/modena/restaurant/osteria-francescana,Osteria Francescana,Modena,Italy,restaurant,,€€€€,
michelin-2026-italy,michelin,2026,,Three Stars,,https://guide.michelin.com/us/en/veneto/rubano/restaurant/le-calandre,Le Calandre,Rubano,Italy,restaurant,,€€€€,
michelin-2026-italy,michelin,2026,,Three Stars,,https://guide.michelin.com/us/en/toscana/firenze/restaurant/enoteca-pinchiorri,Enoteca Pinchiorri,Florence,Italy,restaurant,,€€€€,
michelin-2026-italy,michelin,2026,,Three Stars,,https://guide.michelin.com/us/en/marche/senigallia/restaurant/uliassi,Uliassi,Senigallia,Italy,restaurant,,€€€€,
michelin-2026-italy,michelin,2026,,Three Stars,,https://guide.michelin.com/us/en/lazio/roma/restaurant/la-pergola69016,La Pergola,Rome,Italy,restaurant,,€€€€,
michelin-2026-italy,michelin,2026,,Three Stars,,https://guide.michelin.com/us/en/abruzzo/castel-di-sangro/restaurant/reale,Reale,Castel di Sangro,Italy,restaurant,,€€€€,
michelin-2026-italy,michelin,2026,,Three Stars,,https://guide.michelin.com/us/en/campania/nerano_7770444/restaurant/quattro-passi,Quattro Passi,Nerano,Italy,restaurant,,€€€€,
michelin-2026-italy,michelin,2026,,Two Stars,,https://guide.michelin.com/us/en/piemonte/cervere/restaurant/antica-corona-reale,Antica Corona Reale,Cervere,Italy,restaurant,,€€€€,
michelin-2026-italy,michelin,2026,,Two Stars,,https://guide.michelin.com/us/en/piemonte/cioccaro/restaurant/locanda-del-sant-uffizio-enrico-bartolini,Locanda Sant'Uffizio Enrico Bartolini,Cioccaro,Italy,restaurant,,€€€€,
michelin-2026-italy,michelin,2026,,Two Stars,,https://guide.michelin.com/us/en/lombardia/cornaredo/restaurant/d-o,D'O,Cornaredo,Italy,restaurant,,€€€€,
michelin-2026-italy,michelin,2026,,Two Stars,,https://guide.michelin.com/us/en/lombardia/milano/restaurant/andrea-aprea,Andrea Aprea,Milan,Italy,restaurant,,€€€€,
michelin-2026-italy,michelin,2026,,Two Stars,,https://guide.michelin.com/us/en/lombardia/milano/restaurant/verso-capitaneo,Verso Capitaneo,Milan,Italy,restaurant,,€€€€,
michelin-2026-italy,michelin,2026,,Two Stars,,https://guide.michelin.com/us/en/lombardia/milano/restaurant/seta-by-antonio-guida,Seta by Antonio Guida,Milan,Italy,restaurant,,€€€€,
michelin-2026-italy,michelin,2026,,Two Stars,,https://guide.michelin.com/us/en/lombardia/bergamo/restaurant/villa-elena,Villa Elena,Bergamo,Italy,restaurant,,€€€€,
michelin-2026-italy,michelin,2026,,Two Stars,,https://guide.michelin.com/us/en/trentino-alto-adige/tirolo/restaurant/castel-fine-dining,Castel fine dining,Tirol,Italy,restaurant,,€€€€,
michelin-2026-italy,michelin,2026,,Two Stars,,https://guide.michelin.com/us/en/trentino-alto-adige/sarentino/restaurant/terra151934,Terra The Magic Place,Sarentino,Italy,restaurant,,€€€€,
michelin-2026-italy,michelin,2026,,Two Stars,,https://guide.michelin.com/us/en/lombardia/gargnano/restaurant/villa-feltrinelli,Villa Feltrinelli,Gargnano,Italy,restaurant,,€€€€,
michelin-2026-italy,michelin,2026,,Two Stars,,https://guide.michelin.com/us/en/veneto/oppeano/restaurant/famiglia-rana,Famiglia Rana,Oppeano,Italy,restaurant,,€€€€,
michelin-2026-italy,michelin,2026,,Two Stars,,https://guide.michelin.com/us/en/toscana/viareggio/restaurant/il-piccolo-principe,Il Piccolo Principe,Viareggio,Italy,restaurant,,€€€€,
michelin-2026-italy,michelin,2026,,Two Stars,,https://guide.michelin.com/us/en/veneto/lonigo/restaurant/la-peca,La Peca,Lonigo,Italy,restaurant,,€€€€,
michelin-2026-italy,michelin,2026,,Two Stars,,https://guide.michelin.com/us/en/veneto/lughetto/restaurant/antica-osteria-cera,Antica Osteria Cera,Lughetto,Italy,restaurant,,€€€€,
michelin-2026-italy,michelin,2026,,Two Stars,,https://guide.michelin.com/us/en/veneto/venezia/restaurant/glam-enrico-bartolini,Glam Enrico Bartolini,Venice,Italy,restaurant,,€€€€,
michelin-2026-italy,michelin,2026,,Two Stars,,https://guide.michelin.com/us/en/toscana/firenze/restaurant/santa-elisabetta,Santa Elisabetta,Florence,Italy,restaurant,,€€€€,
michelin-2026-italy,michelin,2026,,Two Stars,,https://guide.michelin.com/us/en/emilia-romagna/imola/restaurant/san-domenico,San Domenico,Imola,Italy,restaurant,,€€€€,
michelin-2026-italy,michelin,2026,,Two Stars,,https://guide.michelin.com/us/en/toscana/colle-di-val-d-elsa/restaurant/arnolfo,Arnolfo,Colle di Val d'Elsa,Italy,restaurant,,€€€€,
michelin-2026-italy,michelin,2026,,Two Stars,,https://guide.michelin.com/us/en/friuli-venezia-giulia/godia/restaurant/agli-amici,Agli Amici,Godia,Italy,restaurant,,€€€€,
michelin-2026-italy,michelin,2026,,Two Stars,,https://guide.michelin.com/us/en/toscana/montalcino/restaurant/campo-del-drago,Campo del Drago,Montalcino,Italy,restaurant,,€€€€,
michelin-2026-italy,michelin,2026,,Two Stars,,https://guide.michelin.com/us/en/emilia-romagna/longiano/restaurant/magnolia,Magnolia,Longiano,Italy,restaurant,,€€€€,
michelin-2026-italy,michelin,2026,,Two Stars,,https://guide.michelin.com/us/en/friuli-venezia-giulia/trieste/restaurant/harry-s-piccolo,Harry's Piccolo,Trieste,Italy,restaurant,,€€€€,
michelin-2026-italy,michelin,2026,,Two Stars,,https://guide.michelin.com/us/en/toscana/montemerano/restaurant/caino,Caino,Montemerano,Italy,restaurant,,€€€€,
michelin-2026-italy,michelin,2026,,Two Stars,,https://guide.michelin.com/us/en/marche/marzocca/restaurant/madonnina-del-pescatore,Madonnina del Pescatore,Marzocca,Italy,restaurant,,€€€€,
michelin-2026-italy,michelin,2026,,Two Stars,,https://guide.michelin.com/us/en/lazio/roma/restaurant/acquolina,Acquolina,Rome,Italy,restaurant,,€€€€,
michelin-2026-italy,michelin,2026,,Two Stars,,https://guide.michelin.com/us/en/lazio/roma/restaurant/il-pagliaccio,Il Pagliaccio,Rome,Italy,restaurant,,€€€€,
michelin-2026-italy,michelin,2026,,Two Stars,,https://guide.michelin.com/us/en/lazio/roma/restaurant/enoteca-la-torre,Enoteca La Torre,Rome,Italy,restaurant,,€€€€,
michelin-2026-italy,michelin,2026,,Two Stars,,https://guide.michelin.com/us/en/campania/ischia/restaurant/dani-maison,daní maison,Ischia,Italy,restaurant,,€€€€,
michelin-2026-italy,michelin,2026,,Two Stars,,https://guide.michelin.com/us/en/campania/telese/restaurant/kresios,Krèsios,Telese,Italy,restaurant,,€€€€,
michelin-2026-italy,michelin,2026,,Two Stars,,https://guide.michelin.com/us/en/campania/napoli/restaurant/george-restaurant,George Restaurant,Naples,Italy,restaurant,,€€€€,
michelin-2026-italy,michelin,2026,,Two Stars,,https://guide.michelin.com/us/en/campania/brusciano/restaurant/taverna-estia,Taverna Estia,Brusciano,Italy,restaurant,,€€€€,
michelin-2026-italy,michelin,2026,,Two Stars,,https://guide.michelin.com/us/en/campania/anacapri/restaurant/l-olivo,L'Olivo,Anacapri,Italy,restaurant,,€€€€,
michelin-2026-italy,michelin,2026,,Two Stars,,https://guide.michelin.com/us/en/campania/vico-equense/restaurant/torre-del-saracino,Torre del Saracino,Vico Equense,Italy,restaurant,,€€€€,
michelin-2026-italy,michelin,2026,,Two Stars,,https://guide.michelin.com/us/en/campania/castellammare-di-stabia/restaurant/piazzetta-milu,Piazzetta Milù,Castellammare di Stabia,Italy,restaurant,,€€€€,
michelin-2026-italy,michelin,2026,,Two Stars,,https://guide.michelin.com/us/en/sicilia/isola-vulcano/restaurant/i-tenerumi,I Tenerumi,Isola Vulcano,Italy,restaurant,,€€€€,
michelin-2026-italy,michelin,2026,,Two Stars,,https://guide.michelin.com/us/en/sicilia/licata/restaurant/la-madia,La Madia,Licata,Italy,restaurant,,€€€€,
michelin-2026-italy,michelin,2026,,Two Stars,,https://guide.michelin.com/us/en/sicilia/taormina/restaurant/st-george-by-heinz-beck,St. George by Heinz Beck,Taormina,Italy,restaurant,,€€€€,
michelin-2026-italy,michelin,2026,,Two Stars,,https://guide.michelin.com/us/en/sicilia/ragusa/restaurant/duomo160079,Duomo,Ragusa,Italy,restaurant,,€€€€,
michelin-2026-italy,michelin,2026,,One Star,,https://guide.michelin.com/us/en/valle-d-aosta/aosta/restaurant/paolo-griffa-al-caffe-nazionale,Paolo Griffa al Caffè Nazionale,Aosta,Italy,restaurant,,€€€€,
michelin-2026-italy,michelin,2026,,One Star,,https://guide.michelin.com/us/en/valle-d-aosta/aosta/restaurant/vecchio-ristoro,Vecchio Ristoro,Aosta,Italy,restaurant,,€€€€,
michelin-2026-italy,michelin,2026,,One Star,,https://guide.michelin.com/us/en/valle-d-aosta/cogne/restaurant/le-petit-restaurant,Le Petit Bellevue,Cogne,Italy,restaurant,,€€€€,
michelin-2026-italy,michelin,2026,,One Star,,https://guide.michelin.com/us/en/valle-d-aosta/it-breuil-cervinia/restaurant/wood460913,Wood,Breuil Cervinia,Italy,restaurant,,€€€€,
michelin-2026-italy,michelin,2026,,One Star,,https://guide.michelin.com/us/en/piemonte/pinerolo/restaurant/zappatori,Trattoria Zappatori,Pinerolo,Italy,restaurant,,€€€,
michelin-2026-italy,michelin,2026,,One Star,,https://guide.michelin.com/us/en/piemonte/san-maurizio-canavese/restaurant/la-credenza,La Credenza,San Maurizio Canavese,Italy,restaurant,,€€€,
michelin-2026-italy,michelin,2026,,One Star,,https://guide.michelin.com/us/en/piemonte/domodossola/restaurant/atelier161790,Atelier,Domodossola,Italy,restaurant,,€€€,
michelin-2026-italy,michelin,2026,,One Star,,https://guide.michelin.com/us/en/piemonte/venaria-reale/restaurant/dolce-stil-novo-alla-reggia,Dolce Stil Novo alla Reggia,Venaria Reale,Italy,restaurant,,€€€€,
michelin-2026-italy,michelin,2026,,One Star,,https://guide.michelin.com/us/en/piemonte/torino/restaurant/piano-35,Piano35,Turin,Italy,restaurant,,€€€€,
michelin-2026-italy,michelin,2026,,One Star,,https://guide.michelin.com/us/en/piemonte/torino/restaurant/unforgettable,Unforgettable,Turin,Italy,restaurant,,€€€€,
michelin-2026-italy,michelin,2026,,One Star,,https://guide.michelin.com/us/en/piemonte/torino/restaurant/del-cambio,Del Cambio,Turin,Italy,restaurant,,€€€€,
michelin-2026-italy,michelin,2026,,One Star,,https://guide.michelin.com/us/en/piemonte/torino/restaurant/vintage-1997,Vintage 1997,Turin,Italy,restaurant,,€€€,
michelin-2026-italy,michelin,2026,,One Star,,https://guide.michelin.com/us/en/piemonte/torino/restaurant/condividere,Condividere,Turin,Italy,restaurant,,€€€€,
michelin-2026-italy,michelin,2026,,One Star,,https://guide.michelin.com/us/en/piemonte/torino/restaurant/carignano,Carignano,Turin,Italy,restaurant,,€€€€,
michelin-2026-italy,michelin,2026,,One Star,,https://guide.michelin.com/us/en/piemonte/torino/restaurant/andrea-larossa,Andrea Larossa,Turin,Italy,restaurant,,€€€€,
michelin-2026-italy,michelin,2026,,One Star,,https://guide.michelin.com/us/en/piemonte/biella/restaurant/il-patio,Il Patio,Biella,Italy,restaurant,,€€€,
michelin-2026-italy,michelin,2026,,One Star,,https://guide.michelin.com/us/en/piemonte/torino/restaurant/cannavacciuolo-bistrot,Cannavacciuolo Bistrot,Turin,Italy,restaurant,,€€€€,
michelin-2026-italy,michelin,2026,,One Star,,https://guide.michelin.com/us/en/piemonte/pettenasco/restaurant/cannavacciuolo-by-the-lake,Cannavacciuolo by the Lake,Pettenasco,Italy,restaurant,,€€€,
michelin-2026-italy,michelin,2026,,One Star,,https://guide.michelin.com/us/en/piemonte/orta-san-giulio/restaurant/locanda-di-orta,Andrea Monesi - Locanda di Orta,Orta San Giulio,Italy,restaurant,,€€€€,
michelin-2026-italy,michelin,2026,,One Star,,https://guide.michelin.com/us/en/piemonte/soriso/restaurant/al-sorriso,Al Sorriso,Soriso,Italy,restaurant,,€€€€,
michelin-2026-italy,michelin,2026,,One Star,,https://guide.michelin.com/us/en/piemonte/vernante/restaurant/nazionale,Nazionale,Vernante,Italy,restaurant,,€€€,
michelin-2026-italy,michelin,2026,,One Star,,https://guide.michelin.com/us/en/piemonte/tigliole/restaurant/ca-vittoria,Ca' Vittoria,Tigliole,Italy,restaurant,,€€€,
michelin-2026-italy,michelin,2026,,One Star,,https://guide.michelin.com/us/en/piemonte/canale/restaurant/all-enoteca,All'Enoteca,Canale,Italy,restaurant,,€€€,
michelin-2026-italy,michelin,2026,,One Star,,https://guide.michelin.com/us/en/piemonte/asti/restaurant/cannavacciuolo-le-cattedrali-asti,Cannavacciuolo Le Cattedrali Asti,Asti,Italy,restaurant,,€€€€,
michelin-2026-italy,michelin,2026,,One Star,,https://guide.michelin.com/us/en/piemonte/pibesi-d-alba/restaurant/21-9,21.9,Piobesi d'Alba,Italy,restaurant,,€€€,
michelin-2026-italy,michelin,2026,,One Star,,https://guide.michelin.com/us/en/piemonte/priocca/restaurant/il-centro,Il Centro,Priocca,Italy,restaurant,,€€€,
michelin-2026-italy,michelin,2026,,One Star,,https://guide.michelin.com/us/en/piemonte/novello_1797954/restaurant/massimo-camia,Massimo Camia,Novello,Italy,restaurant,,€€€,
michelin-2026-italy,michelin,2026,,One Star,,https://guide.michelin.com/us/en/piemonte/serralunga-d-alba/restaurant/guido361561,Guidoristorante,Serralunga d'Alba,Italy,restaurant,,€€€,
michelin-2026-italy,michelin,2026,,One Star,,https://guide.michelin.com/us/en/piemonte/monforte-d-alba/restaurant/fre,FRE,Monforte d'Alba,Italy,restaurant,,€€€€,
michelin-2026-italy,michelin,2026,,One Star,,https://guide.michelin.com/us/en/piemonte/alba/restaurant/locanda-del-pilone,Locanda del Pilone,Alba,Italy,restaurant,,€€€€,
michelin-2026-italy,michelin,2026,,One Star,,https://guide.michelin.com/us/en/piemonte/monforte-d-alba/restaurant/borgo-sant-anna,Borgo Sant'Anna,Monforte d'Alba,Italy,restaurant,,€€€€,
michelin-2026-italy,michelin,2026,,One Star,,https://guide.michelin.com/us/en/lombardia/madesimo/restaurant/il-cantinone-e-sport-hotel-alpina,Il Cantinone e Sport Hotel Alpina,Madesimo,Italy,restaurant,,€€€,
michelin-2026-italy,michelin,2026,,One Star,,https://guide.michelin.com/us/en/piemonte/treiso/restaurant/la-ciau-del-tornavento,La Ciau del Tornavento,Treiso,Italy,restaurant,,€€€,
michelin-2026-italy,michelin,2026,,One Star,,https://guide.michelin.com/us/en/lombardia/fagnano-olona/restaurant/acquerello197794,Acquerello,Fagnano Olona,Italy,restaurant,,€€€€,
michelin-2026-italy,michelin,2026,,One Star,,https://guide.michelin.com/us/en/liguria/ventimiglia/restaurant/casa-buono,Casa Buono,Ventimiglia,Italy,restaurant,,€€€€,
michelin-2026-italy,michelin,2026,,One Star,,https://guide.michelin.com/us/en/piemonte/santo-stefano-belbo/restaurant/il-ristorante-di-guido-da-costigliole,Il Ristorante di Guido da Costigliole,Santo Stefano Belbo,Italy,restaurant,,€€€€,
michelin-2026-italy,michelin,2026,,One Star,,https://guide.michelin.com/us/en/lombardia/olgiate-olona/restaurant/acqua-1201998,Acqua,Olgiate Olona,Italy,restaurant,,€€€€,
michelin-2026-italy,michelin,2026,,One Star,,https://guide.michelin.com/us/en/lombardia/como/restaurant/kitchen-325766,Kitchen,Como,Italy,restaurant,,€€€€,
michelin-2026-italy,michelin,2026,,One Star,,https://guide.michelin.com/us/en/lombardia/cernobbio/restaurant/materia,Materia,Cernobbio,Italy,restaurant,,€€€€,
michelin-2026-italy,michelin,2026,,One Star,,https://guide.michelin.com/us/en/lombardia/torno/restaurant/il-sereno-al-lago,Il Sereno Al Lago,Torno,Italy,restaurant,,€€€€,
michelin-2026-italy,michelin,2026,,One Star,,https://guide.michelin.com/us/en/lombardia/villa-di-chiavenna/restaurant/lanterna-verde,Lanterna Verde,Villa di Chiavenna,Italy,restaurant,,€€€,
michelin-2026-italy,michelin,2026,,One Star,,https://guide.michelin.com/us/en/lombardia/lomazzo/restaurant/trattoria-contemporanea,Trattoria contemporanea,Lomazzo,Italy,restaurant,,€€€€,
michelin-2026-italy,michelin,2026,,One Star,,https://guide.michelin.com/us/en/lombardia/saronno_1809624/restaurant/sui-generis,sui generis.,Saronno,Italy,restaurant,,€€€€,
michelin-2026-italy,michelin,2026,,One Star,,https://guide.michelin.com/us/en/lombardia/albavilla/restaurant/il-cantuccio,Il Cantuccio,Albavilla,Italy,restaurant,,€€€,
michelin-2026-italy,michelin,2026,,One Star,,https://guide.michelin.com/us/en/lombardia/origgio/restaurant/olio,Olio,Origgio,Italy,restaurant,,€€€,
michelin-2026-italy,michelin,2026,,One Star,,https://guide.michelin.com/us/en/liguria/san-remo/restaurant/paolo-e-barbara,Paolo e Barbara,San Remo,Italy,restaurant,,€€€€,
michelin-2026-italy,michelin,2026,,One Star,,https://guide.michelin.com/us/en/lombardia/mantello/restaurant/la-presef,La Preséf,Mantello,Italy,restaurant,,€€€€,
michelin-2026-italy,michelin,2026,,One Star,,https://guide.michelin.com/us/en/lombardia/vigevano/restaurant/i-castagni,I Castagni,Vigevano,Italy,restaurant,,€€€,
michelin-2026-italy,michelin,2026,,One Star,,https://guide.michelin.com/us/en/lombardia/cornaredo/restaurant/olmo,Olmo,Cornaredo,Italy,restaurant,,€€€€,
michelin-2026-italy,michelin,2026,,One Star,,https://guide.michelin.com/us/en/liguria/dolcedo/restaurant/equilibrio,Equilibrio,Dolcedo,Italy,restaurant,,€€€,
michelin-2026-italy,michelin,2026,,One Star,,https://guide.michelin.com/us/en/lombardia/milano/restaurant/abba,Abba,Milan,Italy,restaurant,,€€,
michelin-2026-italy,michelin,2026,,One Star,,https://guide.michelin.com/us/en/lombardia/albiate/restaurant/grow-restaurant,Grow Restaurant,Albiate,Italy,restaurant,,€€€,
michelin-2026-italy,michelin,2026,,One Star,,https://guide.michelin.com/us/en/lombardia/milano/restaurant/il-luogo-di-aimo-e-nadia,Il Luogo Aimo e Nadia,Milan,Italy,restaurant,,€€€€,
michelin-2026-italy,michelin,2026,,One Star,,https://guide.michelin.com/us/en/liguria/imperia/restaurant/sarri,Sarri,Imperia,Italy,restaurant,,€€€,
michelin-2026-italy,michelin,2026,,One Star,,https://guide.michelin.com/us/en/lombardia/milano/restaurant/iyo,IYO,Milan,Italy,restaurant,,€€€€,
michelin-2026-italy,michelin,2026,,One Star,,https://guide.michelin.com/us/en/lombardia/milano/restaurant/anima-fine-dining,Anima,Milan,Italy,restaurant,,€€€€,
michelin-2026-italy,michelin,2026,,One Star,,https://guide.michelin.com/us/en/lombardia/milano/restaurant/procaccini,Procaccini,Milan,Italy,restaurant,,€€€€,
michelin-2026-italy,michelin,2026,,One Star,,https://guide.michelin.com/us/en/lombardia/milano/restaurant/berton,Berton,Milan,Italy,restaurant,,€€€€,
michelin-2026-italy,michelin,2026,,One Star,,https://guide.michelin.com/us/en/lombardia/milano/restaurant/aalto,IYO Kaiseki,Milan,Italy,restaurant,,€€€,
michelin-2026-italy,michelin,2026,,One Star,,https://guide.michelin.com/us/en/lombardia/milano/restaurant/joia,Joia,Milan,Italy,restaurant,,€€€€,
michelin-2026-italy,michelin,2026,,One Star,,https://guide.michelin.com/us/en/lombardia/milano/restaurant/sadler,Sadler,Milan,Italy,restaurant,,€€€€,
michelin-2026-italy,michelin,2026,,One Star,,https://guide.michelin.com/us/en/lombardia/milano/restaurant/contraste,Contraste,Milan,Italy,restaurant,,€€€€,
michelin-2026-italy,michelin,2026,,One Star,,https://guide.michelin.com/us/en/lombardia/milano/restaurant/cracco,Cracco in Galleria,Milan,Italy,restaurant,,€€€€,
michelin-2026-italy,michelin,2026,,One Star,,https://guide.michelin.com/us/en/lombardia/milano/restaurant/horto-1204821,Horto,Milan,Italy,restaurant,,€€€€,
michelin-2026-italy,michelin,2026,,One Star,,https://guide.michelin.com/us/en/lombardia/milano/restaurant/moebius-sperimentale,Moebius Sperimentale,Milan,Italy,restaurant,,€€€€,
michelin-2026-italy,michelin,2026,,One Star,,https://guide.michelin.com/us/en/lombardia/milano/restaurant/sine,Sine by Di Pinto,Milan,Italy,restaurant,,€€€€,
michelin-2026-italy,michelin,2026,,One Star,,https://guide.michelin.com/us/en/liguria/andora/restaurant/vignamare,Vignamare,Andora,Italy,restaurant,,€€€€,
michelin-2026-italy,michelin,2026,,One Star,,https://guide.michelin.com/us/en/liguria/alassio/restaurant/nove,Nove,Alassio,Italy,restaurant,,€€€€,
michelin-2026-italy,michelin,2026,,One Star,,https://guide.michelin.com/us/en/liguria/noli/restaurant/il-vescovado,Vescovado,Noli,Italy,restaurant,,€€€€,
michelin-2026-italy,michelin,2026,,One Star,,https://guide.michelin.com/us/en/lombardia/villa-d-alm/restaurant/osteria-della-brughiera,Osteria della Brughiera,Villa d'Almè,Italy,restaurant,,€€€€,
michelin-2026-italy,michelin,2026,,One Star,,https://guide.michelin.com/us/en/lombardia/ponte-san-pietro/restaurant/cucina-cereda,Cucina Cereda,Ponte San Pietro,Italy,restaurant,,€€€,
michelin-2026-italy,michelin,2026,,One Star,,https://guide.michelin.com/us/en/lombardia/torrazza-coste_1810090/restaurant/villa-naj,Villa Naj,Torrazza Coste,Italy,restaurant,,€€€,
michelin-2026-italy,michelin,2026,,One Star,,https://guide.michelin.com/us/en/lombardia/sorisole/restaurant/assonica,Assonica,Sorisole,Italy,restaurant,,€€€,
michelin-2026-italy,michelin,2026,,One Star,,https://guide.michelin.com/us/en/lombardia/bergamo/restaurant/impronte,Impronte,Bergamo,Italy,restaurant,,€€€€,
michelin-2026-italy,michelin,2026,,One Star,,https://guide.michelin.com/us/en/lombardia/treviglio/restaurant/san-martino155366,San Martino,Treviglio,Italy,restaurant,,€€€,
michelin-2026-italy,michelin,2026,,One Star,,https://guide.michelin.com/us/en/lombardia/oltressenda-alta/restaurant/contrada-bricconi,Contrada Bricconi,Oltressenda Alta,Italy,restaurant,,€€€€,
michelin-2026-italy,michelin,2026,,One Star,,https://guide.michelin.com/us/en/lombardia/lodi_1806947/restaurant/la-coldana,La Coldana,Lodi,Italy,restaurant,,€€,
michelin-2026-italy,michelin,2026,,One Star,,https://guide.michelin.com/us/en/lombardia/cavernago/restaurant/il-saraceno,Il Saraceno,Cavernago,Italy,restaurant,,€€€€,
michelin-2026-italy,michelin,2026,,One Star,,https://guide.michelin.com/us/en/lombardia/trescore-balneario/restaurant/loro,LoRo,Trescore Balneario,Italy,restaurant,,€€€,
michelin-2026-italy,michelin,2026,,One Star,,https://guide.michelin.com/us/en/liguria/genova/restaurant/il-marin-eataly,Il Marin,Genoa,Italy,restaurant,,€€€,
michelin-2026-italy,michelin,2026,,One Star,,https://guide.michelin.com/us/en/liguria/genova/restaurant/san-giorgio562345,San Giorgio,Genoa,Italy,restaurant,,€€€,
michelin-2026-italy,michelin,2026,,One Star,,https://guide.michelin.com/us/en/emilia-romagna/borgonovo-val-tidone/restaurant/la-palta,La Palta,Borgonovo Val Tidone,Italy,restaurant,,€€€,
michelin-2026-italy,michelin,2026,,One Star,,https://guide.michelin.com/us/en/lombardia/borgonato/restaurant/due-colombe,Due Colombe,Borgonato,Italy,restaurant,,€€€,
michelin-2026-italy,michelin,2026,,One Star,,https://guide.michelin.com/us/en/trentino-alto-adige/castelbello/restaurant/kuppelrain,Kuppelrain,Castelbello,Italy,restaurant,,€€€,
michelin-2026-italy,michelin,2026,,One Star,,https://guide.michelin.com/us/en/liguria/portofino/restaurant/cracco-portofino,Cracco Portofino,Portofino,Italy,restaurant,,€€€€,
michelin-2026-italy,michelin,2026,,One Star,,https://guide.michelin.com/us/en/lombardia/concesio/restaurant/miramonti-l-altro,Miramonti l'Altro,Concesio,Italy,restaurant,,€€€€,
michelin-2026-italy,michelin,2026,,One Star,,https://guide.michelin.com/us/en/trentino-alto-adige/lagundo/restaurant/luisl-stube,Luisl Stube,Algund,Italy,restaurant,,€€€€,
michelin-2026-italy,michelin,2026,,One Star,,https://guide.michelin.com/us/en/trentino-alto-adige/madonna-di-campiglio/restaurant/dolomieu,Dolomieu,Madonna di Campiglio,Italy,restaurant,,€€€€,
michelin-2026-italy,michelin,2026,,One Star,,https://guide.michelin.com/us/en/trentino-alto-adige/merano/restaurant/sissi,Sissi,Merano,Italy,restaurant,,€€€,
michelin-2026-italy,michelin,2026,,One Star,,https://guide.michelin.com/us/en/liguria/cavi/restaurant/impronta-d-acqua,Impronta d'Acqua,Cavi di Lavagna,Italy,restaurant,,€€€,
michelin-2026-italy,michelin,2026,,One Star,,https://guide.michelin.com/us/en/trentino-alto-adige/san-martino-in-passiria/restaurant/quellenhof-gourmetstube-1897,Quellenhof Gourmetstube 1897,Saint Martin in Passeier,Italy,restaurant,,€€€€,
michelin-2026-italy,michelin,2026,,One Star,,https://guide.michelin.com/us/en/trentino-alto-adige/madonna-di-campiglio/restaurant/il-gallo-cedrone,Il Gallo Cedrone,Madonna di Campiglio,Italy,restaurant,,€€€€,
michelin-2026-italy,michelin,2026,,One Star,,https://guide.michelin.com/us/en/trentino-alto-adige/pinzolo/restaurant/grual,Grual,Pinzolo,Italy,restaurant,,€€€€,
michelin-2026-italy,michelin,2026,,One Star,,https://guide.michelin.com/us/en/liguria/sestri-levante/restaurant/rezzano-cucina-e-vino,Rezzano Cucina e Vino,Sestri Levante,Italy,restaurant,,€€€,
michelin-2026-italy,michelin,2026,,One Star,,https://guide.michelin.com/us/en/trentino-alto-adige/madonna-di-campiglio/restaurant/stube-hermitage,Stube Hermitage,Madonna di Campiglio,Italy,restaurant,,€€€€,
michelin-2026-italy,michelin,2026,,One Star,,https://guide.michelin.com/us/en/trentino-alto-adige/merano/restaurant/in-viaggio-claudio-melis1154911,In Viaggio - Claudio Melis,Merano,Italy,restaurant,,€€€€,
michelin-2026-italy,michelin,2026,,One Star,,https://guide.michelin.com/us/en/trentino-alto-adige/merano/restaurant/prezioso,Prezioso,Merano,Italy,restaurant,,€€€€,
michelin-2026-italy,michelin,2026,,One Star,,https://guide.michelin.com/us/en/lombardia/pralboino/restaurant/leon-d-oro146788,Leon d'Oro,Pralboino,Italy,restaurant,,€€€€,
michelin-2026-italy,michelin,2026,,One Star,,https://guide.michelin.com/us/en/emilia-romagna/polesine-parmense/restaurant/antica-corte-pallavicina,Antica Corte Pallavicina,Polesine Parmense,Italy,restaurant,,€€€,
michelin-2026-italy,michelin,2026,,One Star,,https://guide.michelin.com/us/en/lombardia/puegnago-sul-garda/restaurant/casa-leali,Casa Leali,Puegnago sul Garda,Italy,restaurant,,€€€,
michelin-2026-italy,michelin,2026,,One Star,,https://guide.michelin.com/us/en/lombardia/fasano-del-garda/restaurant/il-fagiano,Il Fagiano,Fasano del Garda,Italy,restaurant,,€€€,
michelin-2026-italy,michelin,2026,,One Star,,https://guide.michelin.com/us/en/trentino-alto-adige/mauls/restaurant/gourmetstube-einhorn,Gourmetstube Einhorn,Mules,Italy,restaurant,,€€€€,
michelin-2026-italy,michelin,2026,,One Star,,https://guide.michelin.com/us/en/lombardia/calvisano/restaurant/al-gambero,Al Gambero,Calvisano,Italy,restaurant,,€€€,
michelin-2026-italy,michelin,2026,,One Star,,https://guide.michelin.com/us/en/lombardia/manerba-del-garda/restaurant/capriccio,Capriccio,Manerba del Garda,Italy,restaurant,,€€€,
michelin-2026-italy,michelin,2026,,One Star,,https://guide.michelin.com/us/en/lombardia/gargnano/restaurant/la-tortuga,La Tortuga,Gargnano,Italy,restaurant,,€€€€,
michelin-2026-italy,michelin,2026,,One Star,,https://guide.michelin.com/us/en/trentino-alto-adige/trentino-alto-adige-san-michele/restaurant/zur-rose,Zur Rose,San Michele,Italy,restaurant,,€€€,
michelin-2026-italy,michelin,2026,,One Star,,https://guide.michelin.com/us/en/trentino-alto-adige/trentino-alto-adige-san-michele/restaurant/osteria-acquarol,Osteria Acquarol,San Michele,Italy,restaurant,,€€€,
michelin-2026-italy,michelin,2026,,One Star,,https://guide.michelin.com/us/en/lombardia/limone-sul-garda/restaurant/senso-alfio-ghezzi-lake-garda,Senso Lake Garda Alfio Ghezzi,Limone sul Garda,Italy,restaurant,,€€€€,
michelin-2026-italy,michelin,2026,,One Star,,https://guide.michelin.com/us/en/lombardia/desenzano-del-garda/restaurant/esplanade,Esplanade,Desenzano del Garda,Italy,restaurant,,€€€€,
michelin-2026-italy,michelin,2026,,One Star,,https://guide.michelin.com/us/en/trentino-alto-adige/arco/restaurant/peter-brunel-ristorante-gourmet,Peter Brunel Ristorante Gourmet,Arco,Italy,restaurant,,€€€€,
michelin-2026-italy,michelin,2026,,One Star,,https://guide.michelin.com/us/en/lombardia/sirmione/restaurant/tancredi,Tancredi,Sirmione,Italy,restaurant,,€€€€,
michelin-2026-italy,michelin,2026,,One Star,,https://guide.michelin.com/us/en/lombardia/sirmione/restaurant/la-speranzina-restaurant-relais,La Speranzina Restaurant & Relais,Sirmione,Italy,restaurant,,€€€€,
michelin-2026-italy,michelin,2026,,One Star,,https://guide.michelin.com/us/en/veneto/brenzone-sul-garda_1812115/restaurant/nin,Nin,Brenzone sul Garda,Italy,restaurant,,€€€€,
michelin-2026-italy,michelin,2026,,One Star,,https://guide.michelin.com/us/en/lombardia/sirmione/restaurant/la-rucola-2-0,La Rucola 2.0,Sirmione,Italy,restaurant,,€€€€,
michelin-2026-italy,michelin,2026,,One Star,,https://guide.michelin.com/us/en/veneto/malcesine/restaurant/vecchia-malcesine,Vecchia Malcesine,Malcesine,Italy,restaurant,,€€€€,
michelin-2026-italy,michelin,2026,,One Star,,https://guide.michelin.com/us/en/trentino-alto-adige/ravina/restaurant/locanda-margon,Locanda Margon,Ravina,Italy,restaurant,,€€€€,
michelin-2026-italy,michelin,2026,,One Star,,https://guide.michelin.com/us/en/trentino-alto-adige/bressanone/restaurant/apostelstube,Apostelstube,Brixen,Italy,restaurant,,€€€€,
michelin-2026-italy,michelin,2026,,One Star,,https://guide.michelin.com/us/en/veneto/cavaion-veronese/restaurant/oseleta,Oseleta,Cavaion Veronese,Italy,restaurant,,€€€€,
michelin-2026-italy,michelin,2026,,One Star,,https://guide.michelin.com/us/en/trentino-alto-adige/nova-levante/restaurant/johannes-stube,Johannesstube,Nova Levante,Italy,restaurant,,€€€,
michelin-2026-italy,michelin,2026,,One Star,,https://guide.michelin.com/us/en/trentino-alto-adige/molini/restaurant/schoneck,Schöneck,Molini,Italy,restaurant,,€€€,
michelin-2026-italy,michelin,2026,,One Star,,https://guide.michelin.com/us/en/emilia-romagna/parma/restaurant/inkiostro,Inkiostro,Parma,Italy,restaurant,,€€€€,
michelin-2026-italy,michelin,2026,,One Star,,https://guide.michelin.com/us/en/trentino-alto-adige/ortisei/restaurant/anna-stuben,Anna Stuben,Ortisei,Italy,restaurant,,€€€€,
michelin-2026-italy,michelin,2026,,One Star,,https://guide.michelin.com/us/en/trentino-alto-adige/cavalese/restaurant/el-molin,El Molin,Cavalese,Italy,restaurant,,€€€€,
michelin-2026-italy,michelin,2026,,One Star,,https://guide.michelin.com/us/en/veneto/corrubbio/restaurant/amista-33,Amistà,Corrubbio,Italy,restaurant,,€€€€,
michelin-2026-italy,michelin,2026,,One Star,,https://guide.michelin.com/us/en/trentino-alto-adige/selva-di-val-gardena/restaurant/alpenroyal-gourmet,Alpenroyal Gourmet,Selva di Val Gardena,Italy,restaurant,,€€€€,
michelin-2026-italy,michelin,2026,,One Star,,https://guide.michelin.com/us/en/trentino-alto-adige/selva-di-val-gardena/restaurant/suinsom,Suinsom,Selva di Val Gardena,Italy,restaurant,,€€€€,
michelin-2026-italy,michelin,2026,,One Star,,https://guide.michelin.com/us/en/trentino-alto-adige/moena/restaurant/malga-panna,Malga Panna,Moena,Italy,restaurant,,€€€,
michelin-2026-italy,michelin,2026,,One Star,,https://guide.michelin.com/us/en/trentino-alto-adige/badia_3684715/restaurant/porcino,Porcino,Badia,Italy,restaurant,,€€€€,
michelin-2026-italy,michelin,2026,,One Star,,https://guide.michelin.com/us/en/veneto/verona/restaurant/iris-ristorante,Iris Ristorante,Verona,Italy,restaurant,,€€€€,
michelin-2026-italy,michelin,2026,,One Star,,https://guide.michelin.com/us/en/toscana/fosdinovo/restaurant/locanda-dei-banchieri,Locanda de Banchieri,Fosdinovo,Italy,restaurant,,€€€,
michelin-2026-italy,michelin,2026,,One Star,,https://guide.michelin.com/us/en/trentino-alto-adige/corvara-in-badia/restaurant/la-stua-de-michil,La Stüa de Michil - Simone Cantafio,Corvara in Badia,Italy,restaurant,,€€€€,
michelin-2026-italy,michelin,2026,,One Star,,https://guide.michelin.com/us/en/veneto/verona/restaurant/il-desco,Il Desco,Verona,Italy,restaurant,,€€€€,
michelin-2026-italy,michelin,2026,,One Star,,https://guide.michelin.com/us/en/veneto/schio/restaurant/spinechile,Spinechile,Schio,Italy,restaurant,,€€€€,
michelin-2026-italy,michelin,2026,,One Star,,https://guide.michelin.com/us/en/emilia-romagna/rubbianino/restaurant/ca-matilde,Ca' Matilde,Rubbianino,Italy,restaurant,,€€€€,
michelin-2026-italy,michelin,2026,,One Star,,https://guide.michelin.com/us/en/veneto/altissimo/restaurant/casin-del-gamba,Casin del Gamba,Altissimo,Italy,restaurant,,€€€€,
michelin-2026-italy,michelin,2026,,One Star,,https://guide.michelin.com/us/en/veneto/asiago/restaurant/la-tana-gourmet,La Tana Gourmet,Asiago,Italy,restaurant,,€€€€,
michelin-2026-italy,michelin,2026,,One Star,,https://guide.michelin.com/us/en/trentino-alto-adige/dobbiaco/restaurant/tilia,Tilia,Toblach,Italy,restaurant,,€€€€,
michelin-2026-italy,michelin,2026,,One Star,,https://guide.michelin.com/us/en/veneto/arzignano/restaurant/damini-macelleria-affini,Damini Macelleria & Affini,Arzignano,Italy,restaurant,,€€€,
michelin-2026-italy,michelin,2026,,One Star,,https://guide.michelin.com/us/en/veneto/cortina-d-ampezzo/restaurant/tivoli,Tivoli,Cortina d'Ampezzo,Italy,restaurant,,€€€€,
michelin-2026-italy,michelin,2026,,One Star,,https://guide.michelin.com/us/en/veneto/malo/restaurant/la-favellina,La Favellina,Malo,Italy,restaurant,,€€€€,
michelin-2026-italy,michelin,2026,,One Star,,https://guide.michelin.com/us/en/toscana/forte-dei-marmi/restaurant/la-magnolia,La Magnolia,Forte dei Marmi,Italy,restaurant,,€€€€,
michelin-2026-italy,michelin,2026,,One Star,,https://guide.michelin.com/us/en/toscana/forte-dei-marmi/restaurant/sciabola,Sciabola,Forte dei Marmi,Italy,restaurant,,€€€€,
michelin-2026-italy,michelin,2026,,One Star,,https://guide.michelin.com/us/en/toscana/forte-dei-marmi/restaurant/lux-lucis,Lux Lucis,Forte dei Marmi,Italy,restaurant,,€€€€,
michelin-2026-italy,michelin,2026,,One Star,,https://guide.michelin.com/us/en/toscana/forte-dei-marmi/restaurant/bistrot,Bistrot,Forte dei Marmi,Italy,restaurant,,€€€€,
michelin-2026-italy,michelin,2026,,One Star,,https://guide.michelin.com/us/en/toscana/forte-dei-marmi/restaurant/lorenzo,Lorenzo,Forte dei Marmi,Italy,restaurant,,€€€,
michelin-2026-italy,michelin,2026,,One Star,,https://guide.michelin.com/us/en/veneto/cortina-d-ampezzo/restaurant/sanbrite,SanBrite,Cortina d'Ampezzo,Italy,restaurant,,€€€€,
michelin-2026-italy,michelin,2026,,One Star,,https://guide.michelin.com/us/en/emilia-romagna/rubiera/restaurant/osteria-del-viandante,Osteria del Viandante,Rubiera,Italy,restaurant,,€€€,
michelin-2026-italy,michelin,2026,,One Star,,https://guide.michelin.com/us/en/toscana/viareggio/restaurant/lunasia500267,Lunasia,Viareggio,Italy,restaurant,,€€€€,
michelin-2026-italy,michelin,2026,,One Star,,https://guide.michelin.com/us/en/toscana/viareggio/restaurant/romano,Romano,Viareggio,Italy,restaurant,,€€€€,
michelin-2026-italy,michelin,2026,,One Star,,https://guide.michelin.com/us/en/emilia-romagna/modena/restaurant/l-erba-del-re,L'Erba del Re,Modena,Italy,restaurant,,€€€€,
michelin-2026-italy,michelin,2026,,One Star,,https://guide.michelin.com/us/en/emilia-romagna/fiorano-modenese/restaurant/alto,Alto,Fiorano Modenese,Italy,restaurant,,€€€,
michelin-2026-italy,michelin,2026,,One Star,,https://guide.michelin.com/us/en/veneto/barbarano-vicentino/restaurant/aqua-crua,Aqua Crua,Barbarano Vicentino,Italy,restaurant,,€€€€,
michelin-2026-italy,michelin,2026,,One Star,,https://guide.michelin.com/us/en/emilia-romagna/maranello/restaurant/il-cavallino,Cavallino,Maranello,Italy,restaurant,,€€€,
michelin-2026-italy,michelin,2026,,One Star,,https://guide.michelin.com/us/en/emilia-romagna/modena/restaurant/al-gatto-verde,Al Gatto Verde,Modena,Italy,restaurant,,€€€€,
michelin-2026-italy,michelin,2026,,One Star,,https://guide.michelin.com/us/en/toscana/marlia/restaurant/butterfly,Butterfly,Marlia,Italy,restaurant,,€€€€,
michelin-2026-italy,michelin,2026,,One Star,,https://guide.michelin.com/us/en/friuli-venezia-giulia/sappada/restaurant/laite,Laite,Sappada,Italy,restaurant,,€€€€,
michelin-2026-italy,michelin,2026,,One Star,,https://guide.michelin.com/us/en/veneto/plois_%207770419/restaurant/dolada,Dolada,Plois,Italy,restaurant,,€€€,
michelin-2026-italy,michelin,2026,,One Star,,https://guide.michelin.com/us/en/veneto/puos-d-alpago/restaurant/locanda-san-lorenzo,Locanda San Lorenzo,Puos d'Alpago,Italy,restaurant,,€€€,
michelin-2026-italy,michelin,2026,,One Star,,https://guide.michelin.com/us/en/veneto/borgoricco/restaurant/storie-d-amore,Storie d'Amore,Borgoricco,Italy,restaurant,,€€€€,
michelin-2026-italy,michelin,2026,,One Star,,https://guide.michelin.com/us/en/emilia-romagna/savigno/restaurant/trattoria-da-amerigo,Trattoria da Amerigo,Savigno,Italy,restaurant,,€€,
michelin-2026-italy,michelin,2026,,One Star,,https://guide.michelin.com/us/en/veneto/scorz/restaurant/san-martino,San Martino,Scorzè,Italy,restaurant,,€€€,
michelin-2026-italy,michelin,2026,,One Star,,https://guide.michelin.com/us/en/emilia-romagna/castel-maggiore/restaurant/iacobucci,Iacobucci,Castel Maggiore,Italy,restaurant,,€€€€,
michelin-2026-italy,michelin,2026,,One Star,,https://guide.michelin.com/us/en/emilia-romagna/sasso-marconi/restaurant/casa-mazzucchelli,Casa Mazzucchelli,Sasso Marconi,Italy,restaurant,,€€€,
michelin-2026-italy,michelin,2026,,One Star,,https://guide.michelin.com/us/en/emilia-romagna/bologna/restaurant/i-portici,I Portici,Bologna,Italy,restaurant,,€€€€,
michelin-2026-italy,michelin,2026,,One Star,,https://guide.michelin.com/us/en/toscana/casanova-di-terricciola/restaurant/cannavacciuolo-vineyard,Cannavacciuolo Vineyard,Casanova di Terricciola,Italy,restaurant,,€€€,
michelin-2026-italy,michelin,2026,,One Star,,https://guide.michelin.com/us/en/veneto/pontelongo/restaurant/lazzaro-1915,Lazzaro 1915,Pontelongo,Italy,restaurant,,€€€,
michelin-2026-italy,michelin,2026,,One Star,,https://guide.michelin.com/us/en/friuli-venezia-giulia/san-quirino/restaurant/la-primula,La Primula,San Quirino,Italy,restaurant,,€€€,
michelin-2026-italy,michelin,2026,,One Star,,https://guide.michelin.com/us/en/veneto/oderzo/restaurant/gellius,Gellivs,Oderzo,Italy,restaurant,,€€€€,
michelin-2026-italy,michelin,2026,,One Star,,https://guide.michelin.com/us/en/toscana/marina-di-bibbona/restaurant/la-pineta,La Pineta,Marina di Bibbona,Italy,restaurant,,€€€,
michelin-2026-italy,michelin,2026,,One Star,,https://guide.michelin.com/us/en/veneto/venezia/restaurant/wisteria,Wistèria,Venice,Italy,restaurant,,€€€€,
michelin-2026-italy,michelin,2026,,One Star,,https://guide.michelin.com/us/en/toscana/prato/restaurant/paca,Paca,Prato,Italy,restaurant,,€€€,
michelin-2026-italy,michelin,2026,,One Star,,https://guide.michelin.com/us/en/veneto/venezia/restaurant/oro-restaurant,Oro Restaurant,Venice,Italy,restaurant,,€€€€,
michelin-2026-italy,michelin,2026,,One Star,,https://guide.michelin.com/us/en/veneto/venezia/restaurant/quadri,Quadri,Venice,Italy,restaurant,,€€€€,
michelin-2026-italy,michelin,2026,,One Star,,https://guide.michelin.com/us/en/veneto/venezia/restaurant/local,Local,Venice,Italy,restaurant,,€€€€,
michelin-2026-italy,michelin,2026,,One Star,,https://guide.michelin.com/us/en/veneto/mazzorbo/restaurant/venissa,Venissa,Mazzorbo,Italy,restaurant,,€€€€,
michelin-2026-italy,michelin,2026,,One Star,,https://guide.michelin.com/us/en/toscana/firenze/restaurant/borgo-san-jacopo,Borgo San Jacopo,Florence,Italy,restaurant,,€€€€,
michelin-2026-italy,michelin,2026,,One Star,,https://guide.michelin.com/us/en/toscana/firenze/restaurant/luca-s-by-paulo-airaudo,Luca's by Paulo Airaudo,Florence,Italy,restaurant,,€€€€,
michelin-2026-italy,michelin,2026,,One Star,,https://guide.michelin.com/us/en/toscana/firenze/restaurant/atto-di-vito-mollica,Atto di Vito Mollica,Florence,Italy,restaurant,,€€€€,
michelin-2026-italy,michelin,2026,,One Star,,https://guide.michelin.com/us/en/toscana/firenze/restaurant/il-palagio,Il Palagio,Florence,Italy,restaurant,,€€€€,
michelin-2026-italy,michelin,2026,,One Star,,https://guide.michelin.com/us/en/toscana/firenze/restaurant/gucci-osteria-da-massimo-bottura,Gucci Osteria da Massimo Bottura,Florence,Italy,restaurant,,€€€€,
michelin-2026-italy,michelin,2026,,One Star,,https://guide.michelin.com/us/en/toscana/fiesole/restaurant/serrae-villa-fiesole,Serrae Villa Fiesole,Fiesole,Italy,restaurant,,€€€€,
michelin-2026-italy,michelin,2026,,One Star,,https://guide.michelin.com/us/en/toscana/firenze/restaurant/saporium-firenze,Saporium Firenze,Florence,Italy,restaurant,,€€€€,
michelin-2026-italy,michelin,2026,,One Star,,https://guide.michelin.com/us/en/toscana/san-gimignano/restaurant/linfa,Linfa,San Gimignano,Italy,restaurant,,€€€€,
michelin-2026-italy,michelin,2026,,One Star,,https://guide.michelin.com/us/en/toscana/tavarnelle-val-di-pesa/restaurant/la-torre166500,La Torre,Tavarnelle Val di Pesa,Italy,restaurant,,€€€€,
michelin-2026-italy,michelin,2026,,One Star,,https://guide.michelin.com/us/en/toscana/passignano/restaurant/osteria-di-passignano,Osteria di Passignano,Passignano,Italy,restaurant,,€€€€,
michelin-2026-italy,michelin,2026,,One Star,,https://guide.michelin.com/us/en/toscana/ghirlanda/restaurant/bracali,Bracali,Ghirlanda,Italy,restaurant,,€€€€,
michelin-2026-italy,michelin,2026,,One Star,,https://guide.michelin.com/us/en/emilia-romagna/codigoro/restaurant/la-zanzara,La Zanzara,Codigoro,Italy,restaurant,,€€€,
michelin-2026-italy,michelin,2026,,One Star,,https://guide.michelin.com/us/en/sardegna/baia-sardinia/restaurant/capogiro,Capogiro,Baia Sardinia,Italy,restaurant,,€€€€,
michelin-2026-italy,michelin,2026,,One Star,,https://guide.michelin.com/us/en/sardegna/san-pantaleo/restaurant/il-fuoco-sacro,Il Fuoco Sacro,San Pantaleo,Italy,restaurant,,€€€€,
michelin-2026-italy,michelin,2026,,One Star,,https://guide.michelin.com/us/en/sardegna/porto-cervo/restaurant/confusion,Italo Bassi Confusion Restaurant,Porto Cervo,Italy,restaurant,,€€€€,
michelin-2026-italy,michelin,2026,,One Star,,https://guide.michelin.com/us/en/toscana/chiusdino/restaurant/saporium,Saporium,Chiusdino,Italy,restaurant,,€€€€,
michelin-2026-italy,michelin,2026,,One Star,,https://guide.michelin.com/us/en/toscana/gaiole-in-chianti/restaurant/il-pievano,Il Pievano,Gaiole in Chianti,Italy,restaurant,,€€€€,
michelin-2026-italy,michelin,2026,,One Star,,https://guide.michelin.com/us/en/friuli-venezia-giulia/dolegna-del-collio/restaurant/l-argine-a-venco,L'Argine a Vencò,Dolegna del Collio,Italy,restaurant,,€€€€,
michelin-2026-italy,michelin,2026,,One Star,,https://guide.michelin.com/us/en/toscana/castelnuovo-berardenga/restaurant/il-visibilio,Il Visibilio,Castelnuovo Berardenga,Italy,restaurant,,€€€€,
michelin-2026-italy,michelin,2026,,One Star,,https://guide.michelin.com/us/en/toscana/castiglione-della-pescaia/restaurant/la-trattoria-enrico-bartolini,La Trattoria Enrico Bartolini,Castiglione della Pescaia,Italy,restaurant,,€€€€,
michelin-2026-italy,michelin,2026,,One Star,,https://guide.michelin.com/us/en/toscana/castelnuovo-berardenga/restaurant/poggio-rosso,Poggio Rosso,Castelnuovo Berardenga,Italy,restaurant,,€€€€,
michelin-2026-italy,michelin,2026,,One Star,,https://guide.michelin.com/us/en/friuli-venezia-giulia/cormons/restaurant/trattoria-al-cacciatore-della-subida,Trattoria al Cacciatore - La Subida,Cormons,Italy,restaurant,,€€€,
michelin-2026-italy,michelin,2026,,One Star,,https://guide.michelin.com/us/en/toscana/castelnuovo-berardenga/restaurant/l-asinello,L'Asinello,Castelnuovo Berardenga,Italy,restaurant,,€€€,
michelin-2026-italy,michelin,2026,,One Star,,https://guide.michelin.com/us/en/friuli-venezia-giulia/ruda/restaurant/osteria-altran,Osteria Altran,Ruda,Italy,restaurant,,€€€,
michelin-2026-italy,michelin,2026,,One Star,,https://guide.michelin.com/us/en/toscana/castelnuovo-berardenga/restaurant/contrada,Contrada,Castelnuovo Berardenga,Italy,restaurant,,€€€,
michelin-2026-italy,michelin,2026,,One Star,,https://guide.michelin.com/us/en/sardegna/san-teodoro/restaurant/gusto-by-sadler,Gusto by Sadler,San Teodoro,Italy,restaurant,,€€€€,
michelin-2026-italy,michelin,2026,,One Star,,https://guide.michelin.com/us/en/emilia-romagna/san-piero-in-bagno/restaurant/da-gorini,Da Gorini,San Piero in Bagno,Italy,restaurant,,€€€,
michelin-2026-italy,michelin,2026,,One Star,,https://guide.michelin.com/us/en/emilia-romagna/bagno-di-romagna/restaurant/del-lago,Ristorante del Lago,Bagno di Romagna,Italy,restaurant,,€€€,
michelin-2026-italy,michelin,2026,,One Star,,https://guide.michelin.com/us/en/toscana/montalcino/restaurant/sala-dei-grappoli,La Sala dei Grappoli,Montalcino,Italy,restaurant,,€€€€,
michelin-2026-italy,michelin,2026,,One Star,,https://guide.michelin.com/us/en/emilia-romagna/cesenatico/restaurant/la-buca130947,La Buca,Cesenatico,Italy,restaurant,,€€€,
michelin-2026-italy,michelin,2026,,One Star,,https://guide.michelin.com/us/en/emilia-romagna/cesenatico/restaurant/ancora-1213776,Ancòra,Cesenatico,Italy,restaurant,,€€€,
michelin-2026-italy,michelin,2026,,One Star,,https://guide.michelin.com/us/en/emilia-romagna/pennabilli/restaurant/il-piastrino,Il Piastrino,Pennabilli,Italy,restaurant,,€€€,
michelin-2026-italy,michelin,2026,,One Star,,https://guide.michelin.com/us/en/toscana/seggiano/restaurant/silene,Silene,Seggiano,Italy,restaurant,,€€€,
michelin-2026-italy,michelin,2026,,One Star,,https://guide.michelin.com/us/en/toscana/porto-ercole/restaurant/il-pellicano,Il Pellicano,Porto Ercole,Italy,restaurant,,€€€€,
michelin-2026-italy,michelin,2026,,One Star,,https://guide.michelin.com/us/en/toscana/cortona/restaurant/il-falconiere,Il Falconiere,Cortona,Italy,restaurant,,€€€€,
michelin-2026-italy,michelin,2026,,One Star,,https://guide.michelin.com/us/en/toscana/montepulciano/restaurant/osmosi,Osmosi,Montepulciano,Italy,restaurant,,€€€,
michelin-2026-italy,michelin,2026,,One Star,,https://guide.michelin.com/us/en/emilia-romagna/rimini/restaurant/abocar-due-cucine,Abocar Due Cucine,Rimini,Italy,restaurant,,€€€,
michelin-2026-italy,michelin,2026,,One Star,,https://guide.michelin.com/us/en/emilia-romagna/rimini/restaurant/trattoria-da-lucio,Da Lucio,Rimini,Italy,restaurant,,€€€,
michelin-2026-italy,michelin,2026,,One Star,,https://guide.michelin.com/us/en/emilia-romagna/rimini/restaurant/guido,Guido,Rimini,Italy,restaurant,,€€€,
michelin-2026-italy,michelin,2026,,One Star,,https://guide.michelin.com/us/en/sardegna/pula/restaurant/fradis-minoris,Fradis Minoris,Pula,Italy,restaurant,,€€€€,
michelin-2026-italy,michelin,2026,,One Star,,https://guide.michelin.com/us/en/lazio/trevinano/restaurant/la-parolina,La Parolina,Trevinano,Italy,restaurant,,€€€€,
michelin-2026-italy,michelin,2026,,One Star,,https://guide.michelin.com/us/en/marche/gabicce-monte/restaurant/dalla-gioconda,Dalla Gioconda,Gabicce Monte,Italy,restaurant,,€€€,
michelin-2026-italy,michelin,2026,,One Star,,https://guide.michelin.com/us/en/marche/pesaro/restaurant/nostrano,Nostrano,Pesaro,Italy,restaurant,,€€€,
michelin-2026-italy,michelin,2026,,One Star,,https://guide.michelin.com/us/en/umbria/perugia/restaurant/ada,Ada,Perugia,Italy,restaurant,,€€€,
michelin-2026-italy,michelin,2026,,One Star,,https://guide.michelin.com/us/en/umbria/torgiano/restaurant/elementi,Elementi,Torgiano,Italy,restaurant,,€€€€,
michelin-2026-italy,michelin,2026,,One Star,,https://guide.michelin.com/us/en/umbria/capodacqua/restaurant/une,Une,Capodacqua,Italy,restaurant,,€€€€,
michelin-2026-italy,michelin,2026,,One Star,,https://guide.michelin.com/us/en/lazio/fiumicino/restaurant/pascucci-al-porticciolo,Pascucci al Porticciolo,Fiumicino,Italy,restaurant,,€€€,
michelin-2026-italy,michelin,2026,,One Star,,https://guide.michelin.com/us/en/marche/recanati/restaurant/casa-bertini,Casa Bertini,Recanati,Italy,restaurant,,€€€,
michelin-2026-italy,michelin,2026,,One Star,,https://guide.michelin.com/us/en/lazio/rivodutri/restaurant/la-trota,La Trota,Rivodutri,Italy,restaurant,,€€€€,
michelin-2026-italy,michelin,2026,,One Star,,https://guide.michelin.com/us/en/lazio/fiumicino/restaurant/il-tino,Il Tino,Fiumicino,Italy,restaurant,,€€€,
michelin-2026-italy,michelin,2026,,One Star,,https://guide.michelin.com/us/en/umbria/norcia/restaurant/vespasia,Vespasia,Norcia,Italy,restaurant,,€€€,
michelin-2026-italy,michelin,2026,,One Star,,https://guide.michelin.com/us/en/marche/loreto/restaurant/andreina,Andreina,Loreto,Italy,restaurant,,€€€,
michelin-2026-italy,michelin,2026,,One Star,,https://guide.michelin.com/us/en/lazio/roma/restaurant/pulejo,Pulejo,Rome,Italy,restaurant,,€€€€,
michelin-2026-italy,michelin,2026,,One Star,,https://guide.michelin.com/us/en/lazio/roma/restaurant/all-oro,All'Oro,Rome,Italy,restaurant,,€€€€,
michelin-2026-italy,michelin,2026,,One Star,,https://guide.michelin.com/us/en/lazio/roma/restaurant/la-terrazza68963,La Terrazza,Rome,Italy,restaurant,,€€€€,
michelin-2026-italy,michelin,2026,,One Star,,https://guide.michelin.com/us/en/lazio/roma/restaurant/glass-hostaria,Glass Hostaria,Rome,Italy,restaurant,,€€€€,
michelin-2026-italy,michelin,2026,,One Star,,https://guide.michelin.com/us/en/lazio/roma/restaurant/enoteca-al-parlamento-achilli,Achilli al Parlamento,Rome,Italy,restaurant,,€€€,
michelin-2026-italy,michelin,2026,,One Star,,https://guide.michelin.com/us/en/lazio/roma/restaurant/pipero,Pipero Roma,Rome,Italy,restaurant,,€€€€,
michelin-2026-italy,michelin,2026,,One Star,,https://guide.michelin.com/us/en/lazio/roma/restaurant/il-convivio-troiani,Il Convivio Troiani,Rome,Italy,restaurant,,€€€€,
michelin-2026-italy,michelin,2026,,One Star,,https://guide.michelin.com/us/en/lazio/roma/restaurant/moma,Moma,Rome,Italy,restaurant,,€€€,
michelin-2026-italy,michelin,2026,,One Star,,https://guide.michelin.com/us/en/lazio/roma/restaurant/orma-roma,Orma Roma,Rome,Italy,restaurant,,€€€€,
michelin-2026-italy,michelin,2026,,One Star,,https://guide.michelin.com/us/en/lazio/roma/restaurant/idylio-by-apreda,Idylio by Apreda,Rome,Italy,restaurant,,€€€€,
michelin-2026-italy,michelin,2026,,One Star,,https://guide.michelin.com/us/en/lazio/roma/restaurant/imago,Imàgo,Rome,Italy,restaurant,,€€€€,
michelin-2026-italy,michelin,2026,,One Star,,https://guide.michelin.com/us/en/lazio/roma/restaurant/ineo,INEO,Rome,Italy,restaurant,,€€€€,
michelin-2026-italy,michelin,2026,,One Star,,https://guide.michelin.com/us/en/lazio/roma/restaurant/per-me-giulio-terrinoni,Per Me Giulio Terrinoni,Rome,Italy,restaurant,,€€€€,
michelin-2026-italy,michelin,2026,,One Star,,https://guide.michelin.com/us/en/lazio/roma/restaurant/zia,Zia,Rome,Italy,restaurant,,€€€,
michelin-2026-italy,michelin,2026,,One Star,,https://guide.michelin.com/us/en/lazio/roma/restaurant/aroma,Aroma,Rome,Italy,restaurant,,€€€€,
michelin-2026-italy,michelin,2026,,One Star,,https://guide.michelin.com/us/en/marche/montemonaco/restaurant/il-tiglio,Il Tiglio,Montemonaco,Italy,restaurant,,€€€,
michelin-2026-italy,michelin,2026,,One Star,,https://guide.michelin.com/us/en/lazio/roma/restaurant/marco-martini-restaurant,Marco Martini Restaurant,Rome,Italy,restaurant,,€€€€,
michelin-2026-italy,michelin,2026,,One Star,,https://guide.michelin.com/us/en/lazio/tivoli/restaurant/al-madrigale,Al Madrigale | Nuova Cucina Rurale,Tivoli,Italy,restaurant,,€€€,
michelin-2026-italy,michelin,2026,,One Star,,https://guide.michelin.com/us/en/marche/porto-san-giorgio/restaurant/retroscena,Retroscena,Porto San Giorgio,Italy,restaurant,,€€€€,
michelin-2026-italy,michelin,2026,,One Star,,https://guide.michelin.com/us/en/lazio/ariccia/restaurant/sintesi,Sintesi,Ariccia,Italy,restaurant,,€€€,
michelin-2026-italy,michelin,2026,,One Star,,https://guide.michelin.com/us/en/lazio/labico/restaurant/antonello-colonna-labico,Antonello Colonna Labico,Labico,Italy,restaurant,,€€€€,
michelin-2026-italy,michelin,2026,,One Star,,https://guide.michelin.com/us/en/lazio/genazzano/restaurant/aminta-resort,Marco Bottega Ristorante,Genazzano,Italy,restaurant,,€€€,
michelin-2026-italy,michelin,2026,,One Star,,https://guide.michelin.com/us/en/abruzzo/sant-omero_1846403/restaurant/zunica-1880,Zunica 1880 a Villa Corallo,Sant'Omero,Italy,restaurant,,€€€,
michelin-2026-italy,michelin,2026,,One Star,,https://guide.michelin.com/us/en/lazio/acuto/restaurant/colline-ciociare,Colline Ciociare,Acuto,Italy,restaurant,,€€€,
michelin-2026-italy,michelin,2026,,One Star,,https://guide.michelin.com/us/en/abruzzo/montepagano/restaurant/d-one-restaurant-diffuso,D.one Ristorante Diffuso,Montepagano,Italy,restaurant,,€€€,
michelin-2026-italy,michelin,2026,,One Star,,https://guide.michelin.com/us/en/lazio/pontinia/restaurant/mater1apr1ma,Mater1apr1ma,Pontinia,Italy,restaurant,,€€€,
michelin-2026-italy,michelin,2026,,One Star,,https://guide.michelin.com/us/en/abruzzo/civitella-casanova/restaurant/la-bandiera,La Bandiera,Civitella Casanova,Italy,restaurant,,€€€,
michelin-2026-italy,michelin,2026,,One Star,,https://guide.michelin.com/us/en/lazio/ponza/restaurant/acqua-pazza-1192022,Acqua Pazza,Ponza,Italy,restaurant,,€€€,
michelin-2026-italy,michelin,2026,,One Star,,https://guide.michelin.com/us/en/abruzzo/guardiagrele/restaurant/villa-maiella,Villa Maiella,Guardiagrele,Italy,restaurant,,€€€,
michelin-2026-italy,michelin,2026,,One Star,,https://guide.michelin.com/us/en/molise/agnone_1841303/restaurant/locanda-mammi,Locanda Mammì,Agnone,Italy,restaurant,,€€,
michelin-2026-italy,michelin,2026,,One Star,,https://guide.michelin.com/us/en/abruzzo/san-salvo-marina/restaurant/al-metro,Al Metrò,San Salvo Marina,Italy,restaurant,,€€€,
michelin-2026-italy,michelin,2026,,One Star,,https://guide.michelin.com/us/en/campania/forio/restaurant/umberto-a-mare,Umberto a Mare,Forio,Italy,restaurant,,€€€,
michelin-2026-italy,michelin,2026,,One Star,,https://guide.michelin.com/us/en/campania/lacco-ameno/restaurant/indaco,Indaco,Lacco Ameno,Italy,restaurant,,€€€€,
michelin-2026-italy,michelin,2026,,One Star,,https://guide.michelin.com/us/en/campania/bacoli/restaurant/caracol,Caracol,Bacoli,Italy,restaurant,,€€€€,
michelin-2026-italy,michelin,2026,,One Star,,https://guide.michelin.com/us/en/campania/squille/restaurant/marotta,Marotta,Squille,Italy,restaurant,,€€€,
michelin-2026-italy,michelin,2026,,One Star,,https://guide.michelin.com/us/en/campania/telese/restaurant/la-locanda-del-borgo,La Locanda del Borgo,Telese,Italy,restaurant,,€€€€,
michelin-2026-italy,michelin,2026,,One Star,,https://guide.michelin.com/us/en/campania/napoli/restaurant/veritas,Veritas,Naples,Italy,restaurant,,€€€,
michelin-2026-italy,michelin,2026,,One Star,,https://guide.michelin.com/us/en/campania/napoli/restaurant/il-ristorante-alain-ducasse-napoli,Il Ristorante Alain Ducasse Napoli,Naples,Italy,restaurant,,€€€€,
michelin-2026-italy,michelin,2026,,One Star,,https://guide.michelin.com/us/en/campania/napoli/restaurant/aria-1197785,ARIA,Naples,Italy,restaurant,,€€€€,
michelin-2026-italy,michelin,2026,,One Star,,https://guide.michelin.com/us/en/campania/nola/restaurant/re-santi-e-leoni,Re Santi e Leoni,Nola,Italy,restaurant,,€€€,
michelin-2026-italy,michelin,2026,,One Star,,https://guide.michelin.com/us/en/campania/capri/restaurant/le-monzu,Le Monzù,Capri,Italy,restaurant,,€€€€,
michelin-2026-italy,michelin,2026,,One Star,,https://guide.michelin.com/us/en/campania/sorrento/restaurant/terrazza-bosquet,Terrazza Bosquet,Sorrento,Italy,restaurant,,€€€€,
michelin-2026-italy,michelin,2026,,One Star,,https://guide.michelin.com/us/en/campania/massa-lubrense/restaurant/relais-blu,Relais Blu,Massa Lubrense,Italy,restaurant,,€€€€,
michelin-2026-italy,michelin,2026,,One Star,,https://guide.michelin.com/us/en/campania/sorrento/restaurant/il-buco,Il Buco,Sorrento,Italy,restaurant,,€€€€,
michelin-2026-italy,michelin,2026,,One Star,,https://guide.michelin.com/us/en/campania/sorrento/restaurant/lorelei,Lorelei,Sorrento,Italy,restaurant,,€€€€,
michelin-2026-italy,michelin,2026,,One Star,,https://guide.michelin.com/us/en/campania/vico-equense/restaurant/antica-osteria-nonna-rosa,Antica Osteria Nonna Rosa,Vico Equense,Italy,restaurant,,€€€€,
michelin-2026-italy,michelin,2026,,One Star,,https://guide.michelin.com/us/en/campania/marina-del-cantone/restaurant/taverna-del-capitano,Taverna del Capitano,Marina del Cantone,Italy,restaurant,,€€€€,
michelin-2026-italy,michelin,2026,,One Star,,https://guide.michelin.com/us/en/campania/it-sant-agnello/restaurant/don-geppi,Don Geppi,Sant' Agnello,Italy,restaurant,,€€€€,
michelin-2026-italy,michelin,2026,,One Star,,https://guide.michelin.com/us/en/campania/sant--agata-sui-due-golfi/restaurant/don-alfonso-1890-151521,Don Alfonso 1890,Sant'Agata sui Due Golfi,Italy,restaurant,,€€€€,
michelin-2026-italy,michelin,2026,,One Star,,https://guide.michelin.com/us/en/campania/pompei/restaurant/president,President,Pompei,Italy,restaurant,,€€€,
michelin-2026-italy,michelin,2026,,One Star,,https://guide.michelin.com/us/en/campania/ticciano/restaurant/cannavacciuolo-countryside,Cannavacciuolo Countryside,Ticciano,Italy,restaurant,,€€€€,
michelin-2026-italy,michelin,2026,,One Star,,https://guide.michelin.com/us/en/campania/gragnano/restaurant/o-me-o-il-mare,O Me O Il Mare,Gragnano,Italy,restaurant,,€€€€,
michelin-2026-italy,michelin,2026,,One Star,,https://guide.michelin.com/us/en/campania/positano/restaurant/li-galli,Li Galli,Positano,Italy,restaurant,,€€€€,
michelin-2026-italy,michelin,2026,,One Star,,https://guide.michelin.com/us/en/campania/positano/restaurant/zass,Zass,Positano,Italy,restaurant,,€€€€,
michelin-2026-italy,michelin,2026,,One Star,,https://guide.michelin.com/us/en/campania/praiano/restaurant/un-piano-nel-cielo,Un Piano nel Cielo,Praiano,Italy,restaurant,,€€€€,
michelin-2026-italy,michelin,2026,,One Star,,https://guide.michelin.com/us/en/campania/furore/restaurant/bluh-furore,Bluh Furore,Furore,Italy,restaurant,,€€€€,
michelin-2026-italy,michelin,2026,,One Star,,https://guide.michelin.com/us/en/campania/ravello/restaurant/il-flauto-di-pan,Il Flauto di Pan,Ravello,Italy,restaurant,,€€€€,
michelin-2026-italy,michelin,2026,,One Star,,https://guide.michelin.com/us/en/campania/ravello/restaurant/rossellinis,Rossellinis,Ravello,Italy,restaurant,,€€€€,
michelin-2026-italy,michelin,2026,,One Star,,https://guide.michelin.com/us/en/campania/amalfi/restaurant/glicine,Glicine,Amalfi,Italy,restaurant,,€€€€,
michelin-2026-italy,michelin,2026,,One Star,,https://guide.michelin.com/us/en/campania/amalfi/restaurant/alici,Alici,Amalfi,Italy,restaurant,,€€€€,
michelin-2026-italy,michelin,2026,,One Star,,https://guide.michelin.com/us/en/campania/amalfi/restaurant/la-caravella-dal-1959,La Caravella dal 1959,Amalfi,Italy,restaurant,,€€€€,
michelin-2026-italy,michelin,2026,,One Star,,https://guide.michelin.com/us/en/campania/conca-dei-marini/restaurant/il-refettorio,Il Refettorio,Conca dei Marini,Italy,restaurant,,€€€€,
michelin-2026-italy,michelin,2026,,One Star,,https://guide.michelin.com/us/en/campania/amalfi/restaurant/sensi536205,Sensi,Amalfi,Italy,restaurant,,€€€€,
michelin-2026-italy,michelin,2026,,One Star,,https://guide.michelin.com/us/en/campania/ariano-irpino/restaurant/maeba-restaurant,Maeba Restaurant,Ariano Irpino,Italy,restaurant,,€€€,
michelin-2026-italy,michelin,2026,,One Star,,https://guide.michelin.com/us/en/campania/vietri-sul-mare/restaurant/volta-del-fuenti,Volta del Fuenti by Michele De Blasio,Vietri sul Mare,Italy,restaurant,,€€€€,
michelin-2026-italy,michelin,2026,,One Star,,https://guide.michelin.com/us/en/campania/baronissi/restaurant/cetaria,Cetaria,Baronissi,Italy,restaurant,,€€€,
michelin-2026-italy,michelin,2026,,One Star,,https://guide.michelin.com/us/en/campania/vallesaccarda/restaurant/oasis-sapori-antichi,Oasis - Sapori Antichi,Vallesaccarda,Italy,restaurant,,€€€,
michelin-2026-italy,michelin,2026,,One Star,,https://guide.michelin.com/us/en/sicilia/terrasini/restaurant/il-bavaglino-1206991,Il Bavaglino,Terrasini,Italy,restaurant,,€€€,
michelin-2026-italy,michelin,2026,,One Star,,https://guide.michelin.com/us/en/campania/eboli/restaurant/il-papavero,Il Papavero,Eboli,Italy,restaurant,,€€,
michelin-2026-italy,michelin,2026,,One Star,,https://guide.michelin.com/us/en/campania/paestum/restaurant/tre-olivi,Tre Olivi,Paestum,Italy,restaurant,,€€€€,
michelin-2026-italy,michelin,2026,,One Star,,https://guide.michelin.com/us/en/campania/paestum/restaurant/le-trabe,Le Trabe,Paestum,Italy,restaurant,,€€€€,
michelin-2026-italy,michelin,2026,,One Star,,https://guide.michelin.com/us/en/sicilia/palermo/restaurant/mec-restaurant,Mec Restaurant,Palermo,Italy,restaurant,,€€€€,
michelin-2026-italy,michelin,2026,,One Star,,https://guide.michelin.com/us/en/sicilia/bagheria/restaurant/limu,Līmū,Bagheria,Italy,restaurant,,€€€,
michelin-2026-italy,michelin,2026,,One Star,,https://guide.michelin.com/us/en/sicilia/bagheria/restaurant/i-pupi,I Pupi,Bagheria,Italy,restaurant,,€€€€,
michelin-2026-italy,michelin,2026,,One Star,,https://guide.michelin.com/us/en/puglia/trani/restaurant/quintessenza-1195965,Quintessenza,Trani,Italy,restaurant,,€€€,
michelin-2026-italy,michelin,2026,,One Star,,https://guide.michelin.com/us/en/puglia/trani/restaurant/casa-sgarra,Casa Sgarra,Trani,Italy,restaurant,,€€€,
michelin-2026-italy,michelin,2026,,One Star,,https://guide.michelin.com/us/en/sicilia/malfa/restaurant/signum,Signum,Malfa,Italy,restaurant,,€€€€,
michelin-2026-italy,michelin,2026,,One Star,,https://guide.michelin.com/us/en/basilicata/matera/restaurant/vitantonio-lombardo,Vitantonio Lombardo,Matera,Italy,restaurant,,€€€€,
michelin-2026-italy,michelin,2026,,One Star,,https://guide.michelin.com/us/en/sicilia/isola-vulcano/restaurant/il-cappero,Il Cappero,Isola Vulcano,Italy,restaurant,,€€€€,
michelin-2026-italy,michelin,2026,,One Star,,https://guide.michelin.com/us/en/puglia/polignano-a-mare/restaurant/pasha,Pashà,Polignano a Mare,Italy,restaurant,,€€€€,
michelin-2026-italy,michelin,2026,,One Star,,https://guide.michelin.com/us/en/puglia/putignano/restaurant/angelo-sabatelli,Angelo Sabatelli,Putignano,Italy,restaurant,,€€€€,
michelin-2026-italy,michelin,2026,,One Star,,https://guide.michelin.com/us/en/puglia/savelletri/restaurant/due-camini,Due Camini,Savelletri,Italy,restaurant,,€€€€,
michelin-2026-italy,michelin,2026,,One Star,,https://guide.michelin.com/us/en/sicilia/linguaglossa/restaurant/shalai,Shalai,Linguaglossa,Italy,restaurant,,€€€,
michelin-2026-italy,michelin,2026,,One Star,,https://guide.michelin.com/us/en/sicilia/taormina/restaurant/otto-geleng,Otto Geleng,Taormina,Italy,restaurant,,€€€€,
michelin-2026-italy,michelin,2026,,One Star,,https://guide.michelin.com/us/en/sicilia/taormina/restaurant/la-capinera,La Capinera,Taormina,Italy,restaurant,,€€€,
michelin-2026-italy,michelin,2026,,One Star,,https://guide.michelin.com/us/en/sicilia/taormina/restaurant/principe-cerami,Principe Cerami,Taormina,Italy,restaurant,,€€€€,
michelin-2026-italy,michelin,2026,,One Star,,https://guide.michelin.com/us/en/sicilia/taormina/restaurant/vineria-modi,Vineria Modì,Taormina,Italy,restaurant,,€€€,
michelin-2026-italy,michelin,2026,,One Star,,https://guide.michelin.com/us/en/puglia/carovigno/restaurant/dissapore-di-andrea-catalano,Dissapore di Andrea Catalano,Carovigno,Italy,restaurant,,€€€€,
michelin-2026-italy,michelin,2026,,One Star,,https://guide.michelin.com/us/en/sicilia/archi/restaurant/zash,Zash,Archi,Italy,restaurant,,€€€€,
michelin-2026-italy,michelin,2026,,One Star,,https://guide.michelin.com/us/en/sicilia/catania/restaurant/coria,Coria,Catania,Italy,restaurant,,€€€,
michelin-2026-italy,michelin,2026,,One Star,,https://guide.michelin.com/us/en/sicilia/catania/restaurant/sapio,Sapio,Catania,Italy,restaurant,,€€€€,
michelin-2026-italy,michelin,2026,,One Star,,https://guide.michelin.com/us/en/calabria/lamezia-terme/restaurant/abbruzzino-oltre,Abbruzzino Oltre,Lamezia Terme,Italy,restaurant,,€€€€,
michelin-2026-italy,michelin,2026,,One Star,,https://guide.michelin.com/us/en/sicilia/marina-di-ragusa/restaurant/votavota,Votavota,Marina di Ragusa,Italy,restaurant,,€€€€,
michelin-2026-italy,michelin,2026,,One Star,,https://guide.michelin.com/us/en/calabria/san-giovanni-in-fiore/restaurant/hyle,Hyle,San Giovanni in Fiore,Italy,restaurant,,€€€€,
michelin-2026-italy,michelin,2026,,One Star,,https://guide.michelin.com/us/en/puglia/manduria/restaurant/casamatta,Casamatta,Manduria,Italy,restaurant,,€€€,
michelin-2026-italy,michelin,2026,,One Star,,https://guide.michelin.com/us/en/sicilia/ragusa/restaurant/locanda-don-serafino,Locanda Don Serafino,Ragusa,Italy,restaurant,,€€€€,
michelin-2026-italy,michelin,2026,,One Star,,https://guide.michelin.com/us/en/calabria/santa-cristina-d-aspromonte/restaurant/qafiz,Qafiz,Santa Cristina d'Aspromonte,Italy,restaurant,,€€€€,
michelin-2026-italy,michelin,2026,,One Star,,https://guide.michelin.com/us/en/sicilia/noto/restaurant/crocifisso,Crocifisso,Noto,Italy,restaurant,,€€€,
michelin-2026-italy,michelin,2026,,One Star,,https://guide.michelin.com/us/en/calabria/strongoli/restaurant/dattilo,Dattilo,Strongoli,Italy,restaurant,,€€€€,
michelin-2026-italy,michelin,2026,,One Star,,https://guide.michelin.com/us/en/sicilia/siracusa/restaurant/cortile-spirito-santo,Cortile Spirito Santo,Syracuse,Italy,restaurant,,€€€€,
michelin-2026-italy,michelin,2026,,One Star,,https://guide.michelin.com/us/en/calabria/marina-di-gioiosa-ionica/restaurant/gambero-rosso,Gambero Rosso,Marina di Gioiosa Ionica,Italy,restaurant,,€€€,
michelin-2026-italy,michelin,2026,,One Star,,https://guide.michelin.com/us/en/puglia/lecce/restaurant/primo-restaurant,Primo Restaurant,Lecce,Italy,restaurant,,€€€€,
michelin-2026-italy,michelin,2026,,Bib Gourmand,,https://guide.michelin.com/us/en/valle-d-aosta/brusson/restaurant/laghetto,Laghetto,Brusson,Italy,restaurant,,€€,
michelin-2026-italy,michelin,2026,,Bib Gourmand,,https://guide.michelin.com/us/en/piemonte/roletto/restaurant/il-ciabot,Il Ciabot,Roletto,Italy,restaurant,,€,
michelin-2026-italy,michelin,2026,,Bib Gourmand,,https://guide.michelin.com/us/en/piemonte/traversella/restaurant/le-miniere,Le Miniere,Traversella,Italy,restaurant,,€,
michelin-2026-italy,michelin,2026,,Bib Gourmand,,https://guide.michelin.com/us/en/piemonte/cuorgn/restaurant/rosselli-77,Rosselli 77,Cuorgnè,Italy,restaurant,,€,
michelin-2026-italy,michelin,2026,,Bib Gourmand,,https://guide.michelin.com/us/en/piemonte/viceno/restaurant/edelweiss,Edelweiss,Viceno,Italy,restaurant,,€,
michelin-2026-italy,michelin,2026,,Bib Gourmand,,https://guide.michelin.com/us/en/piemonte/torino/restaurant/antiche-sere,Antiche Sere,Turin,Italy,restaurant,,€€,
michelin-2026-italy,michelin,2026,,Bib Gourmand,,https://guide.michelin.com/us/en/piemonte/torino/restaurant/contesto-alimentare,Contesto Alimentare,Turin,Italy,restaurant,,€€,
michelin-2026-italy,michelin,2026,,Bib Gourmand,,https://guide.michelin.com/us/en/piemonte/torino/restaurant/scannabue-caffe-restaurant,Scannabue Caffè Restaurant,Turin,Italy,restaurant,,€,
michelin-2026-italy,michelin,2026,,Bib Gourmand,,https://guide.michelin.com/us/en/piemonte/torino/restaurant/consorzio,Consorzio,Turin,Italy,restaurant,,€€,
michelin-2026-italy,michelin,2026,,Bib Gourmand,,https://guide.michelin.com/us/en/piemonte/torino/restaurant/l-acino,L'Acino,Turin,Italy,restaurant,,€€,
michelin-2026-italy,michelin,2026,,Bib Gourmand,,https://guide.michelin.com/us/en/piemonte/torino/restaurant/fratelli-bruzzone,Fratelli Bruzzone,Turin,Italy,restaurant,,€,
michelin-2026-italy,michelin,2026,,Bib Gourmand,,https://guide.michelin.com/us/en/piemonte/torino/restaurant/magazzino-52,Magazzino 52,Turin,Italy,restaurant,,€€,
michelin-2026-italy,michelin,2026,,Bib Gourmand,,https://guide.michelin.com/us/en/piemonte/sant-anna/restaurant/la-pineta148217,La Pineta,Sant'Anna,Italy,restaurant,,€€,
michelin-2026-italy,michelin,2026,,Bib Gourmand,,https://guide.michelin.com/us/en/piemonte/quarona/restaurant/italia,Italia,Quarona,Italy,restaurant,,€€,
michelin-2026-italy,michelin,2026,,Bib Gourmand,,https://guide.michelin.com/us/en/piemonte/valdieri/restaurant/la-locanda-del-falco,La Locanda del Falco,Valdieri,Italy,restaurant,,€,
michelin-2026-italy,michelin,2026,,Bib Gourmand,,https://guide.michelin.com/us/en/piemonte/montrigiasco/restaurant/castagneto,Castagneto,Montrigiasco,Italy,restaurant,,€€,
michelin-2026-italy,michelin,2026,,Bib Gourmand,,https://guide.michelin.com/us/en/piemonte/arona/restaurant/condividere-1204836,Condividere,Arona,Italy,restaurant,,€€,
michelin-2026-italy,michelin,2026,,Bib Gourmand,,https://guide.michelin.com/us/en/piemonte/sizzano/restaurant/impero,Impero,Sizzano,Italy,restaurant,,€€,
michelin-2026-italy,michelin,2026,,Bib Gourmand,,https://guide.michelin.com/us/en/piemonte/monteu-roero/restaurant/cantina-dei-cacciatori,Cantina dei Cacciatori,Monteu Roero,Italy,restaurant,,€,
michelin-2026-italy,michelin,2026,,Bib Gourmand,,https://guide.michelin.com/us/en/piemonte/bra/restaurant/boccondivino,Osteria del Boccondivino,Bra,Italy,restaurant,,€,
michelin-2026-italy,michelin,2026,,Bib Gourmand,,https://guide.michelin.com/us/en/piemonte/bra/restaurant/battaglino,Battaglino,Bra,Italy,restaurant,,€€,
michelin-2026-italy,michelin,2026,,Bib Gourmand,,https://guide.michelin.com/us/en/piemonte/bra/restaurant/osteria-la-pimpinella,Osteria La Pimpinella,Bra,Italy,restaurant,,€€,
michelin-2026-italy,michelin,2026,,Bib Gourmand,,https://guide.michelin.com/us/en/piemonte/cherasco/restaurant/osteria-la-torre,Osteria La Torre,Cherasco,Italy,restaurant,,€€,
michelin-2026-italy,michelin,2026,,Bib Gourmand,,https://guide.michelin.com/us/en/piemonte/la-morra/restaurant/osteria-veglio,Osteria Veglio,La Morra,Italy,restaurant,,€,
michelin-2026-italy,michelin,2026,,Bib Gourmand,,https://guide.michelin.com/us/en/piemonte/badia-di-dulzago/restaurant/osteria-san-giulio,Osteria San Giulio,Badia di Dulzago,Italy,restaurant,,€€,
michelin-2026-italy,michelin,2026,,Bib Gourmand,,https://guide.michelin.com/us/en/piemonte/carru/restaurant/vascello-d-oro,Vascello d'Oro,Carrù,Italy,restaurant,,€,
michelin-2026-italy,michelin,2026,,Bib Gourmand,,https://guide.michelin.com/us/en/piemonte/casale-monferrato/restaurant/osteria-bar-sport,Osteria Bar Sport,Casale Monferrato,Italy,restaurant,,€€,
michelin-2026-italy,michelin,2026,,Bib Gourmand,,https://guide.michelin.com/us/en/liguria/dolceacqua_1795057/restaurant/casaebottega,CASAeBOTTEGA,Dolceacqua,Italy,restaurant,,€€,
michelin-2026-italy,michelin,2026,,Bib Gourmand,,https://guide.michelin.com/us/en/liguria/pigna/restaurant/terme,Terme,Pigna,Italy,restaurant,,€€,
michelin-2026-italy,michelin,2026,,Bib Gourmand,,https://guide.michelin.com/us/en/piemonte/calamandrana/restaurant/violetta,Violetta,Calamandrana,Italy,restaurant,,€€,
michelin-2026-italy,michelin,2026,,Bib Gourmand,,https://guide.michelin.com/us/en/piemonte/san-marzano-oliveto/restaurant/del-belbo-da-bardon,Del Belbo - Da Bardon,San Marzano Oliveto,Italy,restaurant,,€€,
michelin-2026-italy,michelin,2026,,Bib Gourmand,,https://guide.michelin.com/us/en/piemonte/nizza-monferrato/restaurant/le-due-lanterne,Le Due Lanterne,Nizza Monferrato,Italy,restaurant,,€,
michelin-2026-italy,michelin,2026,,Bib Gourmand,,https://guide.michelin.com/us/en/piemonte/masio/restaurant/trattoria-losanna,Trattoria Losanna,Masio,Italy,restaurant,,€,
michelin-2026-italy,michelin,2026,,Bib Gourmand,,https://guide.michelin.com/us/en/lombardia/rho/restaurant/mezzolitro-vini-e-cucina,Mezzolitro Vini e Cucina,Rho,Italy,restaurant,,€€,
michelin-2026-italy,michelin,2026,,Bib Gourmand,,https://guide.michelin.com/us/en/piemonte/cavatore/restaurant/da-fausto,Da Fausto,Cavatore,Italy,restaurant,,€€,
michelin-2026-italy,michelin,2026,,Bib Gourmand,,https://guide.michelin.com/us/en/piemonte/cartosio/restaurant/cacciatori,Cacciatori,Cartosio,Italy,restaurant,,€€,
michelin-2026-italy,michelin,2026,,Bib Gourmand,,https://guide.michelin.com/us/en/liguria/imperia/restaurant/osteria-didu-1201493,Osteria Didù,Imperia,Italy,restaurant,,€,
michelin-2026-italy,michelin,2026,,Bib Gourmand,,https://guide.michelin.com/us/en/lombardia/milano/restaurant/da-giannino-l-angolo-d-abruzzo,Da Giannino - L'Angolo d'Abruzzo,Milan,Italy,restaurant,,€€,
michelin-2026-italy,michelin,2026,,Bib Gourmand,,https://guide.michelin.com/us/en/lombardia/milano/restaurant/trippa,Trippa,Milan,Italy,restaurant,,€€,
michelin-2026-italy,michelin,2026,,Bib Gourmand,,https://guide.michelin.com/us/en/lombardia/milano/restaurant/dongio,Dongiò,Milan,Italy,restaurant,,€,
michelin-2026-italy,michelin,2026,,Bib Gourmand,,https://guide.michelin.com/us/en/piemonte/capriata-d-orba/restaurant/il-moro,Il Moro,Capriata d'Orba,Italy,restaurant,,€€,
michelin-2026-italy,michelin,2026,,Bib Gourmand,,https://guide.michelin.com/us/en/liguria/urbe_1801837/restaurant/la-civetta,La Civetta,Urbe,Italy,restaurant,,€,
michelin-2026-italy,michelin,2026,,Bib Gourmand,,https://guide.michelin.com/us/en/lombardia/voghera_1810742/restaurant/rimulas,Rimulas,Voghera,Italy,restaurant,,€€,
michelin-2026-italy,michelin,2026,,Bib Gourmand,,https://guide.michelin.com/us/en/lombardia/capriate-san-gervasio/restaurant/kanton-restaurant,Kanton Restaurant,Capriate San Gervasio,Italy,restaurant,,€€,
michelin-2026-italy,michelin,2026,,Bib Gourmand,,https://guide.michelin.com/us/en/lombardia/bracca/restaurant/dentella,Trattoria Dentella,Bracca,Italy,restaurant,,€€,
michelin-2026-italy,michelin,2026,,Bib Gourmand,,https://guide.michelin.com/us/en/lombardia/teglio/restaurant/fracia,Fracia,Teglio,Italy,restaurant,,€€,
michelin-2026-italy,michelin,2026,,Bib Gourmand,,https://guide.michelin.com/us/en/piemonte/borghetto-di-borbera/restaurant/il-fiorile,Il Fiorile,Borghetto di Borbera,Italy,restaurant,,€€,
michelin-2026-italy,michelin,2026,,Bib Gourmand,,https://guide.michelin.com/us/en/lombardia/bianzone/restaurant/altavilla,Altavilla,Bianzone,Italy,restaurant,,€€,
michelin-2026-italy,michelin,2026,,Bib Gourmand,,https://guide.michelin.com/us/en/lombardia/varzi/restaurant/buscone,Buscone,Varzi,Italy,restaurant,,€€,
michelin-2026-italy,michelin,2026,,Bib Gourmand,,https://guide.michelin.com/us/en/liguria/genova/restaurant/rosmarino,Trattoria Rosmarino,Genoa,Italy,restaurant,,€€,
michelin-2026-italy,michelin,2026,,Bib Gourmand,,https://guide.michelin.com/us/en/liguria/montoggio/restaurant/roma,Roma,Montoggio,Italy,restaurant,,€,
michelin-2026-italy,michelin,2026,,Bib Gourmand,,https://guide.michelin.com/us/en/lombardia/bolzone/restaurant/trattoria-via-vai,Trattoria Via Vai,Bolzone,Italy,restaurant,,€€,
michelin-2026-italy,michelin,2026,,Bib Gourmand,,https://guide.michelin.com/us/en/liguria/san-desiderio/restaurant/bruxaboschi,Bruxaboschi,San Desiderio,Italy,restaurant,,€€,
michelin-2026-italy,michelin,2026,,Bib Gourmand,,https://guide.michelin.com/us/en/lombardia/adrara-san-martino/restaurant/ai-burattini,Ai Burattini,Adrara San Martino,Italy,restaurant,,€€,
michelin-2026-italy,michelin,2026,,Bib Gourmand,,https://guide.michelin.com/us/en/lombardia/palazzolo-sull-oglio/restaurant/osteria-della-villetta,Osteria della Villetta,Palazzolo sull'Oglio,Italy,restaurant,,€,
michelin-2026-italy,michelin,2026,,Bib Gourmand,,https://guide.michelin.com/us/en/emilia-romagna/bobbio/restaurant/enoteca-san-nicola,Enoteca San Nicola,Bobbio,Italy,restaurant,,€,
michelin-2026-italy,michelin,2026,,Bib Gourmand,,https://guide.michelin.com/us/en/lombardia/esine/restaurant/da-sapi,Da Sapì,Esine,Italy,restaurant,,€€,
michelin-2026-italy,michelin,2026,,Bib Gourmand,,https://guide.michelin.com/us/en/emilia-romagna/rivergaro/restaurant/caffe-grande,Caffè Grande,Rivergaro,Italy,restaurant,,€€,
michelin-2026-italy,michelin,2026,,Bib Gourmand,,https://guide.michelin.com/us/en/emilia-romagna/podenzano/restaurant/l-ostreria-fratelli-pavesi,L'Ostreria Fratelli Pavesi,Podenzano,Italy,restaurant,,€€,
michelin-2026-italy,michelin,2026,,Bib Gourmand,,https://guide.michelin.com/us/en/emilia-romagna/ponte-dell-olio/restaurant/locanda-cacciatori,Locanda Cacciatori,Ponte dell'Olio,Italy,restaurant,,€,
michelin-2026-italy,michelin,2026,,Bib Gourmand,,https://guide.michelin.com/us/en/lombardia/corte-de-cortesi/restaurant/il-gabbiano,Gabbiano 1983,Corte de' Cortesi,Italy,restaurant,,€€,
michelin-2026-italy,michelin,2026,,Bib Gourmand,,https://guide.michelin.com/us/en/lombardia/brescia/restaurant/trattoria-porteri,Trattoria Porteri,Brescia,Italy,restaurant,,€€,
michelin-2026-italy,michelin,2026,,Bib Gourmand,,https://guide.michelin.com/us/en/liguria/chiavari/restaurant/da-felice,Da Felice,Chiavari,Italy,restaurant,,€€,
michelin-2026-italy,michelin,2026,,Bib Gourmand,,https://guide.michelin.com/us/en/emilia-romagna/monticelli-d-ongina/restaurant/antica-trattoria-cattivelli,Antica Trattoria Cattivelli,Monticelli d'Ongina,Italy,restaurant,,€€,
michelin-2026-italy,michelin,2026,,Bib Gourmand,,https://guide.michelin.com/us/en/liguria/ne/restaurant/la-brinca,La Brinca,Ne,Italy,restaurant,,€€,
michelin-2026-italy,michelin,2026,,Bib Gourmand,,https://guide.michelin.com/us/en/liguria/cavi/restaurant/raieu,Raieü,Cavi di Lavagna,Italy,restaurant,,€€,
michelin-2026-italy,michelin,2026,,Bib Gourmand,,https://guide.michelin.com/us/en/trentino-alto-adige/romeno/restaurant/nerina,Nerina,Romeno,Italy,restaurant,,€,
michelin-2026-italy,michelin,2026,,Bib Gourmand,,https://guide.michelin.com/us/en/trentino-alto-adige/nalles/restaurant/apollonia,Apollonia,Nals,Italy,restaurant,,€€,
michelin-2026-italy,michelin,2026,,Bib Gourmand,,https://guide.michelin.com/us/en/lombardia/pieve-san-giacomo/restaurant/osteria-del-miglio-2-10,Osteria del Miglio 2.10,Pieve San Giacomo,Italy,restaurant,,€,
michelin-2026-italy,michelin,2026,,Bib Gourmand,,https://guide.michelin.com/us/en/emilia-romagna/fidenza/restaurant/podere-san-faustino,Podere San Faustino,Fidenza,Italy,restaurant,,€€,
michelin-2026-italy,michelin,2026,,Bib Gourmand,,https://guide.michelin.com/us/en/trentino-alto-adige/san-genesio-atesino/restaurant/antica-locanda-al-cervo-landgasthof-zum-hirschen,Locanda al Cervo - zum Hirschen,San Genesio Atesino,Italy,restaurant,,€€,
michelin-2026-italy,michelin,2026,,Bib Gourmand,,https://guide.michelin.com/us/en/trentino-alto-adige/trentino-alto-adige-san-michele/restaurant/osteria-platzegg,Osteria Platzegg,San Michele,Italy,restaurant,,€€,
michelin-2026-italy,michelin,2026,,Bib Gourmand,,https://guide.michelin.com/us/en/lombardia/isola-dovarese/restaurant/caffe-la-crepa,Caffè La Crepa,Isola Dovarese,Italy,restaurant,,€€,
michelin-2026-italy,michelin,2026,,Bib Gourmand,,https://guide.michelin.com/us/en/trentino-alto-adige/bolzano/restaurant/vogele,Vögele,Bolzano,Italy,restaurant,,€€,
michelin-2026-italy,michelin,2026,,Bib Gourmand,,https://guide.michelin.com/us/en/lombardia/castiglione-delle-stiviere/restaurant/hostaria-viola,Hostaria Viola,Castiglione delle Stiviere,Italy,restaurant,,€€,
michelin-2026-italy,michelin,2026,,Bib Gourmand,,https://guide.michelin.com/us/en/lombardia/recorfano/restaurant/antica-trattoria-gianna,Antica Trattoria Gianna,Recorfano,Italy,restaurant,,€,
michelin-2026-italy,michelin,2026,,Bib Gourmand,,https://guide.michelin.com/us/en/lombardia/piadena/restaurant/dell-alba,Dell'Alba,Piadena,Italy,restaurant,,€€,
michelin-2026-italy,michelin,2026,,Bib Gourmand,,https://guide.michelin.com/us/en/trentino-alto-adige/aldein/restaurant/krone,Krone,Aldino,Italy,restaurant,,€€,
michelin-2026-italy,michelin,2026,,Bib Gourmand,,https://guide.michelin.com/us/en/trentino-alto-adige/isera/restaurant/casa-del-vino-della-vallagarina,Casa del Vino della Vallagarina,Isera,Italy,restaurant,,€€,
michelin-2026-italy,michelin,2026,,Bib Gourmand,,https://guide.michelin.com/us/en/trentino-alto-adige/brentonico/restaurant/maso-palu,Maso Palù,Brentonico,Italy,restaurant,,€€,
michelin-2026-italy,michelin,2026,,Bib Gourmand,,https://guide.michelin.com/us/en/emilia-romagna/vicomero/restaurant/romani,Romani,Vicomero di Torrile,Italy,restaurant,,€,
michelin-2026-italy,michelin,2026,,Bib Gourmand,,https://guide.michelin.com/us/en/veneto/san-giorgio-di-valpolicella/restaurant/dalla-rosa-alda,Dalla Rosa Alda,San Giorgio di Valpolicella,Italy,restaurant,,€,
michelin-2026-italy,michelin,2026,,Bib Gourmand,,https://guide.michelin.com/us/en/trentino-alto-adige/chienes/restaurant/gassenwirt,Gassenwirt,Kiens,Italy,restaurant,,€€,
michelin-2026-italy,michelin,2026,,Bib Gourmand,,https://guide.michelin.com/us/en/emilia-romagna/parma/restaurant/i-tri-siochett,I Tri Siochètt,Parma,Italy,restaurant,,€,
michelin-2026-italy,michelin,2026,,Bib Gourmand,,https://guide.michelin.com/us/en/emilia-romagna/gaione/restaurant/trattoria-antichi-sapori,Trattoria Antichi Sapori,Gaione,Italy,restaurant,,€,
michelin-2026-italy,michelin,2026,,Bib Gourmand,,https://guide.michelin.com/us/en/emilia-romagna/parma/restaurant/brisla,Brisla Trattoria,Parma,Italy,restaurant,,€€,
michelin-2026-italy,michelin,2026,,Bib Gourmand,,https://guide.michelin.com/us/en/emilia-romagna/calestano/restaurant/locanda-mariella,Locanda Mariella,Calestano,Italy,restaurant,,€€,
michelin-2026-italy,michelin,2026,,Bib Gourmand,,https://guide.michelin.com/us/en/trentino-alto-adige/san-lorenzo-di-sebato/restaurant/lerchner-s-in-runggen,Lerchner's In Runggen,Saint Lorenzen,Italy,restaurant,,€€,
michelin-2026-italy,michelin,2026,,Bib Gourmand,,https://guide.michelin.com/us/en/veneto/negrar/restaurant/trattoria-alla-ruota,Trattoria alla Ruota,Negrar,Italy,restaurant,,€€,
michelin-2026-italy,michelin,2026,,Bib Gourmand,,https://guide.michelin.com/us/en/trentino-alto-adige/levico-terme/restaurant/boivin,Boivin,Levico Terme,Italy,restaurant,,€€,
michelin-2026-italy,michelin,2026,,Bib Gourmand,,https://guide.michelin.com/us/en/emilia-romagna/coloreto/restaurant/trattoria-ai-due-platani,Trattoria Ai Due Platani,Coloreto,Italy,restaurant,,€€,
michelin-2026-italy,michelin,2026,,Bib Gourmand,,https://guide.michelin.com/us/en/lombardia/grazie/restaurant/locanda-delle-grazie,Locanda delle Grazie,Grazie,Italy,restaurant,,€,
michelin-2026-italy,michelin,2026,,Bib Gourmand,,https://guide.michelin.com/us/en/liguria/sarzana_1800790/restaurant/il-cardinale-vino-e-cucina,Il Cardinale Vino e Cucina,Sarzana,Italy,restaurant,,€€,
michelin-2026-italy,michelin,2026,,Bib Gourmand,,https://guide.michelin.com/us/en/trentino-alto-adige/moena/restaurant/ostaria-tyrol,Ostaria Tyrol,Moena,Italy,restaurant,,€€,
michelin-2026-italy,michelin,2026,,Bib Gourmand,,https://guide.michelin.com/us/en/trentino-alto-adige/moena/restaurant/foresta162722,Foresta,Moena,Italy,restaurant,,€€,
michelin-2026-italy,michelin,2026,,Bib Gourmand,,https://guide.michelin.com/us/en/trentino-alto-adige/moena/restaurant/agritur-el-mas,Agritur El Mas,Moena,Italy,restaurant,,€€,
michelin-2026-italy,michelin,2026,,Bib Gourmand,,https://guide.michelin.com/us/en/veneto/velo-veronese/restaurant/13-comuni,13 Comuni,Velo Veronese,Italy,restaurant,,€€,
michelin-2026-italy,michelin,2026,,Bib Gourmand,,https://guide.michelin.com/us/en/veneto/verona/restaurant/al-bersagliere,Al Bersagliere,Verona,Italy,restaurant,,€€,
michelin-2026-italy,michelin,2026,,Bib Gourmand,,https://guide.michelin.com/us/en/veneto/verona/restaurant/osteria-mondo-d-oro,Osteria Mondo d'Oro,Verona,Italy,restaurant,,€€,
michelin-2026-italy,michelin,2026,,Bib Gourmand,,https://guide.michelin.com/us/en/lombardia/stradella/restaurant/osteria-numero-2,Osteria Numero 2,Stradella,Italy,restaurant,,€,
michelin-2026-italy,michelin,2026,,Bib Gourmand,,https://guide.michelin.com/us/en/trentino-alto-adige/valle-di-casies/restaurant/durnwald,Durnwald,Gsies,Italy,restaurant,,€€,
michelin-2026-italy,michelin,2026,,Bib Gourmand,,https://guide.michelin.com/us/en/emilia-romagna/bagnolo-in-piano/restaurant/trattoria-da-probo,Trattoria da Probo,Bagnolo in Piano,Italy,restaurant,,€,
michelin-2026-italy,michelin,2026,,Bib Gourmand,,https://guide.michelin.com/us/en/veneto/caldogno/restaurant/molin-vecio,Molin Vecio,Caldogno,Italy,restaurant,,€,
michelin-2026-italy,michelin,2026,,Bib Gourmand,,https://guide.michelin.com/us/en/veneto/marostica/restaurant/osteria-madonnetta,Osteria Madonnetta,Marostica,Italy,restaurant,,€,
michelin-2026-italy,michelin,2026,,Bib Gourmand,,https://guide.michelin.com/us/en/veneto/sandrigo/restaurant/trattoria-da-palmerino,Palmerino - Il Bacalà a Sandrigo,Sandrigo,Italy,restaurant,,€€,
michelin-2026-italy,michelin,2026,,Bib Gourmand,,https://guide.michelin.com/us/en/emilia-romagna/campogalliano/restaurant/magnagallo,Magnagallo,Campogalliano,Italy,restaurant,,€€,
michelin-2026-italy,michelin,2026,,Bib Gourmand,,https://guide.michelin.com/us/en/veneto/lapio/restaurant/trattoria-da-zamboni,Trattoria da Zamboni,Lapio,Italy,restaurant,,€€,
michelin-2026-italy,michelin,2026,,Bib Gourmand,,https://guide.michelin.com/us/en/emilia-romagna/lama/restaurant/vecchia-lama,Vecchia Lama,Lama Mocogno,Italy,restaurant,,€€,
michelin-2026-italy,michelin,2026,,Bib Gourmand,,https://guide.michelin.com/us/en/veneto/galliera-veneta/restaurant/al-palazzon,Al Palazzon,Galliera Veneta,Italy,restaurant,,€€,
michelin-2026-italy,michelin,2026,,Bib Gourmand,,https://guide.michelin.com/us/en/toscana/ponte-a-moriano/restaurant/antica-locanda-di-sesto,Antica Locanda di Sesto,Ponte a Moriano,Italy,restaurant,,€€,
michelin-2026-italy,michelin,2026,,Bib Gourmand,,https://guide.michelin.com/us/en/veneto/bigolino/restaurant/tre-noghere,Tre Noghere,Bigolino,Italy,restaurant,,€€,
michelin-2026-italy,michelin,2026,,Bib Gourmand,,https://guide.michelin.com/us/en/veneto/belluno/restaurant/al-borgo126456,Al Borgo,Belluno,Italy,restaurant,,€€,
michelin-2026-italy,michelin,2026,,Bib Gourmand,,https://guide.michelin.com/us/en/veneto/col-san-martino/restaurant/locanda-da-condo,Locanda da Condo,Col San Martino,Italy,restaurant,,€€,
michelin-2026-italy,michelin,2026,,Bib Gourmand,,https://guide.michelin.com/us/en/toscana/lucca/restaurant/nida,Nida,Lucca,Italy,restaurant,,€€,
michelin-2026-italy,michelin,2026,,Bib Gourmand,,https://guide.michelin.com/us/en/emilia-romagna/finale-emilia/restaurant/osteria-la-fefa,Osteria la Fefa,Finale Emilia,Italy,restaurant,,€€,
michelin-2026-italy,michelin,2026,,Bib Gourmand,,https://guide.michelin.com/us/en/toscana/livorno/restaurant/azzighe,Azzighe • Osteria a metà,Livorno,Italy,restaurant,,€€,
michelin-2026-italy,michelin,2026,,Bib Gourmand,,https://guide.michelin.com/us/en/veneto/sernaglia-della-battaglia/restaurant/dalla-libera,Dalla Libera,Sernaglia della Battaglia,Italy,restaurant,,€€,
michelin-2026-italy,michelin,2026,,Bib Gourmand,,https://guide.michelin.com/us/en/toscana/cutigliano/restaurant/trattoria-da-fagiolino,Trattoria da Fagiolino,Cutigliano,Italy,restaurant,,€€,
michelin-2026-italy,michelin,2026,,Bib Gourmand,,https://guide.michelin.com/us/en/friuli-venezia-giulia/sauris_1820948/restaurant/alla-pace,Alla Pace,Sauris,Italy,restaurant,,€€,
michelin-2026-italy,michelin,2026,,Bib Gourmand,,https://guide.michelin.com/us/en/emilia-romagna/argelato/restaurant/l-800,L'800,Argelato,Italy,restaurant,,€€,
michelin-2026-italy,michelin,2026,,Bib Gourmand,,https://guide.michelin.com/us/en/emilia-romagna/sasso-marconi/restaurant/la-grotta-dal-1918,Antica Trattoria la Grotta dal 1918,Sasso Marconi,Italy,restaurant,,€,
michelin-2026-italy,michelin,2026,,Bib Gourmand,,https://guide.michelin.com/us/en/veneto/pianiga/restaurant/trattoria-da-paeto,Trattoria da Paeto,Pianiga,Italy,restaurant,,€€,
michelin-2026-italy,michelin,2026,,Bib Gourmand,,https://guide.michelin.com/us/en/emilia-romagna/bologna/restaurant/trattoria-di-via-serra,Trattoria di Via Serra,Bologna,Italy,restaurant,,€,
michelin-2026-italy,michelin,2026,,Bib Gourmand,,https://guide.michelin.com/us/en/veneto/mirano/restaurant/da-flavio-e-fabrizio-al-teatro,"Da Flavio e Fabrizio ""Al Teatro""",Mirano,Italy,restaurant,,€€,
michelin-2026-italy,michelin,2026,,Bib Gourmand,,https://guide.michelin.com/us/en/emilia-romagna/bologna/restaurant/al-cambio,Al Cambio,Bologna,Italy,restaurant,,€€,
michelin-2026-italy,michelin,2026,,Bib Gourmand,,https://guide.michelin.com/us/en/veneto/vetrego/restaurant/il-sogno,Il Sogno,Vetrego,Italy,restaurant,,€€,
michelin-2026-italy,michelin,2026,,Bib Gourmand,,https://guide.michelin.com/us/en/emilia-romagna/ferrara/restaurant/ca-d-frara,Ca' d'Frara,Ferrara,Italy,restaurant,,€€,
michelin-2026-italy,michelin,2026,,Bib Gourmand,,https://guide.michelin.com/us/en/emilia-romagna/bologna/restaurant/osteria-bartolini,Osteria Bartolini,Bologna,Italy,restaurant,,€,
michelin-2026-italy,michelin,2026,,Bib Gourmand,,https://guide.michelin.com/us/en/emilia-romagna/bologna/restaurant/ahime,Ahimè,Bologna,Italy,restaurant,,€€,
michelin-2026-italy,michelin,2026,,Bib Gourmand,,https://guide.michelin.com/us/en/veneto/san-polo-di-piave/restaurant/osteria-enoteca-gambrinus,Osteria Borsò Gambrinus,San Polo di Piave,Italy,restaurant,,€€,
michelin-2026-italy,michelin,2026,,Bib Gourmand,,https://guide.michelin.com/us/en/emilia-romagna/gaibana/restaurant/trattoria-lanzagallo,Trattoria Lanzagallo,Gaibana,Italy,restaurant,,€,
michelin-2026-italy,michelin,2026,,Bib Gourmand,,https://guide.michelin.com/us/en/friuli-venezia-giulia/cavazzo-carnico/restaurant/borgo-poscolle,Borgo Poscolle,Cavazzo Carnico,Italy,restaurant,,€,
michelin-2026-italy,michelin,2026,,Bib Gourmand,,https://guide.michelin.com/us/en/toscana/bolgheri/restaurant/osteria-magona,Osteria Magona,Bolgheri,Italy,restaurant,,€€,
michelin-2026-italy,michelin,2026,,Bib Gourmand,,https://guide.michelin.com/us/en/emilia-romagna/selva-malvezzi_1828749/restaurant/locanda-pincelli,Locanda Pincelli,Selva Malvezzi,Italy,restaurant,,€€,
michelin-2026-italy,michelin,2026,,Bib Gourmand,,https://guide.michelin.com/us/en/toscana/firenze/restaurant/da-burde,Da Burde,Florence,Italy,restaurant,,€€,
michelin-2026-italy,michelin,2026,,Bib Gourmand,,https://guide.michelin.com/us/en/toscana/firenze/restaurant/il-latini,Il Latini,Florence,Italy,restaurant,,€€,
michelin-2026-italy,michelin,2026,,Bib Gourmand,,https://guide.michelin.com/us/en/toscana/firenze/restaurant/trattoria-cibreo-cibreino,Trattoria Cibrèo - Il Cibrèino,Florence,Italy,restaurant,,€€,
michelin-2026-italy,michelin,2026,,Bib Gourmand,,https://guide.michelin.com/us/en/toscana/firenze/restaurant/l-ortone,L'Ortone,Florence,Italy,restaurant,,€€,
michelin-2026-italy,michelin,2026,,Bib Gourmand,,https://guide.michelin.com/us/en/toscana/firenze/restaurant/zeb,Zeb,Florence,Italy,restaurant,,€€,
michelin-2026-italy,michelin,2026,,Bib Gourmand,,https://guide.michelin.com/us/en/toscana/san-gimignano/restaurant/da-pode,Da Pode,San Gimignano,Italy,restaurant,,€€,
michelin-2026-italy,michelin,2026,,Bib Gourmand,,https://guide.michelin.com/us/en/friuli-venezia-giulia/tricesimo/restaurant/miculan,Antica Trattoria da Miculan,Tricesimo,Italy,restaurant,,€,
michelin-2026-italy,michelin,2026,,Bib Gourmand,,https://guide.michelin.com/us/en/toscana/follonica/restaurant/il-sottomarino,Il Sottomarino,Follonica,Italy,restaurant,,€€,
michelin-2026-italy,michelin,2026,,Bib Gourmand,,https://guide.michelin.com/us/en/toscana/san-donato-in-poggio/restaurant/antica-trattoria-la-toppa,Antica Trattoria La Toppa,San Donato in Poggio,Italy,restaurant,,€€,
michelin-2026-italy,michelin,2026,,Bib Gourmand,,https://guide.michelin.com/us/en/emilia-romagna/faenza/restaurant/la-baita,La Baita,Faenza,Italy,restaurant,,€€,
michelin-2026-italy,michelin,2026,,Bib Gourmand,,https://guide.michelin.com/us/en/toscana/monteriggioni/restaurant/futura-osteria,Futura Osteria,Monteriggioni,Italy,restaurant,,€€€,
michelin-2026-italy,michelin,2026,,Bib Gourmand,,https://guide.michelin.com/us/en/toscana/lucarelli/restaurant/osteria-le-panzanelle,Osteria Le Panzanelle,Lucarelli,Italy,restaurant,,€€,
michelin-2026-italy,michelin,2026,,Bib Gourmand,,https://guide.michelin.com/us/en/friuli-venezia-giulia/buttrio/restaurant/trattoria-al-parco,Trattoria al Parco,Buttrio,Italy,restaurant,,€€,
michelin-2026-italy,michelin,2026,,Bib Gourmand,,https://guide.michelin.com/us/en/friuli-venezia-giulia/cividale-del-friuli/restaurant/al-monastero,Al Monastero,Cividale del Friuli,Italy,restaurant,,€€,
michelin-2026-italy,michelin,2026,,Bib Gourmand,,https://guide.michelin.com/us/en/emilia-romagna/san-pancrazio/restaurant/la-cucoma,La Cucoma,San Pancrazio,Italy,restaurant,,€€,
michelin-2026-italy,michelin,2026,,Bib Gourmand,,https://guide.michelin.com/us/en/toscana/castiglione-della-pescaia/restaurant/osteria-del-mare-gia-il-votapentole,"Osteria del Mare già il ""Votapentole""",Castiglione della Pescaia,Italy,restaurant,,€€,
michelin-2026-italy,michelin,2026,,Bib Gourmand,,https://guide.michelin.com/us/en/friuli-venezia-giulia/dolegna-del-collio/restaurant/ronchi-ro,Ronchi Rò,Dolegna del Collio,Italy,restaurant,,€€,
michelin-2026-italy,michelin,2026,,Bib Gourmand,,https://guide.michelin.com/us/en/emilia-romagna/galeata/restaurant/la-campanara,La Campanara,Galeata,Italy,restaurant,,€€,
michelin-2026-italy,michelin,2026,,Bib Gourmand,,https://guide.michelin.com/us/en/friuli-venezia-giulia/mariano-del-friuli/restaurant/al-piave,Al Piave,Mariano del Friuli,Italy,restaurant,,€,
michelin-2026-italy,michelin,2026,,Bib Gourmand,,https://guide.michelin.com/us/en/toscana/moggiona/restaurant/il-cedro,Il Cedro,Moggiona,Italy,restaurant,,€,
michelin-2026-italy,michelin,2026,,Bib Gourmand,,https://guide.michelin.com/us/en/friuli-venezia-giulia/savogna-d-isonzo/restaurant/lokanda-devetak,Lokanda Devetak,Savogna d'Isonzo,Italy,restaurant,,€€,
michelin-2026-italy,michelin,2026,,Bib Gourmand,,https://guide.michelin.com/us/en/emilia-romagna/milano-marittima/restaurant/osteria-del-gran-fritto334900,Osteria Bartolini,Milano Marittima,Italy,restaurant,,€€,
michelin-2026-italy,michelin,2026,,Bib Gourmand,,https://guide.michelin.com/us/en/toscana/montalcino/restaurant/taverna-il-grappolo-blu,Taverna del Grappolo Blu,Montalcino,Italy,restaurant,,€,
michelin-2026-italy,michelin,2026,,Bib Gourmand,,https://guide.michelin.com/us/en/emilia-romagna/cesenatico/restaurant/osteria-del-gran-fritto,Osteria Bartolini,Cesenatico,Italy,restaurant,,€€,
michelin-2026-italy,michelin,2026,,Bib Gourmand,,https://guide.michelin.com/us/en/emilia-romagna/longiano/restaurant/dei-cantoni,Dei Cantoni,Longiano,Italy,restaurant,,€€,
michelin-2026-italy,michelin,2026,,Bib Gourmand,,https://guide.michelin.com/us/en/toscana/trequanda/restaurant/il-conte-matto,Il Conte Matto,Trequanda,Italy,restaurant,,€€,
michelin-2026-italy,michelin,2026,,Bib Gourmand,,https://guide.michelin.com/us/en/sardegna/oliena/restaurant/su-gologone,Su Gologone,Oliena,Italy,restaurant,,€€,
michelin-2026-italy,michelin,2026,,Bib Gourmand,,https://guide.michelin.com/us/en/emilia-romagna/novafeltria/restaurant/del-turista-da-marchesi,Da Marchesi,Novafeltria,Italy,restaurant,,€,
michelin-2026-italy,michelin,2026,,Bib Gourmand,,https://guide.michelin.com/us/en/toscana/orbetello/restaurant/l-oste-dispensa,L'Oste Dispensa,Orbetello,Italy,restaurant,,€€,
michelin-2026-italy,michelin,2026,,Bib Gourmand,,https://guide.michelin.com/us/en/toscana/anghiari/restaurant/da-alighiero,Da Alighiero,Anghiari,Italy,restaurant,,€,
michelin-2026-italy,michelin,2026,,Bib Gourmand,,https://guide.michelin.com/us/en/emilia-romagna/rimini/restaurant/osteria-de-borg,Osteria de Börg,Rimini,Italy,restaurant,,€€,
michelin-2026-italy,michelin,2026,,Bib Gourmand,,https://guide.michelin.com/us/en/toscana/cortona/restaurant/la-bucaccia,La Bucaccia,Cortona,Italy,restaurant,,€,
michelin-2026-italy,michelin,2026,,Bib Gourmand,,https://guide.michelin.com/us/en/toscana/chiusi/restaurant/osteria-la-solita-zuppa,Osteria La Solita Zuppa,Chiusi,Italy,restaurant,,€,
michelin-2026-italy,michelin,2026,,Bib Gourmand,,https://guide.michelin.com/us/en/sardegna/cagliari/restaurant/old-friend,Old Friend,Cagliari,Italy,restaurant,,€€,
michelin-2026-italy,michelin,2026,,Bib Gourmand,,https://guide.michelin.com/us/en/sardegna/cagliari/restaurant/cucina-eat,CUCINA.eat,Cagliari,Italy,restaurant,,€,
michelin-2026-italy,michelin,2026,,Bib Gourmand,,https://guide.michelin.com/us/en/umbria/castiglione-del-lago/restaurant/l-acquario,L'Acquario,Castiglione del Lago,Italy,restaurant,,€€,
michelin-2026-italy,michelin,2026,,Bib Gourmand,,https://guide.michelin.com/us/en/emilia-romagna/montegridolfo_1826929/restaurant/osteria-dell-accademia,Osteria dell'Accademia,Montegridolfo,Italy,restaurant,,€€,
michelin-2026-italy,michelin,2026,,Bib Gourmand,,https://guide.michelin.com/us/en/sardegna/sanluri/restaurant/coxinendi,Coxinendi,Sanluri,Italy,restaurant,,€€,
michelin-2026-italy,michelin,2026,,Bib Gourmand,,https://guide.michelin.com/us/en/umbria/montone/restaurant/tipico-osteria-dei-sensi,Tipico Osteria dei Sensi,Montone,Italy,restaurant,,€€,
michelin-2026-italy,michelin,2026,,Bib Gourmand,,https://guide.michelin.com/us/en/marche/cagli/restaurant/la-gioconda,La Gioconda,Cagli,Italy,restaurant,,€€,
michelin-2026-italy,michelin,2026,,Bib Gourmand,,https://guide.michelin.com/us/en/marche/fossombrone/restaurant/osteria-zanchetti,Osteria Zanchetti,Fossombrone,Italy,restaurant,,€€,
michelin-2026-italy,michelin,2026,,Bib Gourmand,,https://guide.michelin.com/us/en/umbria/morrano-nuovo/restaurant/da-gregorio,Da Gregorio,Morrano Nuovo,Italy,restaurant,,€€,
michelin-2026-italy,michelin,2026,,Bib Gourmand,,https://guide.michelin.com/us/en/lazio/tarquinia/restaurant/namo-ristobottega,Namo Ristobottega,Tarquinia,Italy,restaurant,,€€,
michelin-2026-italy,michelin,2026,,Bib Gourmand,,https://guide.michelin.com/us/en/marche/fano/restaurant/cile-s,Cile's Bistrot,Fano,Italy,restaurant,,€€,
michelin-2026-italy,michelin,2026,,Bib Gourmand,,https://guide.michelin.com/us/en/umbria/casaglia/restaurant/stella,Stella,Casaglia,Italy,restaurant,,€,
michelin-2026-italy,michelin,2026,,Bib Gourmand,,https://guide.michelin.com/us/en/lazio/civitavecchia/restaurant/forma,Forma,Civitavecchia,Italy,restaurant,,€€,
michelin-2026-italy,michelin,2026,,Bib Gourmand,,https://guide.michelin.com/us/en/marche/marotta/restaurant/burro-alici,Burro & Alici,Marotta,Italy,restaurant,,€€,
michelin-2026-italy,michelin,2026,,Bib Gourmand,,https://guide.michelin.com/us/en/umbria/cannara/restaurant/perbacco-vini-e-cucina,Perbacco - Vini e Cucina,Cannara,Italy,restaurant,,€,
michelin-2026-italy,michelin,2026,,Bib Gourmand,,https://guide.michelin.com/us/en/umbria/montefalco/restaurant/camiano-piccolo,Camiano Piccolo,Montefalco,Italy,restaurant,,€€,
michelin-2026-italy,michelin,2026,,Bib Gourmand,,https://guide.michelin.com/us/en/marche/treia_1832420/restaurant/il-casolare-dei-segreti,Il Casolare dei Segreti,Treia,Italy,restaurant,,€€,
michelin-2026-italy,michelin,2026,,Bib Gourmand,,https://guide.michelin.com/us/en/marche/ancona/restaurant/sot-ajarchi,Sot'Ajarchi,Ancona,Italy,restaurant,,€€,
michelin-2026-italy,michelin,2026,,Bib Gourmand,,https://guide.michelin.com/us/en/marche/appignano/restaurant/osteria-dei-segreti,Osteria dei Segreti,Appignano,Italy,restaurant,,€€,
michelin-2026-italy,michelin,2026,,Bib Gourmand,,https://guide.michelin.com/us/en/lazio/fiumicino/restaurant/bistrot-quarantunododici,QuarantunoDodici,Fiumicino,Italy,restaurant,,€€,
michelin-2026-italy,michelin,2026,,Bib Gourmand,,https://guide.michelin.com/us/en/umbria/norcia/restaurant/granaro-del-monte,Granaro del Monte,Norcia,Italy,restaurant,,€,
michelin-2026-italy,michelin,2026,,Bib Gourmand,,https://guide.michelin.com/us/en/lazio/roma/restaurant/romane,Romanè,Rome,Italy,restaurant,,€,
michelin-2026-italy,michelin,2026,,Bib Gourmand,,https://guide.michelin.com/us/en/lazio/monterotondo/restaurant/trattoria-della-fortuna,Trattoria della Fortuna,Monterotondo,Italy,restaurant,,€€,
michelin-2026-italy,michelin,2026,,Bib Gourmand,,https://guide.michelin.com/us/en/lazio/roma/restaurant/green-t,Green T.,Rome,Italy,restaurant,,€€,
michelin-2026-italy,michelin,2026,,Bib Gourmand,,https://guide.michelin.com/us/en/lazio/roma/restaurant/hosteria-grappolo-d-oro,Hosteria Grappolo d'Oro,Rome,Italy,restaurant,,€,
michelin-2026-italy,michelin,2026,,Bib Gourmand,,https://guide.michelin.com/us/en/lazio/roma/restaurant/53-untitled,53 Untitled,Rome,Italy,restaurant,,€€,
michelin-2026-italy,michelin,2026,,Bib Gourmand,,https://guide.michelin.com/us/en/lazio/roma/restaurant/osteria-della-trippa,L'Osteria della Trippa,Rome,Italy,restaurant,,€€,
michelin-2026-italy,michelin,2026,,Bib Gourmand,,https://guide.michelin.com/us/en/lazio/roma/restaurant/trattoria-pennestri,Trattoria Pennestri,Rome,Italy,restaurant,,€€,
michelin-2026-italy,michelin,2026,,Bib Gourmand,,https://guide.michelin.com/us/en/lazio/roma/restaurant/domenico-dal-1968,Domenico dal 1968,Rome,Italy,restaurant,,€€,
michelin-2026-italy,michelin,2026,,Bib Gourmand,,https://guide.michelin.com/us/en/lazio/tivoli/restaurant/li-somari,Li Somari,Tivoli,Italy,restaurant,,€€,
michelin-2026-italy,michelin,2026,,Bib Gourmand,,https://guide.michelin.com/us/en/marche/offida/restaurant/osteria-ophis,Osteria Ophis,Offida,Italy,restaurant,,€€,
michelin-2026-italy,michelin,2026,,Bib Gourmand,,https://guide.michelin.com/us/en/abruzzo/torano-nuovo_1847049/restaurant/osteria-dei-maltagliati,Osteria dei Maltagliati,Torano Nuovo,Italy,restaurant,,€€,
michelin-2026-italy,michelin,2026,,Bib Gourmand,,https://guide.michelin.com/us/en/abruzzo/teramo/restaurant/oishi-teramo,Oishi,Teramo,Italy,restaurant,,€€,
michelin-2026-italy,michelin,2026,,Bib Gourmand,,https://guide.michelin.com/us/en/abruzzo/giulianova-lido/restaurant/osteria-dal-moro,Osteria dal Moro,Giulianova Lido,Italy,restaurant,,€,
michelin-2026-italy,michelin,2026,,Bib Gourmand,,https://guide.michelin.com/us/en/abruzzo/roseto-degli-abruzzi/restaurant/vecchia-marina,Vecchia Marina,Roseto degli Abruzzi,Italy,restaurant,,€€,
michelin-2026-italy,michelin,2026,,Bib Gourmand,,https://guide.michelin.com/us/en/abruzzo/civitella-casanova/restaurant/il-ritrovo-d-abruzzo,Il Ritrovo d'Abruzzo,Civitella Casanova,Italy,restaurant,,€€,
michelin-2026-italy,michelin,2026,,Bib Gourmand,,https://guide.michelin.com/us/en/abruzzo/pescara/restaurant/estro,Estrò,Pescara,Italy,restaurant,,€,
michelin-2026-italy,michelin,2026,,Bib Gourmand,,https://guide.michelin.com/us/en/abruzzo/pescara/restaurant/nole,Nole,Pescara,Italy,restaurant,,€€,
michelin-2026-italy,michelin,2026,,Bib Gourmand,,https://guide.michelin.com/us/en/lazio/carnello/restaurant/mingone,Mingone,Carnello,Italy,restaurant,,€,
michelin-2026-italy,michelin,2026,,Bib Gourmand,,https://guide.michelin.com/us/en/abruzzo/pescara/restaurant/taverna-58,Taverna 58,Pescara,Italy,restaurant,,€,
michelin-2026-italy,michelin,2026,,Bib Gourmand,,https://guide.michelin.com/us/en/abruzzo/sulmona/restaurant/clemente,Clemente,Sulmona,Italy,restaurant,,€€,
michelin-2026-italy,michelin,2026,,Bib Gourmand,,https://guide.michelin.com/us/en/abruzzo/caramanico-terme/restaurant/locanda-del-barone,Locanda del Barone,Caramanico Terme,Italy,restaurant,,€,
michelin-2026-italy,michelin,2026,,Bib Gourmand,,https://guide.michelin.com/us/en/abruzzo/pacentro/restaurant/taverna-dei-caldora,Taverna dei Caldora,Pacentro,Italy,restaurant,,€,
michelin-2026-italy,michelin,2026,,Bib Gourmand,,https://guide.michelin.com/us/en/abruzzo/rivisondoli/restaurant/da-giocondo,Da Giocondo,Rivisondoli,Italy,restaurant,,€,
michelin-2026-italy,michelin,2026,,Bib Gourmand,,https://guide.michelin.com/us/en/campania/limatola_1849192/restaurant/la-taverna-delle-follie,La Taverna delle Follie,Limatola,Italy,restaurant,,€€,
michelin-2026-italy,michelin,2026,,Bib Gourmand,,https://guide.michelin.com/us/en/campania/napoli/restaurant/ostaria-pignatelli,Ostaria Pignatelli,Naples,Italy,restaurant,,€,
michelin-2026-italy,michelin,2026,,Bib Gourmand,,https://guide.michelin.com/us/en/campania/napoli/restaurant/locanda-gesu-vecchio,La Locanda Gesù Vecchio,Naples,Italy,restaurant,,€,
michelin-2026-italy,michelin,2026,,Bib Gourmand,,https://guide.michelin.com/us/en/piemonte/annunziata/restaurant/la-torre139632,La Torre One Fire,Annunziata,Italy,restaurant,,€€,
michelin-2026-italy,michelin,2026,,Bib Gourmand,,https://guide.michelin.com/us/en/puglia/lesina/restaurant/le-antiche-sere,Le Antiche Sere,Lesina,Italy,restaurant,,€€,
michelin-2026-italy,michelin,2026,,Bib Gourmand,,https://guide.michelin.com/us/en/campania/sant--agata-sui-due-golfi/restaurant/lo-stuzzichino,Lo Stuzzichino,Sant'Agata sui Due Golfi,Italy,restaurant,,€€,
michelin-2026-italy,michelin,2026,,Bib Gourmand,,https://guide.michelin.com/us/en/campania/ospedaletto-d-alpinolo/restaurant/osteria-del-gallo-e-della-volpe,Osteria del Gallo e della Volpe,Ospedaletto d'Alpinolo,Italy,restaurant,,€,
michelin-2026-italy,michelin,2026,,Bib Gourmand,,https://guide.michelin.com/us/en/campania/nocera-superiore/restaurant/la-fratanza,La Fratanza,Nocera Superiore,Italy,restaurant,,€,
michelin-2026-italy,michelin,2026,,Bib Gourmand,,https://guide.michelin.com/us/en/puglia/lucera/restaurant/coquus,Coquus,Lucera,Italy,restaurant,,€€,
michelin-2026-italy,michelin,2026,,Bib Gourmand,,https://guide.michelin.com/us/en/campania/ariano-irpino/restaurant/la-pignata,La Pignata,Ariano Irpino,Italy,restaurant,,€,
michelin-2026-italy,michelin,2026,,Bib Gourmand,,https://guide.michelin.com/us/en/campania/cetara/restaurant/al-convento,Al Convento - Casa Torrente,Cetara,Italy,restaurant,,€€,
michelin-2026-italy,michelin,2026,,Bib Gourmand,,https://guide.michelin.com/us/en/campania/cetara/restaurant/la-dispensa-di-armatore,La Dispensa di Armatore,Cetara,Italy,restaurant,,€,
michelin-2026-italy,michelin,2026,,Bib Gourmand,,https://guide.michelin.com/us/en/campania/salerno/restaurant/bistrot-di-pescheria,Bistrot di Pescheria,Salerno,Italy,restaurant,,€€,
michelin-2026-italy,michelin,2026,,Bib Gourmand,,https://guide.michelin.com/us/en/sicilia/terrasini/restaurant/salotto-sul-mare,Salotto sul Mare,Terrasini,Italy,restaurant,,€,
michelin-2026-italy,michelin,2026,,Bib Gourmand,,https://guide.michelin.com/us/en/basilicata/melfi/restaurant/la-villa139895,La Villa,Melfi,Italy,restaurant,,€,
michelin-2026-italy,michelin,2026,,Bib Gourmand,,https://guide.michelin.com/us/en/sicilia/palermo/restaurant/buatta-cucina-popolana,Buatta Cucina Popolana,Palermo,Italy,restaurant,,€€,
michelin-2026-italy,michelin,2026,,Bib Gourmand,,https://guide.michelin.com/us/en/basilicata/lavello/restaurant/forentum,Forentum,Lavello,Italy,restaurant,,€,
michelin-2026-italy,michelin,2026,,Bib Gourmand,,https://guide.michelin.com/us/en/sicilia/bagheria/restaurant/tuma,TuMa,Bagheria,Italy,restaurant,,€,
michelin-2026-italy,michelin,2026,,Bib Gourmand,,https://guide.michelin.com/us/en/campania/vallo-della-lucania/restaurant/la-chioccia-d-oro,La Chioccia d'Oro,Vallo della Lucania,Italy,restaurant,,€,
michelin-2026-italy,michelin,2026,,Bib Gourmand,,https://guide.michelin.com/us/en/campania/pisciotta/restaurant/angiolina,Angiolina,Pisciotta,Italy,restaurant,,€€,
michelin-2026-italy,michelin,2026,,Bib Gourmand,,https://guide.michelin.com/us/en/puglia/montegrosso/restaurant/antichi-sapori,Antichi Sapori,Montegrosso,Italy,restaurant,,€€,
michelin-2026-italy,michelin,2026,,Bib Gourmand,,https://guide.michelin.com/us/en/puglia/andria/restaurant/il-turacciolo,Il Turacciolo,Andria,Italy,restaurant,,€€,
michelin-2026-italy,michelin,2026,,Bib Gourmand,,https://guide.michelin.com/us/en/puglia/ruvo-di-puglia/restaurant/u-p-e-p-i-d-d-e,Upepidde,Ruvo di Puglia,Italy,restaurant,,€€,
michelin-2026-italy,michelin,2026,,Bib Gourmand,,https://guide.michelin.com/us/en/basilicata/castelmezzano/restaurant/al-becco-della-civetta,Al Becco della Civetta,Castelmezzano,Italy,restaurant,,€€,
michelin-2026-italy,michelin,2026,,Bib Gourmand,,https://guide.michelin.com/us/en/sicilia/castelbuono/restaurant/nangalarruni,Nangalarruni,Castelbuono,Italy,restaurant,,€,
michelin-2026-italy,michelin,2026,,Bib Gourmand,,https://guide.michelin.com/us/en/sicilia/castelbuono/restaurant/palazzaccio,Palazzaccio,Castelbuono,Italy,restaurant,,€€,
michelin-2026-italy,michelin,2026,,Bib Gourmand,,https://guide.michelin.com/us/en/sicilia/agrigento/restaurant/osteria-expanificio,Osteria Expanificio,Agrigento,Italy,restaurant,,€,
michelin-2026-italy,michelin,2026,,Bib Gourmand,,https://guide.michelin.com/us/en/basilicata/terranova-di-pollino/restaurant/luna-rossa,Luna Rossa,Terranova di Pollino,Italy,restaurant,,€,
michelin-2026-italy,michelin,2026,,Bib Gourmand,,https://guide.michelin.com/us/en/sicilia/capri-leone/restaurant/antica-filanda,Antica Filanda,Capri Leone,Italy,restaurant,,€€,
michelin-2026-italy,michelin,2026,,Bib Gourmand,,https://guide.michelin.com/us/en/sicilia/randazzo/restaurant/veneziano,Veneziano,Randazzo,Italy,restaurant,,€€,
michelin-2026-italy,michelin,2026,,Bib Gourmand,,https://guide.michelin.com/us/en/puglia/crispiano/restaurant/la-cuccagna,La Cuccagna Giro di Vite,Crispiano,Italy,restaurant,,€€,
michelin-2026-italy,michelin,2026,,Bib Gourmand,,https://guide.michelin.com/us/en/puglia/martina-franca_1852170/restaurant/bros-trattoria,Bros' Trattoria,Martina Franca,Italy,restaurant,,€€,
michelin-2026-italy,michelin,2026,,Bib Gourmand,,https://guide.michelin.com/us/en/sicilia/linguaglossa/restaurant/in-cucina-dai-pennisi,In Cucina dai Pennisi,Linguaglossa,Italy,restaurant,,€€,
michelin-2026-italy,michelin,2026,,Bib Gourmand,,https://guide.michelin.com/us/en/puglia/ostuni/restaurant/osteria-piazzetta-cattedrale,Osteria Piazzetta Cattedrale,Ostuni,Italy,restaurant,,€€,
michelin-2026-italy,michelin,2026,,Bib Gourmand,,https://guide.michelin.com/us/en/puglia/ceglie-messapica/restaurant/cibus,Cibus,Ceglie Messapica,Italy,restaurant,,€€,
michelin-2026-italy,michelin,2026,,Bib Gourmand,,https://guide.michelin.com/us/en/puglia/san-marzano-di-san-giuseppe_1853441/restaurant/vez,Vez,San Marzano di San Giuseppe,Italy,restaurant,,€€,
michelin-2026-italy,michelin,2026,,Bib Gourmand,,https://guide.michelin.com/us/en/calabria/villa-san-giovanni/restaurant/vecchio-porto,Vecchio Porto,Villa San Giovanni,Italy,restaurant,,€,
michelin-2026-italy,michelin,2026,,Bib Gourmand,,https://guide.michelin.com/us/en/sicilia/catania/restaurant/me-cumpari-turiddu,Me Cumpari Turiddu,Catania,Italy,restaurant,,€€,
michelin-2026-italy,michelin,2026,,Bib Gourmand,,https://guide.michelin.com/us/en/calabria/bagnara-calabra/restaurant/taverna-kerkira,Taverna Kerkira,Bagnara Calabra,Italy,restaurant,,€€,
michelin-2026-italy,michelin,2026,,Bib Gourmand,,https://guide.michelin.com/us/en/sicilia/palazzolo-acreide/restaurant/andrea-sapori-montani,Andrea - Sapori Montani,Palazzolo Acreide,Italy,restaurant,,€€,
